gid,role,role_score,cluster_id,priority_score,evidence
100000000343175100,distributor,0.896797153024911,12,0.9468522447303584,"Признаки распределения средств: вход: 8 контр., 14 пер., 178712 KZT; выход: 31 контр., 33 пер., 4000039 KZT."
100000000456947100,peripheral,0.35,72,0.2072852792225568,"Слабо выраженная роль в наблюдаемом графе: вход: 0 контр., 0 пер., 0 KZT; выход: 0 контр., 0 пер., 0 KZT."
100000000580561100,distributor,0.8599644128113879,42,0.8833513550506433,"Признаки распределения средств: вход: 2 контр., 3 пер., 27980 KZT; выход: 3 контр., 13 пер., 1488077 KZT."
100000001415126100,terminal,0.6346641459074733,20,0.5966192170818506,"Вероятный конечный получатель в наблюдаемом графе: вход: 1 контр., 1 пер., 27000 KZT; выход: 0 контр., 0 пер., 0 KZT."
100000001429930100,terminal,0.6346641459074733,14,0.5617797016151108,"Вероятный конечный получатель в наблюдаемом графе: вход: 1 контр., 1 пер., 26000 KZT; выход: 0 контр., 0 пер., 0 KZT."
100000001616816100,consolidator,0.8915925266903915,5,0.9459714618122089,"Признаки аккумуляции средств: вход: 5 контр., 12 пер., 176195 KZT; выход: 3 контр., 10 пер., 181326 KZT."
100000001732159100,distributor,0.8705738434163701,10,0.930074596222283,"Признаки распределения средств: вход: 2 контр., 30 пер., 2378100 KZT; выход: 4 контр., 23 пер., 1505966 KZT."
100000002527114100,distributor,0.899799822064057,3,0.9572741582261154,"Признаки распределения средств: вход: 3 контр., 4 пер., 129000 KZT; выход: 111 контр., 113 пер., 3289249 KZT."
100000002916006100,peripheral,0.44835409252669034,20,0.329904359430605,"Слабо выраженная роль в наблюдаемом графе: вход: 0 контр., 0 пер., 0 KZT; выход: 1 контр., 1 пер., 32000 KZT."
100000003016635100,distributor,0.8991992882562277,1,0.9753428688748971,"Признаки распределения средств: вход: 8 контр., 36 пер., 586981 KZT; выход: 73 контр., 151 пер., 9414081 KZT."
100000003200071100,peripheral,0.4424822064056939,68,0.2890872228305503,"Слабо выраженная роль в наблюдаемом графе: вход: 0 контр., 0 пер., 0 KZT; выход: 1 контр., 1 пер., 30000 KZT."
100000003265658100,peripheral,0.35,73,0.2072852792225568,"Слабо выраженная роль в наблюдаемом графе: вход: 0 контр., 0 пер., 0 KZT; выход: 0 контр., 0 пер., 0 KZT."
100000003349739100,peripheral,0.35,74,0.2072852792225568,"Слабо выраженная роль в наблюдаемом графе: вход: 0 контр., 0 пер., 0 KZT; выход: 0 контр., 0 пер., 0 KZT."
100000003684369100,distributor,0.8987989323843417,2,0.9827764850807554,"Признаки распределения средств: вход: 24 контр., 58 пер., 3848436 KZT; выход: 62 контр., 67 пер., 8588655 KZT."
100000003770083100,peripheral,0.35,75,0.2072852792225568,"Слабо выраженная роль в наблюдаемом графе: вход: 0 контр., 0 пер., 0 KZT; выход: 0 контр., 0 пер., 0 KZT."
100000003975102100,peripheral,0.5322953736654804,1,0.6746622638926909,"Слабо выраженная роль в наблюдаемом графе: вход: 1 контр., 1 пер., 25650 KZT; выход: 2 контр., 2 пер., 88500 KZT."
100000003977183100,distributor,0.8705738434163701,5,0.7119323159047357,"Признаки распределения средств: вход: 2 контр., 2 пер., 123800 KZT; выход: 4 контр., 6 пер., 766000 KZT."
100000004007116100,distributor,0.8705738434163701,25,0.8069590062961948,"Признаки распределения средств: вход: 3 контр., 24 пер., 764704 KZT; выход: 4 контр., 6 пер., 148000 KZT."
100000004019124100,terminal,0.8711743772241993,1,0.7766729400492747,"Вероятный конечный получатель в наблюдаемом графе: вход: 3 контр., 3 пер., 193000 KZT; выход: 0 контр., 0 пер., 0 KZT."
100000004021459100,peripheral,0.35,76,0.2072852792225568,"Слабо выраженная роль в наблюдаемом графе: вход: 0 контр., 0 пер., 0 KZT; выход: 0 контр., 0 пер., 0 KZT."
100000004041163100,coordinator,0.7849088078291815,20,0.9368772241992882,"Структурно значимый посредник, рекомендуется проверка: вход: 1 контр., 1 пер., 50000 KZT; выход: 2 контр., 6 пер., 866000 KZT."
100000004174835100,peripheral,0.35,77,0.2072852792225568,"Слабо выраженная роль в наблюдаемом графе: вход: 0 контр., 0 пер., 0 KZT; выход: 0 контр., 0 пер., 0 KZT."
100000004193835100,peripheral,0.4829848754448398,1,0.696339310156036,"Слабо выраженная роль в наблюдаемом графе: вход: 1 контр., 1 пер., 47000 KZT; выход: 1 контр., 1 пер., 5000 KZT."
100000004269433100,peripheral,0.6339857651245551,59,0.3884555502326855,"Слабо выраженная роль в наблюдаемом графе: вход: 0 контр., 0 пер., 0 KZT; выход: 1 контр., 67 пер., 1372000 KZT."
100000004358004100,distributor,0.8889902135231318,2,0.5189263961127841,"Признаки распределения средств: вход: 0 контр., 0 пер., 0 KZT; выход: 11 контр., 17 пер., 980850 KZT."
100000004388983100,peripheral,0.6035587188612099,65,0.37700331918970714,"Слабо выраженная роль в наблюдаемом графе: вход: 0 контр., 0 пер., 0 KZT; выход: 2 контр., 23 пер., 450816 KZT."
100000004714705100,peripheral,0.45556049822064054,20,0.3332673487544484,"Слабо выраженная роль в наблюдаемом графе: вход: 0 контр., 0 пер., 0 KZT; выход: 1 контр., 1 пер., 36550 KZT."
100000004723755100,peripheral,0.5199510676156583,2,0.3767778196003285,"Слабо выраженная роль в наблюдаемом графе: вход: 0 контр., 0 пер., 0 KZT; выход: 1 контр., 5 пер., 95000 KZT."
100000004813068100,distributor,0.8599644128113879,24,0.47559557213249387,"Признаки распределения средств: вход: 0 контр., 0 пер., 0 KZT; выход: 3 контр., 5 пер., 297000 KZT."
100000004971871100,peripheral,0.44608540925266904,57,0.6321855324390911,"Слабо выраженная роль в наблюдаемом графе: вход: 1 контр., 3 пер., 25400 KZT; выход: 1 контр., 1 пер., 5650 KZT."
100000005017150100,peripheral,0.35,78,0.2072852792225568,"Слабо выраженная роль в наблюдаемом графе: вход: 0 контр., 0 пер., 0 KZT; выход: 0 контр., 0 пер., 0 KZT."
100000005087431100,peripheral,0.35,79,0.2072852792225568,"Слабо выраженная роль в наблюдаемом графе: вход: 0 контр., 0 пер., 0 KZT; выход: 0 контр., 0 пер., 0 KZT."
100000005235389100,peripheral,0.35,80,0.2072852792225568,"Слабо выраженная роль в наблюдаемом графе: вход: 0 контр., 0 пер., 0 KZT; выход: 0 контр., 0 пер., 0 KZT."
100000005264990100,coordinator,0.81293371886121,20,0.7956717081850534,"Структурно значимый посредник, рекомендуется проверка: вход: 1 контр., 1 пер., 17070 KZT; выход: 2 контр., 2 пер., 122000 KZT."
100000005370580100,terminal,0.6346641459074733,14,0.5552138653161786,"Вероятный конечный получатель в наблюдаемом графе: вход: 1 контр., 1 пер., 24075 KZT; выход: 0 контр., 0 пер., 0 KZT."
100000005382566100,consolidator,0.8961966192170818,20,0.9279048042704626,"Признаки аккумуляции средств: вход: 7 контр., 11 пер., 393066 KZT; выход: 1 контр., 1 пер., 50000 KZT."
100000005386383100,consolidator,0.835442615658363,20,0.7961521352313168,"Признаки аккумуляции средств: вход: 2 контр., 2 пер., 37500 KZT; выход: 1 контр., 1 пер., 29000 KZT."
100000005392290100,peripheral,0.5075400355871886,69,0.31944754311524776,"Слабо выраженная роль в наблюдаемом графе: вход: 0 контр., 0 пер., 0 KZT; выход: 1 контр., 1 пер., 81465 KZT."
100000005395727100,terminal,0.6346641459074733,1,0.5735012318642211,"Вероятный конечный получатель в наблюдаемом графе: вход: 1 контр., 1 пер., 17000 KZT; выход: 0 контр., 0 пер., 0 KZT."
100000005409680100,terminal,0.835442615658363,4,0.7110245004106215,"Вероятный конечный получатель в наблюдаемом графе: вход: 2 контр., 2 пер., 55060 KZT; выход: 0 контр., 0 пер., 0 KZT."
100000005417257100,peripheral,0.5280916370106761,20,0.37524688612099644,"Слабо выраженная роль в наблюдаемом графе: вход: 0 контр., 0 пер., 0 KZT; выход: 2 контр., 2 пер., 106000 KZT."
100000005454368100,terminal,0.835442615658363,14,0.6249291678072817,"Вероятный конечный получатель в наблюдаемом графе: вход: 2 контр., 2 пер., 48600 KZT; выход: 0 контр., 0 пер., 0 KZT."
100000005480435100,peripheral,0.35,81,0.2072852792225568,"Слабо выраженная роль в наблюдаемом графе: вход: 0 контр., 0 пер., 0 KZT; выход: 0 контр., 0 пер., 0 KZT."
100000005485830100,distributor,0.8762789145907474,44,0.46187671092252947,"Признаки распределения средств: вход: 0 контр., 0 пер., 0 KZT; выход: 5 контр., 9 пер., 275885 KZT."
100000005493505100,terminal,0.8711743772241993,2,0.7166154530522858,"Вероятный конечный получатель в наблюдаемом графе: вход: 3 контр., 3 пер., 62020 KZT; выход: 0 контр., 0 пер., 0 KZT."
100000005495722100,peripheral,0.35,82,0.2072852792225568,"Слабо выраженная роль в наблюдаемом графе: вход: 0 контр., 0 пер., 0 KZT; выход: 0 контр., 0 пер., 0 KZT."
100000005498992100,distributor,0.8926935053380782,18,0.5144389885026006,"Признаки распределения средств: вход: 0 контр., 0 пер., 0 KZT; выход: 16 контр., 19 пер., 2262868 KZT."
100000005519347100,consolidator,0.835442615658363,1,0.8433677799069257,"Признаки аккумуляции средств: вход: 2 контр., 2 пер., 73100 KZT; выход: 1 контр., 1 пер., 99000 KZT."
100000005523088100,terminal,0.6346641459074733,20,0.7960320284697509,"Вероятный конечный получатель в наблюдаемом графе: вход: 1 контр., 2 пер., 700000 KZT; выход: 0 контр., 0 пер., 0 KZT."
100000005543136100,peripheral,0.3736209964412811,2,0.3084904530522858,"Слабо выраженная роль в наблюдаемом графе: вход: 0 контр., 0 пер., 0 KZT; выход: 1 контр., 1 пер., 10000 KZT."
100000005550592100,peripheral,0.35,83,0.2072852792225568,"Слабо выраженная роль в наблюдаемом графе: вход: 0 контр., 0 пер., 0 KZT; выход: 0 контр., 0 пер., 0 KZT."
100000005560900100,peripheral,0.35,84,0.2072852792225568,"Слабо выраженная роль в наблюдаемом графе: вход: 0 контр., 0 пер., 0 KZT; выход: 0 контр., 0 пер., 0 KZT."
100000005568407100,peripheral,0.35,85,0.2072852792225568,"Слабо выраженная роль в наблюдаемом графе: вход: 0 контр., 0 пер., 0 KZT; выход: 0 контр., 0 пер., 0 KZT."
100000005668605100,terminal,0.8711743772241993,20,0.7301512455516014,"Вероятный конечный получатель в наблюдаемом графе: вход: 3 контр., 3 пер., 94500 KZT; выход: 0 контр., 0 пер., 0 KZT."
100000005744674100,peripheral,0.48038256227758,20,0.3448509786476868,"Слабо выраженная роль в наблюдаемом графе: вход: 0 контр., 0 пер., 0 KZT; выход: 1 контр., 2 пер., 50066 KZT."
100000006232815100,distributor,0.8762789145907474,29,0.7814135641938131,"Признаки распределения средств: вход: 1 контр., 2 пер., 160000 KZT; выход: 5 контр., 5 пер., 296500 KZT."
100000006249740100,distributor,0.8599644128113879,52,0.42577556118258963,"Признаки распределения средств: вход: 0 контр., 0 пер., 0 KZT; выход: 3 контр., 5 пер., 93007 KZT."
100000006831291100,peripheral,0.3915702846975089,52,0.2799437106487819,"Слабо выраженная роль в наблюдаемом графе: вход: 0 контр., 0 пер., 0 KZT; выход: 1 контр., 3 пер., 15000 KZT."
100000006866783100,distributor,0.8989991103202848,0,0.9674644128113878,"Признаки распределения средств: вход: 13 контр., 31 пер., 838812 KZT; выход: 67 контр., 90 пер., 3948037 KZT."
100000007018630100,peripheral,0.5631895017793593,60,0.3500326786203121,"Слабо выраженная роль в наблюдаемом графе: вход: 0 контр., 0 пер., 0 KZT; выход: 1 контр., 5 пер., 200000 KZT."
100000007747786100,distributor,0.896797153024911,5,0.5272236860114974,"Признаки распределения средств: вход: 0 контр., 0 пер., 0 KZT; выход: 31 контр., 35 пер., 4238009 KZT."
100000007982728100,distributor,0.8853870106761565,5,0.5213962838762661,"Признаки распределения средств: вход: 0 контр., 0 пер., 0 KZT; выход: 8 контр., 12 пер., 1804384 KZT."
100000008117324100,peripheral,0.35,86,0.2072852792225568,"Слабо выраженная роль в наблюдаемом графе: вход: 0 контр., 0 пер., 0 KZT; выход: 0 контр., 0 пер., 0 KZT."
100000008205000100,peripheral,0.35,87,0.2072852792225568,"Слабо выраженная роль в наблюдаемом графе: вход: 0 контр., 0 пер., 0 KZT; выход: 0 контр., 0 пер., 0 KZT."
100000008314203100,transit,0.8148068019595065,10,0.7490203257596494,"Признаки транзита, доля дальнейшего перевода 0.86: вход: 2 контр., 10 пер., 382076 KZT; выход: 2 контр., 13 пер., 327000 KZT."
100000008418835100,distributor,0.8705738434163701,59,0.7520431836846427,"Признаки распределения средств: вход: 1 контр., 67 пер., 1372000 KZT; выход: 4 контр., 6 пер., 186179 KZT."
100000008513251100,peripheral,0.35,88,0.2072852792225568,"Слабо выраженная роль в наблюдаемом графе: вход: 0 контр., 0 пер., 0 KZT; выход: 0 контр., 0 пер., 0 KZT."
100000008516839100,terminal,0.8711743772241993,20,0.7530115658362989,"Вероятный конечный получатель в наблюдаемом графе: вход: 3 контр., 4 пер., 155000 KZT; выход: 0 контр., 0 пер., 0 KZT."
100000008522127100,peripheral,0.5427713523131672,63,0.34050420886942245,"Слабо выраженная роль в наблюдаемом графе: вход: 0 контр., 0 пер., 0 KZT; выход: 1 контр., 3 пер., 145000 KZT."
100000008571433100,coordinator,0.6763678825622775,51,0.8355153298658636,"Структурно значимый посредник, рекомендуется проверка: вход: 2 контр., 2 пер., 350000 KZT; выход: 2 контр., 3 пер., 1434000 KZT."
100000008575624100,distributor,0.8599644128113879,47,0.42883400629619495,"Признаки распределения средств: вход: 0 контр., 0 пер., 0 KZT; выход: 3 контр., 5 пер., 89500 KZT."
100000008601794100,consolidator,0.835442615658363,54,0.8257976320832191,"Признаки аккумуляции средств: вход: 2 контр., 8 пер., 494400 KZT; выход: 1 контр., 13 пер., 871400 KZT."
100000008637537100,coordinator,0.8223198398576512,10,0.9482018204215712,"Структурно значимый посредник, рекомендуется проверка: вход: 3 контр., 22 пер., 619890 KZT; выход: 3 контр., 30 пер., 2351495 KZT."
100000008650785100,transit,0.8382865542317808,1,0.8575181357788119,"Признаки транзита, доля дальнейшего перевода 1.31: вход: 2 контр., 2 пер., 92000 KZT; выход: 2 контр., 2 пер., 120120 KZT."
100000008654653100,peripheral,0.48652135231316723,1,0.36194651656173016,"Слабо выраженная роль в наблюдаемом графе: вход: 0 контр., 0 пер., 0 KZT; выход: 1 контр., 1 пер., 54000 KZT."
100000008659445100,distributor,0.8705738434163701,41,0.8331734191075828,"Признаки распределения средств: вход: 3 контр., 7 пер., 138490 KZT; выход: 4 контр., 18 пер., 875150 KZT."
100000008669037100,peripheral,0.35,89,0.2072852792225568,"Слабо выраженная роль в наблюдаемом графе: вход: 0 контр., 0 пер., 0 KZT; выход: 0 контр., 0 пер., 0 KZT."
100000008673001100,terminal,0.6346641459074733,20,0.6469706405693951,"Вероятный конечный получатель в наблюдаемом графе: вход: 1 контр., 1 пер., 80000 KZT; выход: 0 контр., 0 пер., 0 KZT."
100000008680731100,distributor,0.8963967971530249,11,0.5167343621680811,"Признаки распределения средств: вход: 0 контр., 0 пер., 0 KZT; выход: 27 контр., 28 пер., 1464354 KZT."
100000008701222100,peripheral,0.35,90,0.2072852792225568,"Слабо выраженная роль в наблюдаемом графе: вход: 0 контр., 0 пер., 0 KZT; выход: 0 контр., 0 пер., 0 KZT."
100000008738325100,peripheral,0.516414590747331,20,0.7082339857651246,"Слабо выраженная роль в наблюдаемом графе: вход: 1 контр., 1 пер., 36550 KZT; выход: 1 контр., 1 пер., 54000 KZT."
100000003134937100,terminal,0.6346641459074733,1,0.2835635094442924,"Вероятный конечный получатель в наблюдаемом графе: вход: 1 контр., 1 пер., 10286 KZT; выход: 0 контр., 0 пер., 0 KZT."
100000005074393100,distributor,0.8804826512455517,14,0.9063081713660005,"Признаки распределения средств: вход: 4 контр., 5 пер., 563026 KZT; выход: 6 контр., 10 пер., 685500 KZT."
100000001924185100,terminal,0.835442615658363,12,0.5419812482890775,"Вероятный конечный получатель в наблюдаемом графе: вход: 2 контр., 2 пер., 151000 KZT; выход: 0 контр., 0 пер., 0 KZT."
100000004070318100,distributor,0.8941948398576514,0,0.76125,"Признаки распределения средств: вход: 4 контр., 6 пер., 207247 KZT; выход: 19 контр., 37 пер., 551860 KZT."
100000005807278100,terminal,0.6346641459074733,44,0.32036203120722695,"Вероятный конечный получатель в наблюдаемом графе: вход: 1 контр., 1 пер., 8385 KZT; выход: 0 контр., 0 пер., 0 KZT."
100000003377795100,terminal,0.6346641459074733,5,0.26675437996167534,"Вероятный конечный получатель в наблюдаемом графе: вход: 1 контр., 1 пер., 7000 KZT; выход: 0 контр., 0 пер., 0 KZT."
100000004330371100,coordinator,0.7849088078291815,1,0.8852894880919792,"Структурно значимый посредник, рекомендуется проверка: вход: 2 контр., 12 пер., 264171 KZT; выход: 2 контр., 6 пер., 90681 KZT."
100000008165763100,transit,0.9191371099797105,2,0.9009437448672324,"Признаки транзита, доля дальнейшего перевода 1.09: вход: 15 контр., 26 пер., 1165815 KZT; выход: 17 контр., 17 пер., 1267858 KZT."
100000001684867100,terminal,0.6346641459074733,1,0.3448757870243636,"Вероятный конечный получатель в наблюдаемом графе: вход: 1 контр., 1 пер., 30550 KZT; выход: 0 контр., 0 пер., 0 KZT."
100000003900547100,terminal,0.6346641459074733,1,0.32086777990692583,"Вероятный конечный получатель в наблюдаемом графе: вход: 1 контр., 1 пер., 23700 KZT; выход: 0 контр., 0 пер., 0 KZT."
100000006656003100,peripheral,0.43914590747330956,3,0.3519360799343006,"Слабо выраженная роль в наблюдаемом графе: вход: 1 контр., 1 пер., 20000 KZT; выход: 1 контр., 1 пер., 9000 KZT."
100000008237827100,terminal,0.6346641459074733,2,0.4031768409526416,"Вероятный конечный получатель в наблюдаемом графе: вход: 1 контр., 1 пер., 40001 KZT; выход: 0 контр., 0 пер., 0 KZT."
100000003014659100,terminal,0.6346641459074733,12,0.5683113194634546,"Вероятный конечный получатель в наблюдаемом графе: вход: 1 контр., 1 пер., 280000 KZT; выход: 0 контр., 0 пер., 0 KZT."
100000007939160100,peripheral,0.6227758007117438,42,0.7487784013139885,"Слабо выраженная роль в наблюдаемом графе: вход: 1 контр., 2 пер., 795000 KZT; выход: 2 контр., 2 пер., 14300 KZT."
100000007274584100,terminal,0.6346641459074733,2,0.3978521078565562,"Вероятный конечный получатель в наблюдаемом графе: вход: 1 контр., 1 пер., 38000 KZT; выход: 0 контр., 0 пер., 0 KZT."
100000001524952100,terminal,0.6346641459074733,0,0.49431494661921704,"Вероятный конечный получатель в наблюдаемом графе: вход: 1 контр., 1 пер., 103807 KZT; выход: 0 контр., 0 пер., 0 KZT."
100000003131693100,terminal,0.6346641459074733,2,0.6098894744045991,"Вероятный конечный получатель в наблюдаемом графе: вход: 1 контр., 1 пер., 353277 KZT; выход: 0 контр., 0 пер., 0 KZT."
100000008383405100,terminal,0.6346641459074733,24,0.4326040240897892,"Вероятный конечный получатель в наблюдаемом графе: вход: 1 контр., 2 пер., 25000 KZT; выход: 0 контр., 0 пер., 0 KZT."
100000008736173100,terminal,0.6346641459074733,3,0.38213625787024363,"Вероятный конечный получатель в наблюдаемом графе: вход: 1 контр., 1 пер., 31060 KZT; выход: 0 контр., 0 пер., 0 KZT."
100000002861485100,terminal,0.6346641459074733,1,0.33905283328770874,"Вероятный конечный получатель в наблюдаемом графе: вход: 1 контр., 1 пер., 29323 KZT; выход: 0 контр., 0 пер., 0 KZT."
100000008745474100,terminal,0.6346641459074733,3,0.4069850123186422,"Вероятный конечный получатель в наблюдаемом графе: вход: 1 контр., 1 пер., 40559 KZT; выход: 0 контр., 0 пер., 0 KZT."
100000008691330100,terminal,0.6346641459074733,3,0.3473230906104572,"Вероятный конечный получатель в наблюдаемом графе: вход: 1 контр., 1 пер., 21440 KZT; выход: 0 контр., 0 пер., 0 KZT."
100000007639767100,distributor,0.8878892348754448,32,0.7021663701067616,"Признаки распределения средств: вход: 4 контр., 4 пер., 90913 KZT; выход: 10 контр., 13 пер., 822244 KZT."
100000002921047100,consolidator,0.835442615658363,5,0.723956337257049,"Признаки аккумуляции средств: вход: 2 контр., 2 пер., 338000 KZT; выход: 1 контр., 1 пер., 163000 KZT."
100000004783447100,terminal,0.6346641459074733,3,0.36560156036134683,"Вероятный конечный получатель в наблюдаемом графе: вход: 1 контр., 1 пер., 26200 KZT; выход: 0 контр., 0 пер., 0 KZT."
100000008696919100,terminal,0.6346641459074733,3,0.3849076101834109,"Вероятный конечный получатель в наблюдаемом графе: вход: 1 контр., 1 пер., 31945 KZT; выход: 0 контр., 0 пер., 0 KZT."
100000008736940100,coordinator,0.6871441281138789,41,0.7974349849438819,"Структурно значимый посредник, рекомендуется проверка: вход: 3 контр., 13 пер., 451090 KZT; выход: 3 контр., 6 пер., 182100 KZT."
100000005940652100,terminal,0.6346641459074733,10,0.2866359841226389,"Вероятный конечный получатель в наблюдаемом графе: вход: 1 контр., 1 пер., 8395 KZT; выход: 0 контр., 0 пер., 0 KZT."
100000004180097100,coordinator,0.8331628113879004,0,0.8821085409252669,"Структурно значимый посредник, рекомендуется проверка: вход: 3 контр., 5 пер., 104854 KZT; выход: 3 контр., 7 пер., 47800 KZT."
100000005539201100,coordinator,0.789123665480427,1,0.5786791678072817,"Структурно значимый посредник, рекомендуется проверка: вход: 1 контр., 1 пер., 45504 KZT; выход: 1 контр., 1 пер., 25000 KZT."
100000005620225100,terminal,0.835442615658363,0,0.4655071174377224,"Вероятный конечный получатель в наблюдаемом графе: вход: 2 контр., 2 пер., 49846 KZT; выход: 0 контр., 0 пер., 0 KZT."
100000004388353100,terminal,0.835442615658363,12,0.5642766219545579,"Вероятный конечный получатель в наблюдаемом графе: вход: 2 контр., 2 пер., 62960 KZT; выход: 0 контр., 0 пер., 0 KZT."
100000007442518100,distributor,0.886788256227758,30,0.8835665891048453,"Признаки распределения средств: вход: 5 контр., 8 пер., 510000 KZT; выход: 9 контр., 12 пер., 4419999 KZT."
100000000267734100,distributor,0.8833852313167261,5,0.8354109635915685,"Признаки распределения средств: вход: 2 контр., 4 пер., 180000 KZT; выход: 7 контр., 8 пер., 282000 KZT."
100000001987030100,consolidator,0.835442615658363,1,0.5942263208321927,"Признаки аккумуляции средств: вход: 2 контр., 2 пер., 30864 KZT; выход: 1 контр., 1 пер., 19000 KZT."
100000002603478100,terminal,0.6346641459074733,11,0.3345101628798248,"Вероятный конечный получатель в наблюдаемом графе: вход: 1 контр., 1 пер., 23500 KZT; выход: 0 контр., 0 пер., 0 KZT."
100000001380054100,distributor,0.8599644128113879,29,0.7602525321653435,"Признаки распределения средств: вход: 2 контр., 2 пер., 127050 KZT; выход: 3 контр., 4 пер., 360000 KZT."
100000002992171100,terminal,0.6346641459074733,3,0.311887147549959,"Вероятный конечный получатель в наблюдаемом графе: вход: 1 контр., 1 пер., 14627 KZT; выход: 0 контр., 0 пер., 0 KZT."
100000002781227100,distributor,0.8599644128113879,63,0.7633400629619491,"Признаки распределения средств: вход: 2 контр., 8 пер., 191168 KZT; выход: 3 контр., 10 пер., 212420 KZT."
100000008745643100,terminal,0.6346641459074733,3,0.3433996030659732,"Вероятный конечный получатель в наблюдаемом графе: вход: 1 контр., 1 пер., 20313 KZT; выход: 0 контр., 0 пер., 0 KZT."
100000002836736100,terminal,0.835442615658363,5,0.6717543799616754,"Вероятный конечный получатель в наблюдаемом графе: вход: 2 контр., 2 пер., 509000 KZT; выход: 0 контр., 0 пер., 0 KZT."
100000004188160100,distributor,0.8762789145907474,1,0.6762814809745414,"Признаки распределения средств: вход: 2 контр., 5 пер., 87862 KZT; выход: 5 контр., 6 пер., 133846 KZT."
100000004841728100,terminal,0.6346641459074733,3,0.43261223651793046,"Вероятный конечный получатель в наблюдаемом графе: вход: 1 контр., 1 пер., 52208 KZT; выход: 0 контр., 0 пер., 0 KZT."
100000001554432100,terminal,0.6346641459074733,2,0.43344374486723236,"Вероятный конечный получатель в наблюдаемом графе: вход: 1 контр., 1 пер., 53920 KZT; выход: 0 контр., 0 пер., 0 KZT."
100000008768896100,terminal,0.6346641459074733,3,0.420577094169176,"Вероятный конечный получатель в наблюдаемом графе: вход: 1 контр., 1 пер., 47060 KZT; выход: 0 контр., 0 пер., 0 KZT."
100000008232832100,peripheral,0.6060275800711743,10,0.6385132083219272,"Слабо выраженная роль в наблюдаемом графе: вход: 1 контр., 2 пер., 337000 KZT; выход: 1 контр., 1 пер., 138000 KZT."
100000002864256100,terminal,0.6346641459074733,2,0.5237551327675882,"Вероятный конечный получатель в наблюдаемом графе: вход: 1 контр., 1 пер., 135780 KZT; выход: 0 контр., 0 пер., 0 KZT."
100000001929088100,terminal,0.835442615658363,5,0.5887695045168354,"Вероятный конечный получатель в наблюдаемом графе: вход: 2 контр., 2 пер., 396010 KZT; выход: 0 контр., 0 пер., 0 KZT."
100000002794197100,terminal,0.6346641459074733,5,0.31819566110046543,"Вероятный конечный получатель в наблюдаемом графе: вход: 1 контр., 1 пер., 30100 KZT; выход: 0 контр., 0 пер., 0 KZT."
100000005669845100,terminal,0.6346641459074733,29,0.45642468519025453,"Вероятный конечный получатель в наблюдаемом графе: вход: 1 контр., 1 пер., 20000 KZT; выход: 0 контр., 0 пер., 0 KZT."
100000002211413100,terminal,0.6346641459074733,3,0.3977056528880372,"Вероятный конечный получатель в наблюдаемом графе: вход: 1 контр., 1 пер., 37000 KZT; выход: 0 контр., 0 пер., 0 KZT."
100000002784085100,terminal,0.6346641459074733,18,0.5042632767588283,"Вероятный конечный получатель в наблюдаемом графе: вход: 1 контр., 1 пер., 200000 KZT; выход: 0 контр., 0 пер., 0 KZT."
100000008782421100,terminal,0.6346641459074733,3,0.4259173966602792,"Вероятный конечный получатель в наблюдаемом графе: вход: 1 контр., 1 пер., 49680 KZT; выход: 0 контр., 0 пер., 0 KZT."
100000003739818100,terminal,0.6346641459074733,2,0.4394846701341363,"Вероятный конечный получатель в наблюдаемом графе: вход: 1 контр., 1 пер., 57293 KZT; выход: 0 контр., 0 пер., 0 KZT."
100000002214570100,terminal,0.6346641459074733,3,0.36678483438269915,"Вероятный конечный получатель в наблюдаемом графе: вход: 1 контр., 1 пер., 26471 KZT; выход: 0 контр., 0 пер., 0 KZT."
100000006443391100,consolidator,0.8711743772241993,18,0.7731867643033123,"Признаки аккумуляции средств: вход: 3 контр., 7 пер., 86776 KZT; выход: 2 контр., 6 пер., 60042 KZT."
100000005473151100,distributor,0.8705738434163701,7,0.8426358472488367,"Признаки распределения средств: вход: 3 контр., 4 пер., 1220000 KZT; выход: 4 контр., 6 пер., 225000 KZT."
100000005124479100,coordinator,0.8067059608540925,0,0.6869395017793594,"Структурно значимый посредник, рекомендуется проверка: вход: 2 контр., 2 пер., 137753 KZT; выход: 2 контр., 2 пер., 22000 KZT."
100000005527892100,distributor,0.8853870106761565,21,0.7371780043799617,"Признаки распределения средств: вход: 3 контр., 3 пер., 220001 KZT; выход: 8 контр., 8 пер., 552419 KZT."
100000008028628100,terminal,0.6346641459074733,3,0.4407705995072543,"Вероятный конечный получатель в наблюдаемом графе: вход: 1 контр., 1 пер., 57224 KZT; выход: 0 контр., 0 пер., 0 KZT."
100000001953577100,terminal,0.6346641459074733,3,0.31948501231864224,"Вероятный конечный получатель в наблюдаемом графе: вход: 1 контр., 1 пер., 15600 KZT; выход: 0 контр., 0 пер., 0 KZT."
100000008193577100,distributor,0.8762789145907474,41,0.7758291130577608,"Признаки распределения средств: вход: 2 контр., 6 пер., 154300 KZT; выход: 5 контр., 16 пер., 480180 KZT."
100000008753193100,terminal,0.6346641459074733,3,0.39319052833287704,"Вероятный конечный получатель в наблюдаемом графе: вход: 1 контр., 1 пер., 35225 KZT; выход: 0 контр., 0 пер., 0 KZT."
100000008746025100,terminal,0.6346641459074733,3,0.3488177525321654,"Вероятный конечный получатель в наблюдаемом графе: вход: 1 контр., 1 пер., 22000 KZT; выход: 0 контр., 0 пер., 0 KZT."
100000002934441100,terminal,0.835442615658363,0,0.5047419928825623,"Вероятный конечный получатель в наблюдаемом графе: вход: 2 контр., 2 пер., 60846 KZT; выход: 0 контр., 0 пер., 0 KZT."
100000003701161100,consolidator,0.8860876334519574,23,0.9109954147276211,"Признаки аккумуляции средств: вход: 4 контр., 13 пер., 1527103 KZT; выход: 3 контр., 7 пер., 349000 KZT."
100000006707582100,distributor,0.8911921708185053,7,0.7617461675335341,"Признаки распределения средств: вход: 2 контр., 2 пер., 39520 KZT; выход: 14 контр., 15 пер., 961138 KZT."
100000003239379100,terminal,0.6346641459074733,11,0.4649972625239529,"Вероятный конечный получатель в наблюдаемом графе: вход: 1 контр., 1 пер., 92500 KZT; выход: 0 контр., 0 пер., 0 KZT."
100000000979923100,terminal,0.6346641459074733,12,0.46409423761292085,"Вероятный конечный получатель в наблюдаемом графе: вход: 1 контр., 1 пер., 97900 KZT; выход: 0 контр., 0 пер., 0 KZT."
100000001111763100,terminal,0.6346641459074733,3,0.32607086641116895,"Вероятный конечный получатель в наблюдаемом графе: вход: 1 контр., 1 пер., 17144 KZT; выход: 0 контр., 0 пер., 0 KZT."
100000003865939100,terminal,0.6346641459074733,69,0.5853928278127567,"Вероятный конечный получатель в наблюдаемом графе: вход: 1 контр., 1 пер., 81465 KZT; выход: 0 контр., 0 пер., 0 KZT."
100000002858835100,terminal,0.6346641459074733,3,0.35781686285245007,"Вероятный конечный получатель в наблюдаемом графе: вход: 1 контр., 1 пер., 24400 KZT; выход: 0 контр., 0 пер., 0 KZT."
100000003404627100,terminal,0.8860876334519574,10,0.7625123186422119,"Вероятный конечный получатель в наблюдаемом графе: вход: 4 контр., 5 пер., 877700 KZT; выход: 0 контр., 0 пер., 0 KZT."
100000008691027100,terminal,0.6346641459074733,3,0.32846855324390917,"Вероятный конечный получатель в наблюдаемом графе: вход: 1 контр., 1 пер., 17534 KZT; выход: 0 контр., 0 пер., 0 KZT."
100000004071080100,consolidator,0.8981983985765125,0,0.8843950177935942,"Признаки аккумуляции средств: вход: 9 контр., 16 пер., 238600 KZT; выход: 2 контр., 5 пер., 46500 KZT."
100000002864680100,terminal,0.6346641459074733,11,0.4182579386805365,"Вероятный конечный получатель в наблюдаемом графе: вход: 1 контр., 1 пер., 55932 KZT; выход: 0 контр., 0 пер., 0 KZT."
100000001330685100,consolidator,0.8711743772241993,4,0.8152282370654257,"Признаки аккумуляции средств: вход: 3 контр., 7 пер., 2435923 KZT; выход: 1 контр., 1 пер., 100500 KZT."
100000008745725100,terminal,0.6346641459074733,3,0.420577094169176,"Вероятный конечный получатель в наблюдаемом графе: вход: 1 контр., 1 пер., 47060 KZT; выход: 0 контр., 0 пер., 0 KZT."
100000002621949100,terminal,0.6346641459074733,2,0.5459971256501506,"Вероятный конечный получатель в наблюдаемом графе: вход: 1 контр., 1 пер., 164612 KZT; выход: 0 контр., 0 пер., 0 KZT."
100000007908818100,distributor,0.8804826512455517,2,0.8448271968245278,"Признаки распределения средств: вход: 4 контр., 4 пер., 727475 KZT; выход: 6 контр., 13 пер., 302000 KZT."
100000008691495100,terminal,0.6346641459074733,3,0.36893341089515463,"Вероятный конечный получатель в наблюдаемом графе: вход: 1 контр., 1 пер., 27000 KZT; выход: 0 контр., 0 пер., 0 KZT."
100000003832231100,terminal,0.6346641459074733,2,0.39047221461812204,"Вероятный конечный получатель в наблюдаемом графе: вход: 1 контр., 1 пер., 35000 KZT; выход: 0 контр., 0 пер., 0 KZT."
100000002371751100,transit,0.7830516014234875,60,0.6596612373391733,"Признаки транзита, доля дальнейшего перевода 1.25: вход: 1 контр., 5 пер., 200000 KZT; выход: 1 контр., 1 пер., 250000 KZT."
100000002894076100,terminal,0.8860876334519574,5,0.6673682589652341,"Вероятный конечный получатель в наблюдаемом графе: вход: 4 контр., 6 пер., 1122782 KZT; выход: 0 контр., 0 пер., 0 KZT."
100000001362940100,terminal,0.6346641459074733,2,0.47115281960032845,"Вероятный конечный получатель в наблюдаемом графе: вход: 1 контр., 1 пер., 81000 KZT; выход: 0 контр., 0 пер., 0 KZT."
100000008741372100,terminal,0.6346641459074733,3,0.39468519025458526,"Вероятный конечный получатель в наблюдаемом графе: вход: 1 контр., 1 пер., 35975 KZT; выход: 0 контр., 0 пер., 0 KZT."
100000002618492100,terminal,0.835442615658363,12,0.6249661237339174,"Вероятный конечный получатель в наблюдаемом графе: вход: 2 контр., 2 пер., 296500 KZT; выход: 0 контр., 0 пер., 0 KZT."
100000002750332100,terminal,0.6346641459074733,18,0.2724171913495757,"Вероятный конечный получатель в наблюдаемом графе: вход: 1 контр., 1 пер., 11360 KZT; выход: 0 контр., 0 пер., 0 KZT."
100000004948177100,terminal,0.8711743772241993,1,0.6682921571311252,"Вероятный конечный получатель в наблюдаемом графе: вход: 3 контр., 8 пер., 437163 KZT; выход: 0 контр., 0 пер., 0 KZT."
100000002511825100,terminal,0.6346641459074733,0,0.44718861209964406,"Вероятный конечный получатель в наблюдаемом графе: вход: 1 контр., 1 пер., 65000 KZT; выход: 0 контр., 0 пер., 0 KZT."
100000008566737100,terminal,0.835442615658363,0,0.6145685053380783,"Вероятный конечный получатель в наблюдаемом графе: вход: 2 контр., 2 пер., 230000 KZT; выход: 0 контр., 0 пер., 0 KZT."
100000008661585100,terminal,0.6346641459074733,3,0.41190494114426496,"Вероятный конечный получатель в наблюдаемом графе: вход: 1 контр., 1 пер., 43141 KZT; выход: 0 контр., 0 пер., 0 KZT."
100000004759121100,consolidator,0.8944951067615659,0,0.9165791814946618,"Признаки аккумуляции средств: вход: 6 контр., 10 пер., 710000 KZT; выход: 2 контр., 6 пер., 312000 KZT."
100000004360785100,terminal,0.6346641459074733,1,0.4462325485901998,"Вероятный конечный получатель в наблюдаемом графе: вход: 1 контр., 1 пер., 94705 KZT; выход: 0 контр., 0 пер., 0 KZT."
100000005092518100,terminal,0.6346641459074733,3,0.364682966055297,"Вероятный конечный получатель в наблюдаемом графе: вход: 1 контр., 1 пер., 26144 KZT; выход: 0 контр., 0 пер., 0 KZT."
100000008737958100,terminal,0.835442615658363,3,0.4850277169449767,"Вероятный конечный получатель в наблюдаемом графе: вход: 2 контр., 2 пер., 53373 KZT; выход: 0 контр., 0 пер., 0 KZT."
100000003044518100,terminal,0.6346641459074733,5,0.32414316999726256,"Вероятный конечный получатель в наблюдаемом графе: вход: 1 контр., 1 пер., 34423 KZT; выход: 0 контр., 0 пер., 0 KZT."
100000004159526100,coordinator,0.8310164590747331,15,0.8846848480700794,"Структурно значимый посредник, рекомендуется проверка: вход: 4 контр., 4 пер., 275037 KZT; выход: 4 контр., 6 пер., 68000 KZT."
100000007544358100,consolidator,0.835442615658363,1,0.7529540788393101,"Признаки аккумуляции средств: вход: 2 контр., 2 пер., 322500 KZT; выход: 1 контр., 3 пер., 350000 KZT."
100000005901606100,terminal,0.6346641459074733,3,0.39424924719408705,"Вероятный конечный получатель в наблюдаемом графе: вход: 1 контр., 1 пер., 35660 KZT; выход: 0 контр., 0 пер., 0 KZT."
100000006658598100,terminal,0.6346641459074733,1,0.2778962496578155,"Вероятный конечный получатель в наблюдаемом графе: вход: 1 контр., 1 пер., 9000 KZT; выход: 0 контр., 0 пер., 0 KZT."
100000002793851100,terminal,0.6346641459074733,1,0.2848401998357515,"Вероятный конечный получатель в наблюдаемом графе: вход: 1 контр., 1 пер., 11052 KZT; выход: 0 контр., 0 пер., 0 KZT."
100000005612411100,distributor,0.8853870106761565,2,0.7709971256501507,"Признаки распределения средств: вход: 3 контр., 4 пер., 115500 KZT; выход: 8 контр., 8 пер., 506997 KZT."
100000007511163100,distributor,0.8599644128113879,1,0.7427539009033671,"Признаки распределения средств: вход: 2 контр., 2 пер., 63666 KZT; выход: 3 контр., 3 пер., 82052 KZT."
100000002648315100,peripheral,0.5652580071174377,5,0.5231511771147003,"Слабо выраженная роль в наблюдаемом графе: вход: 1 контр., 1 пер., 132000 KZT; выход: 2 контр., 3 пер., 76000 KZT."
100000004739664100,transit,0.868038256227758,3,0.4432305639200657,"Признаки транзита, доля дальнейшего перевода 0.83: вход: 1 контр., 1 пер., 12000 KZT; выход: 1 контр., 1 пер., 10000 KZT."
100000003713616100,terminal,0.6346641459074733,1,0.29826101834108953,"Вероятный конечный получатель в наблюдаемом графе: вход: 1 контр., 1 пер., 15893 KZT; выход: 0 контр., 0 пер., 0 KZT."
100000003476560100,terminal,0.6346641459074733,2,0.42522310429783733,"Вероятный конечный получатель в наблюдаемом графе: вход: 1 контр., 1 пер., 50000 KZT; выход: 0 контр., 0 пер., 0 KZT."
100000008782800100,terminal,0.6346641459074733,3,0.41265227210511907,"Вероятный конечный получатель в наблюдаемом графе: вход: 1 контр., 1 пер., 43381 KZT; выход: 0 контр., 0 пер., 0 KZT."
100000004218576100,terminal,0.6346641459074733,3,0.364682966055297,"Вероятный конечный получатель в наблюдаемом графе: вход: 1 контр., 1 пер., 26144 KZT; выход: 0 контр., 0 пер., 0 KZT."
100000003299365100,transit,0.8580516014234876,2,0.621659937038051,"Признаки транзита, доля дальнейшего перевода 1.00: вход: 1 контр., 1 пер., 200000 KZT; выход: 1 контр., 1 пер., 200000 KZT."
100000008730021100,terminal,0.6346641459074733,59,0.5774835751437175,"Вероятный конечный получатель в наблюдаемом графе: вход: 1 контр., 3 пер., 75555 KZT; выход: 0 контр., 0 пер., 0 KZT."
100000002757797100,terminal,0.6346641459074733,11,0.4727508212428141,"Вероятный конечный получатель в наблюдаемом графе: вход: 1 контр., 1 пер., 100000 KZT; выход: 0 контр., 0 пер., 0 KZT."
100000002845605100,terminal,0.6346641459074733,0,0.4370996441281138,"Вероятный конечный получатель в наблюдаемом графе: вход: 1 контр., 1 пер., 57567 KZT; выход: 0 контр., 0 пер., 0 KZT."
100000000817146100,terminal,0.6346641459074733,1,0.6716640432521216,"Вероятный конечный получатель в наблюдаемом графе: вход: 1 контр., 1 пер., 70020 KZT; выход: 0 контр., 0 пер., 0 KZT."
100000002957306100,terminal,0.835442615658363,12,0.6219145223104298,"Вероятный конечный получатель в наблюдаемом графе: вход: 2 контр., 2 пер., 398490 KZT; выход: 0 контр., 0 пер., 0 KZT."
100000008188026100,distributor,0.8705738434163701,1,0.6856409115795237,"Признаки распределения средств: вход: 2 контр., 5 пер., 86468 KZT; выход: 4 контр., 4 пер., 337983 KZT."
100000004790991100,terminal,0.6346641459074733,1,0.5351827265261428,"Вероятный конечный получатель в наблюдаемом графе: вход: 1 контр., 4 пер., 239413 KZT; выход: 0 контр., 0 пер., 0 KZT."
100000002973903100,terminal,0.8711743772241993,11,0.5518522447303585,"Вероятный конечный получатель в наблюдаемом графе: вход: 3 контр., 3 пер., 92880 KZT; выход: 0 контр., 0 пер., 0 KZT."
100000004325327100,consolidator,0.835442615658363,0,0.6309475088967971,"Признаки аккумуляции средств: вход: 2 контр., 3 пер., 70817 KZT; выход: 1 контр., 1 пер., 70000 KZT."
100000001477796100,terminal,0.6346641459074733,2,0.5681901861483711,"Вероятный конечный получатель в наблюдаемом графе: вход: 1 контр., 1 пер., 182000 KZT; выход: 0 контр., 0 пер., 0 KZT."
100000007536804100,peripheral,0.548576512455516,5,0.5006422803175472,"Слабо выраженная роль в наблюдаемом графе: вход: 1 контр., 1 пер., 100000 KZT; выход: 2 контр., 2 пер., 55000 KZT."
100000008665380100,consolidator,0.835442615658363,0,0.5606316725978648,"Признаки аккумуляции средств: вход: 2 контр., 2 пер., 69100 KZT; выход: 1 контр., 1 пер., 18200 KZT."
100000001870116100,terminal,0.6346641459074733,3,0.35688269915138243,"Вероятный конечный получатель в наблюдаемом графе: вход: 1 контр., 1 пер., 24000 KZT; выход: 0 контр., 0 пер., 0 KZT."
100000001074553100,terminal,0.835442615658363,18,0.3735337393922803,"Вероятный конечный получатель в наблюдаемом графе: вход: 2 контр., 2 пер., 28971 KZT; выход: 0 контр., 0 пер., 0 KZT."
100000000978041100,terminal,0.6346641459074733,3,0.4147074322474678,"Вероятный конечный получатель в наблюдаемом графе: вход: 1 контр., 1 пер., 44445 KZT; выход: 0 контр., 0 пер., 0 KZT."
100000002603769100,terminal,0.8711743772241993,0,0.7233985765124555,"Вероятный конечный получатель в наблюдаемом графе: вход: 3 контр., 3 пер., 1185368 KZT; выход: 0 контр., 0 пер., 0 KZT."
100000005034574100,terminal,0.6346641459074733,65,0.5933534081576787,"Вероятный конечный получатель в наблюдаемом графе: вход: 1 контр., 16 пер., 258816 KZT; выход: 0 контр., 0 пер., 0 KZT."
100000002958286100,terminal,0.6346641459074733,18,0.5304821379687927,"Вероятный конечный получатель в наблюдаемом графе: вход: 1 контр., 1 пер., 257000 KZT; выход: 0 контр., 0 пер., 0 KZT."
100000005634552100,distributor,0.8599644128113879,0,0.5958007117437722,"Признаки распределения средств: вход: 1 контр., 1 пер., 25850 KZT; выход: 3 контр., 4 пер., 1196000 KZT."
100000008736760100,terminal,0.6346641459074733,3,0.4377501368738023,"Вероятный конечный получатель в наблюдаемом графе: вход: 1 контр., 1 пер., 54757 KZT; выход: 0 контр., 0 пер., 0 KZT."
100000008701944100,terminal,0.6346641459074733,59,0.5515093758554612,"Вероятный конечный получатель в наблюдаемом графе: вход: 1 контр., 1 пер., 52124 KZT; выход: 0 контр., 0 пер., 0 KZT."
100000008748408100,distributor,0.8947953736654805,5,0.6857668354776896,"Признаки распределения средств: вход: 1 контр., 2 пер., 360000 KZT; выход: 21 контр., 22 пер., 1499960 KZT."
100000008486520100,coordinator,0.769661921708185,1,0.5334967834656447,"Структурно значимый посредник, рекомендуется проверка: вход: 1 контр., 2 пер., 35720 KZT; выход: 1 контр., 1 пер., 14000 KZT."
100000003163256100,transit,0.8894720408995365,1,0.45130817136600054,"Признаки транзита, доля дальнейшего перевода 1.11: вход: 1 контр., 1 пер., 13485 KZT; выход: 1 контр., 1 пер., 15000 KZT."
100000003102157100,terminal,0.6346641459074733,0,0.4880693950177936,"Вероятный конечный получатель в наблюдаемом графе: вход: 1 контр., 2 пер., 96746 KZT; выход: 0 контр., 0 пер., 0 KZT."
100000004741837100,terminal,0.6346641459074733,1,0.32830995072543123,"Вероятный конечный получатель в наблюдаемом графе: вход: 1 контр., 1 пер., 25596 KZT; выход: 0 контр., 0 пер., 0 KZT."
100000008443341100,distributor,0.8599644128113879,0,0.8272731316725979,"Признаки распределения средств: вход: 2 контр., 2 пер., 34500 KZT; выход: 3 контр., 4 пер., 50000 KZT."
100000004792397100,terminal,0.6346641459074733,3,0.4649965781549411,"Вероятный конечный получатель в наблюдаемом графе: вход: 1 контр., 1 пер., 73520 KZT; выход: 0 контр., 0 пер., 0 KZT."
100000003809101100,coordinator,0.8163812277580071,12,0.7770880098549138,"Структурно значимый посредник, рекомендуется проверка: вход: 2 контр., 3 пер., 166050 KZT; выход: 2 контр., 4 пер., 55200 KZT."
100000002838861100,consolidator,0.8915925266903915,18,0.8906200383246646,"Признаки аккумуляции средств: вход: 5 контр., 5 пер., 554524 KZT; выход: 1 контр., 1 пер., 10000 KZT."
100000008560717100,consolidator,0.8961966192170818,4,0.749084998631262,"Признаки аккумуляции средств: вход: 7 контр., 9 пер., 529000 KZT; выход: 1 контр., 1 пер., 25000 KZT."
100000008693069100,terminal,0.6346641459074733,3,0.3408150834930195,"Вероятный конечный получатель в наблюдаемом графе: вход: 1 контр., 1 пер., 20000 KZT; выход: 0 контр., 0 пер., 0 KZT."
100000008672162100,terminal,0.6346641459074733,3,0.3191736244182864,"Вероятный конечный получатель в наблюдаемом графе: вход: 1 контр., 1 пер., 15550 KZT; выход: 0 контр., 0 пер., 0 KZT."
100000007311010100,consolidator,0.835442615658363,2,0.6639731042978374,"Признаки аккумуляции средств: вход: 2 контр., 2 пер., 64480 KZT; выход: 1 контр., 1 пер., 20000 KZT."
100000005505655100,consolidator,0.835442615658363,26,0.6878004379961675,"Признаки аккумуляции средств: вход: 2 контр., 2 пер., 33070 KZT; выход: 1 контр., 1 пер., 20000 KZT."
100000004707703100,distributor,0.8762789145907474,1,0.8769220503695593,"Признаки распределения средств: вход: 2 контр., 3 пер., 239300 KZT; выход: 5 контр., 6 пер., 231650 KZT."
100000004005964100,transit,0.7786849007084722,25,0.6494634546947713,"Признаки транзита, доля дальнейшего перевода 0.74: вход: 3 контр., 9 пер., 97900 KZT; выход: 3 контр., 5 пер., 72000 KZT."
100000008244300100,terminal,0.8915925266903915,4,0.6356730769230771,"Вероятный конечный получатель в наблюдаемом графе: вход: 5 контр., 6 пер., 65430 KZT; выход: 0 контр., 0 пер., 0 KZT."
100000002692044100,terminal,0.6346641459074733,11,0.46994833013961124,"Вероятный конечный получатель в наблюдаемом графе: вход: 1 контр., 1 пер., 97000 KZT; выход: 0 контр., 0 пер., 0 KZT."
100000001103905100,terminal,0.6346641459074733,3,0.3317848343826992,"Вероятный конечный получатель в наблюдаемом графе: вход: 1 контр., 1 пер., 18000 KZT; выход: 0 контр., 0 пер., 0 KZT."
100000008755361100,terminal,0.6346641459074733,3,0.311887147549959,"Вероятный конечный получатель в наблюдаемом графе: вход: 1 контр., 1 пер., 14627 KZT; выход: 0 контр., 0 пер., 0 KZT."
100000002810870100,terminal,0.6346641459074733,3,0.3891113468382152,"Вероятный конечный получатель в наблюдаемом графе: вход: 1 контр., 1 пер., 33677 KZT; выход: 0 контр., 0 пер., 0 KZT."
100000005897462100,terminal,0.6346641459074733,12,0.4643744867232411,"Вероятный конечный получатель в наблюдаемом графе: вход: 1 контр., 1 пер., 98400 KZT; выход: 0 контр., 0 пер., 0 KZT."
100000000941942100,terminal,0.6346641459074733,2,0.519213317820969,"Вероятный конечный получатель в наблюдаемом графе: вход: 1 контр., 1 пер., 130000 KZT; выход: 0 контр., 0 пер., 0 KZT."
100000008723830100,consolidator,0.835442615658363,1,0.7565350396934026,"Признаки аккумуляции средств: вход: 2 контр., 2 пер., 459785 KZT; выход: 1 контр., 1 пер., 455000 KZT."
100000008776576100,terminal,0.6346641459074733,3,0.31316383794141806,"Вероятный конечный получатель в наблюдаемом графе: вход: 1 контр., 1 пер., 14765 KZT; выход: 0 контр., 0 пер., 0 KZT."
100000005432267100,terminal,0.835442615658363,2,0.6175451683547769,"Вероятный конечный получатель в наблюдаемом графе: вход: 2 контр., 2 пер., 350001 KZT; выход: 0 контр., 0 пер., 0 KZT."
100000006745291100,terminal,0.6346641459074733,12,0.44509957569121267,"Вероятный конечный получатель в наблюдаемом графе: вход: 1 контр., 1 пер., 82534 KZT; выход: 0 контр., 0 пер., 0 KZT."
100000008670667100,terminal,0.6346641459074733,3,0.318597556802628,"Вероятный конечный получатель в наблюдаемом графе: вход: 1 контр., 1 пер., 15534 KZT; выход: 0 контр., 0 пер., 0 KZT."
100000002480800100,terminal,0.835442615658363,2,0.7317444566110047,"Вероятный конечный получатель в наблюдаемом графе: вход: 2 контр., 2 пер., 569251 KZT; выход: 0 контр., 0 пер., 0 KZT."
100000002182176100,terminal,0.6346641459074733,0,0.40549377224199284,"Вероятный конечный получатель в наблюдаемом графе: вход: 1 контр., 1 пер., 42465 KZT; выход: 0 контр., 0 пер., 0 KZT."
100000008219168100,terminal,0.6346641459074733,5,0.35478373939228036,"Вероятный конечный получатель в наблюдаемом графе: вход: 1 контр., 2 пер., 53200 KZT; выход: 0 контр., 0 пер., 0 KZT."
100000004226848100,terminal,0.6346641459074733,2,0.5989330687106488,"Вероятный конечный получатель в наблюдаемом графе: вход: 1 контр., 1 пер., 301866 KZT; выход: 0 контр., 0 пер., 0 KZT."
100000006326645100,terminal,0.6346641459074733,3,0.3615846564467561,"Вероятный конечный получатель в наблюдаемом графе: вход: 1 контр., 1 пер., 25264 KZT; выход: 0 контр., 0 пер., 0 KZT."
100000003589877100,distributor,0.8804826512455517,10,0.7184153435532439,"Признаки распределения средств: вход: 2 контр., 2 пер., 176000 KZT; выход: 6 контр., 6 пер., 416129 KZT."
100000003942602100,transit,0.8580516014234876,3,0.454126916233233,"Признаки транзита, доля дальнейшего перевода 1.00: вход: 1 контр., 1 пер., 30000 KZT; выход: 1 контр., 1 пер., 30000 KZT."
100000000922570100,transit,0.8395870252998383,11,0.4754109635915686,"Признаки транзита, доля дальнейшего перевода 1.06: вход: 1 контр., 1 пер., 47101 KZT; выход: 1 контр., 1 пер., 50000 KZT."
100000005079754100,coordinator,0.8149354982206406,2,0.6818779085683001,"Структурно значимый посредник, рекомендуется проверка: вход: 1 контр., 1 пер., 70000 KZT; выход: 2 контр., 2 пер., 122000 KZT."
100000003187359100,terminal,0.6346641459074733,3,0.3355837667670408,"Вероятный конечный получатель в наблюдаемом графе: вход: 1 контр., 1 пер., 19072 KZT; выход: 0 контр., 0 пер., 0 KZT."
100000000998559100,terminal,0.6346641459074733,2,0.4930011292088694,"Вероятный конечный получатель в наблюдаемом графе: вход: 1 контр., 1 пер., 100000 KZT; выход: 0 контр., 0 пер., 0 KZT."
100000008690932100,terminal,0.6346641459074733,3,0.351713660005475,"Вероятный конечный получатель в наблюдаемом графе: вход: 1 контр., 1 пер., 23000 KZT; выход: 0 контр., 0 пер., 0 KZT."
100000008773876100,terminal,0.6346641459074733,3,0.3642003148097454,"Вероятный конечный получатель в наблюдаемом графе: вход: 1 контр., 1 пер., 26120 KZT; выход: 0 контр., 0 пер., 0 KZT."
100000006789108100,terminal,0.6346641459074733,12,0.37313783191897065,"Вероятный конечный получатель в наблюдаемом графе: вход: 1 контр., 1 пер., 37500 KZT; выход: 0 контр., 0 пер., 0 KZT."
100000004058740100,terminal,0.6346641459074733,3,0.3776678415001369,"Вероятный конечный получатель в наблюдаемом графе: вход: 1 контр., 1 пер., 30000 KZT; выход: 0 контр., 0 пер., 0 KZT."
100000007641801100,terminal,0.6346641459074733,5,0.4712272447303586,"Вероятный конечный получатель в наблюдаемом графе: вход: 1 контр., 1 пер., 200000 KZT; выход: 0 контр., 0 пер., 0 KZT."
100000000555721100,terminal,0.835442615658363,0,0.5389946619217082,"Вероятный конечный получатель в наблюдаемом графе: вход: 2 контр., 3 пер., 113000 KZT; выход: 0 контр., 0 пер., 0 KZT."
100000008729801100,terminal,0.6346641459074733,3,0.32846855324390917,"Вероятный конечный получатель в наблюдаемом графе: вход: 1 контр., 1 пер., 17534 KZT; выход: 0 контр., 0 пер., 0 KZT."
100000004664905100,terminal,0.835442615658363,1,0.6540928688748974,"Вероятный конечный получатель в наблюдаемом графе: вход: 2 контр., 4 пер., 329020 KZT; выход: 0 контр., 0 пер., 0 KZT."
100000003057225100,terminal,0.6346641459074733,1,0.5333455379140433,"Вероятный конечный получатель в наблюдаемом графе: вход: 1 контр., 1 пер., 236000 KZT; выход: 0 контр., 0 пер., 0 KZT."
100000000703902100,terminal,0.6346641459074733,3,0.3627679304681084,"Вероятный конечный получатель в наблюдаемом графе: вход: 1 контр., 1 пер., 25499 KZT; выход: 0 контр., 0 пер., 0 KZT."
100000008720798100,terminal,0.6346641459074733,3,0.318597556802628,"Вероятный конечный получатель в наблюдаемом графе: вход: 1 контр., 1 пер., 15534 KZT; выход: 0 контр., 0 пер., 0 KZT."
100000001411870100,terminal,0.835442615658363,5,0.6845212838762661,"Вероятный конечный получатель в наблюдаемом графе: вход: 2 контр., 4 пер., 900000 KZT; выход: 0 контр., 0 пер., 0 KZT."
100000008556318100,terminal,0.835442615658363,2,0.6905478373939229,"Вероятный конечный получатель в наблюдаемом графе: вход: 2 контр., 2 пер., 180132 KZT; выход: 0 контр., 0 пер., 0 KZT."
100000002720627100,terminal,0.6346641459074733,12,0.5371725294278674,"Вероятный конечный получатель в наблюдаемом графе: вход: 1 контр., 1 пер., 199300 KZT; выход: 0 контр., 0 пер., 0 KZT."
100000003022835100,terminal,0.6346641459074733,2,0.5153721256501504,"Вероятный конечный получатель в наблюдаемом графе: вход: 1 контр., 1 пер., 125000 KZT; выход: 0 контр., 0 пер., 0 KZT."
100000008304115100,terminal,0.6346641459074733,11,0.408791746509718,"Вероятный конечный получатель в наблюдаемом графе: вход: 1 контр., 1 пер., 51000 KZT; выход: 0 контр., 0 пер., 0 KZT."
100000003886323100,consolidator,0.835442615658363,1,0.8442930468108403,"Признаки аккумуляции средств: вход: 2 контр., 6 пер., 78168 KZT; выход: 1 контр., 1 пер., 7650 KZT."
100000000607731100,peripheral,0.5128113879003559,29,0.49274141116890224,"Слабо выраженная роль в наблюдаемом графе: вход: 1 контр., 1 пер., 20000 KZT; выход: 1 контр., 1 пер., 66666 KZT."
100000005961971100,terminal,0.6346641459074733,3,0.42140227210511905,"Вероятный конечный получатель в наблюдаемом графе: вход: 1 контр., 1 пер., 47353 KZT; выход: 0 контр., 0 пер., 0 KZT."
100000000440392100,terminal,0.6346641459074733,1,0.4568197372022994,"Вероятный конечный получатель в наблюдаемом графе: вход: 1 контр., 4 пер., 105705 KZT; выход: 0 контр., 0 пер., 0 KZT."
100000004105288100,terminal,0.835442615658363,2,0.655098549137695,"Вероятный конечный получатель в наблюдаемом графе: вход: 2 контр., 2 пер., 215000 KZT; выход: 0 контр., 0 пер., 0 KZT."
100000008169544100,distributor,0.8705738434163701,1,0.6735724062414454,"Признаки распределения средств: вход: 1 контр., 2 пер., 137104 KZT; выход: 4 контр., 7 пер., 42800 KZT."
100000004186824100,consolidator,0.835442615658363,1,0.6937058581987408,"Признаки аккумуляции средств: вход: 2 контр., 7 пер., 451700 KZT; выход: 1 контр., 1 пер., 7000 KZT."
100000008672200100,terminal,0.6346641459074733,3,0.2840802080481796,"Вероятный конечный получатель в наблюдаемом графе: вход: 1 контр., 1 пер., 8511 KZT; выход: 0 контр., 0 пер., 0 KZT."
100000002188829100,terminal,0.6346641459074733,2,0.6214241719134959,"Вероятный конечный получатель в наблюдаемом графе: вход: 1 контр., 1 пер., 400000 KZT; выход: 0 контр., 0 пер., 0 KZT."
100000008717341100,terminal,0.6346641459074733,3,0.311887147549959,"Вероятный конечный получатель в наблюдаемом графе: вход: 1 контр., 1 пер., 14627 KZT; выход: 0 контр., 0 пер., 0 KZT."
100000002214301100,coordinator,0.7990213523131673,0,0.5497286476868327,"Структурно значимый посредник, рекомендуется проверка: вход: 1 контр., 1 пер., 21438 KZT; выход: 1 контр., 1 пер., 8000 KZT."
100000002565277100,terminal,0.6346641459074733,2,0.6349695455789762,"Вероятный конечный получатель в наблюдаемом графе: вход: 1 контр., 1 пер., 483319 KZT; выход: 0 контр., 0 пер., 0 KZT."
100000005546031100,consolidator,0.8711743772241993,47,0.7019812482890775,"Признаки аккумуляции средств: вход: 3 контр., 6 пер., 66800 KZT; выход: 1 контр., 1 пер., 8000 KZT."
100000003449074100,terminal,0.6346641459074733,0,0.29000000000000004,"Вероятный конечный получатель в наблюдаемом графе: вход: 1 контр., 1 пер., 10000 KZT; выход: 0 контр., 0 пер., 0 KZT."
100000008748914100,distributor,0.8904915480427047,2,0.8096848480700793,"Признаки распределения средств: вход: 2 контр., 9 пер., 180000 KZT; выход: 13 контр., 21 пер., 4471847 KZT."
100000004744306100,transit,0.8345195729537366,20,0.7539590747330962,"Признаки транзита, доля дальнейшего перевода 1.33: вход: 1 контр., 1 пер., 69000 KZT; выход: 2 контр., 3 пер., 92000 KZT."
100000003158727100,terminal,0.8711743772241993,5,0.5862161237339173,"Вероятный конечный получатель в наблюдаемом графе: вход: 3 контр., 3 пер., 367940 KZT; выход: 0 контр., 0 пер., 0 KZT."
100000001389255100,terminal,0.6346641459074733,3,0.32291027922255683,"Вероятный конечный получатель в наблюдаемом графе: вход: 1 контр., 1 пер., 16136 KZT; выход: 0 контр., 0 пер., 0 KZT."
100000008695495100,terminal,0.6346641459074733,3,0.3453457774431974,"Вероятный конечный получатель в наблюдаемом графе: вход: 1 контр., 1 пер., 21000 KZT; выход: 0 контр., 0 пер., 0 KZT."
100000004015047100,consolidator,0.8981983985765125,5,0.8953219956200382,"Признаки аккумуляции средств: вход: 9 контр., 18 пер., 919104 KZT; выход: 1 контр., 7 пер., 69195 KZT."
100000005183943100,terminal,0.6346641459074733,42,0.6974038461538462,"Вероятный конечный получатель в наблюдаемом графе: вход: 1 контр., 9 пер., 680900 KZT; выход: 0 контр., 0 пер., 0 KZT."
100000003004487100,consolidator,0.8860876334519574,31,0.7645435258691486,"Признаки аккумуляции средств: вход: 4 контр., 9 пер., 183703 KZT; выход: 2 контр., 3 пер., 265015 KZT."
100000003042994100,terminal,0.6346641459074733,1,0.5553028332877087,"Вероятный конечный получатель в наблюдаемом графе: вход: 1 контр., 3 пер., 286086 KZT; выход: 0 контр., 0 пер., 0 KZT."
100000001899164100,consolidator,0.8860876334519574,11,0.8885737749794689,"Признаки аккумуляции средств: вход: 4 контр., 5 пер., 291675 KZT; выход: 3 контр., 3 пер., 76500 KZT."
100000003946524100,transit,0.9180042364896218,2,0.7301519299206132,"Признаки транзита, доля дальнейшего перевода 1.08: вход: 2 контр., 2 пер., 133757 KZT; выход: 2 контр., 2 пер., 144750 KZT."
100000008717340100,terminal,0.6346641459074733,3,0.4084173966602792,"Вероятный конечный получатель в наблюдаемом графе: вход: 1 контр., 1 пер., 41500 KZT; выход: 0 контр., 0 пер., 0 KZT."
100000003831324100,terminal,0.835442615658363,5,0.578618258965234,"Вероятный конечный получатель в наблюдаемом графе: вход: 2 контр., 2 пер., 300000 KZT; выход: 0 контр., 0 пер., 0 KZT."
100000008129393100,terminal,0.6346641459074733,52,0.4061025184779633,"Вероятный конечный получатель в наблюдаемом графе: вход: 1 контр., 1 пер., 10000 KZT; выход: 0 контр., 0 пер., 0 KZT."
100000004388209100,terminal,0.6346641459074733,3,0.29784355324390915,"Вероятный конечный получатель в наблюдаемом графе: вход: 1 контр., 1 пер., 11800 KZT; выход: 0 контр., 0 пер., 0 KZT."
100000000706545100,consolidator,0.8711743772241993,1,0.912900698056392,"Признаки аккумуляции средств: вход: 3 контр., 8 пер., 1070300 KZT; выход: 1 контр., 3 пер., 75800 KZT."
100000004497606100,terminal,0.6346641459074733,3,0.318597556802628,"Вероятный конечный получатель в наблюдаемом графе: вход: 1 контр., 1 пер., 15534 KZT; выход: 0 контр., 0 пер., 0 KZT."
100000008470470100,terminal,0.6346641459074733,3,0.3886754037777169,"Вероятный конечный получатель в наблюдаемом графе: вход: 1 контр., 1 пер., 33547 KZT; выход: 0 контр., 0 пер., 0 KZT."
100000004318918100,terminal,0.6346641459074733,12,0.438435874623597,"Вероятный конечный получатель в наблюдаемом графе: вход: 1 контр., 1 пер., 75600 KZT; выход: 0 контр., 0 пер., 0 KZT."
100000005228059100,terminal,0.6346641459074733,3,0.36385778811935393,"Вероятный конечный получатель в наблюдаемом графе: вход: 1 контр., 1 пер., 26000 KZT; выход: 0 контр., 0 пер., 0 KZT."
100000001609499100,consolidator,0.8711743772241993,0,0.7419795373665481,"Признаки аккумуляции средств: вход: 3 контр., 3 пер., 263113 KZT; выход: 2 контр., 2 пер., 21000 KZT."
100000002824176100,terminal,0.6346641459074733,5,0.5685337393922802,"Вероятный конечный получатель в наблюдаемом графе: вход: 1 контр., 1 пер., 144000 KZT; выход: 0 контр., 0 пер., 0 KZT."
100000001363952100,consolidator,0.835442615658363,8,0.6764173282233782,"Признаки аккумуляции средств: вход: 2 контр., 2 пер., 196655 KZT; выход: 1 контр., 2 пер., 91000 KZT."
100000001049200100,distributor,0.8705738434163701,19,0.6475978647686833,"Признаки распределения средств: вход: 2 контр., 2 пер., 76624 KZT; выход: 4 контр., 5 пер., 36000 KZT."
100000002662768100,terminal,0.6346641459074733,2,0.48990281960032844,"Вероятный конечный получатель в наблюдаемом графе: вход: 1 контр., 1 пер., 84300 KZT; выход: 0 контр., 0 пер., 0 KZT."
100000004737477100,consolidator,0.835442615658363,0,0.5781939501779361,"Признаки аккумуляции средств: вход: 2 контр., 3 пер., 49598 KZT; выход: 1 контр., 3 пер., 40500 KZT."
100000008680451100,terminal,0.6346641459074733,3,0.3542514713933754,"Вероятный конечный получатель в наблюдаемом графе: вход: 1 контр., 1 пер., 23534 KZT; выход: 0 контр., 0 пер., 0 KZT."
100000001952325100,terminal,0.6346641459074733,3,0.4699787845606351,"Вероятный конечный получатель в наблюдаемом графе: вход: 1 контр., 2 пер., 77888 KZT; выход: 0 контр., 0 пер., 0 KZT."
100000008751429100,consolidator,0.8711743772241993,41,0.7734848070079388,"Признаки аккумуляции средств: вход: 3 контр., 6 пер., 386200 KZT; выход: 1 контр., 2 пер., 72600 KZT."
100000001960517100,terminal,0.6346641459074733,5,0.5976618532712838,"Вероятный конечный получатель в наблюдаемом графе: вход: 1 контр., 1 пер., 200000 KZT; выход: 0 контр., 0 пер., 0 KZT."
100000008686234100,terminal,0.6346641459074733,0,0.39886120996441277,"Вероятный конечный получатель в наблюдаемом графе: вход: 1 контр., 1 пер., 39778 KZT; выход: 0 контр., 0 пер., 0 KZT."
100000004213658100,terminal,0.6346641459074733,3,0.36217629345743224,"Вероятный конечный получатель в наблюдаемом графе: вход: 1 контр., 1 пер., 25347 KZT; выход: 0 контр., 0 пер., 0 KZT."
100000001194266100,terminal,0.6346641459074733,2,0.42522310429783733,"Вероятный конечный получатель в наблюдаемом графе: вход: 1 контр., 1 пер., 50000 KZT; выход: 0 контр., 0 пер., 0 KZT."
100000002243354100,terminal,0.6346641459074733,3,0.3446451546673967,"Вероятный конечный получатель в наблюдаемом графе: вход: 1 контр., 1 пер., 20879 KZT; выход: 0 контр., 0 пер., 0 KZT."
100000006069103100,transit,0.883328934145831,1,0.8774958937859294,"Признаки транзита, доля дальнейшего перевода 1.18: вход: 3 контр., 3 пер., 228818 KZT; выход: 3 контр., 4 пер., 270000 KZT."
100000002760175100,terminal,0.6346641459074733,12,0.5297526006022446,"Вероятный конечный получатель в наблюдаемом графе: вход: 1 контр., 1 пер., 187410 KZT; выход: 0 контр., 0 пер., 0 KZT."
100000003567087100,terminal,0.6346641459074733,3,0.4470294963044073,"Вероятный конечный получатель в наблюдаемом графе: вход: 1 контр., 1 пер., 62115 KZT; выход: 0 контр., 0 пер., 0 KZT."
100000008229700100,peripheral,0.44528469750889677,11,0.34366941554886393,"Слабо выраженная роль в наблюдаемом графе: вход: 1 контр., 1 пер., 23500 KZT; выход: 1 контр., 1 пер., 7200 KZT."
100000004076740100,distributor,0.8804826512455517,0,0.8771396797153024,"Признаки распределения средств: вход: 3 контр., 5 пер., 93250 KZT; выход: 6 контр., 10 пер., 125000 KZT."
100000003284932100,terminal,0.6346641459074733,2,0.45595709006296187,"Вероятный конечный получатель в наблюдаемом графе: вход: 1 контр., 1 пер., 69925 KZT; выход: 0 контр., 0 пер., 0 KZT."
100000008071620100,terminal,0.6346641459074733,0,0.41520907473309604,"Вероятный конечный получатель в наблюдаемом графе: вход: 1 контр., 1 пер., 46968 KZT; выход: 0 контр., 0 пер., 0 KZT."
100000003235780100,terminal,0.835442615658363,0,0.4346174377224199,"Вероятный конечный получатель в наблюдаемом графе: вход: 2 контр., 2 пер., 65000 KZT; выход: 0 контр., 0 пер., 0 KZT."
100000005363908100,transit,0.8580516014234876,47,0.5376307144812484,"Признаки транзита, доля дальнейшего перевода 1.00: вход: 1 контр., 1 пер., 19500 KZT; выход: 1 контр., 1 пер., 19500 KZT."
100000001851289100,terminal,0.6346641459074733,1,0.4598401998357514,"Вероятный конечный получатель в наблюдаемом графе: вход: 1 контр., 3 пер., 109510 KZT; выход: 0 контр., 0 пер., 0 KZT."
100000002870937100,terminal,0.6346641459074733,5,0.3912472625239529,"Вероятный конечный получатель в наблюдаемом графе: вход: 1 контр., 1 пер., 83700 KZT; выход: 0 контр., 0 пер., 0 KZT."
100000002152857100,distributor,0.8762789145907474,5,0.6055310703531345,"Признаки распределения средств: вход: 1 контр., 1 пер., 105000 KZT; выход: 5 контр., 6 пер., 1230000 KZT."
100000002600345100,terminal,0.835442615658363,1,0.46480016424856274,"Вероятный конечный получатель в наблюдаемом графе: вход: 2 контр., 2 пер., 52400 KZT; выход: 0 контр., 0 пер., 0 KZT."
100000002580377100,coordinator,0.769661921708185,1,0.5305074596222283,"Структурно значимый посредник, рекомендуется проверка: вход: 1 контр., 2 пер., 37750 KZT; выход: 1 контр., 1 пер., 5000 KZT."
100000004094958100,transit,0.8503592937311799,47,0.5922170134136326,"Признаки транзита, доля дальнейшего перевода 1.03: вход: 1 контр., 1 пер., 39000 KZT; выход: 1 контр., 1 пер., 40000 KZT."
100000002609774100,coordinator,0.8083629893238434,7,0.5178449219819328,"Структурно значимый посредник, рекомендуется проверка: вход: 1 контр., 1 пер., 7700 KZT; выход: 1 контр., 1 пер., 27500 KZT."
100000002596035100,terminal,0.6346641459074733,12,0.5531467287161238,"Вероятный конечный получатель в наблюдаемом графе: вход: 1 контр., 1 пер., 231570 KZT; выход: 0 контр., 0 пер., 0 KZT."
100000004664515100,terminal,0.6346641459074733,0,0.3949377224199288,"Вероятный конечный получатель в наблюдаемом графе: вход: 1 контр., 1 пер., 37691 KZT; выход: 0 контр., 0 пер., 0 KZT."
100000000661912100,consolidator,0.8915925266903915,0,0.9276690391459075,"Признаки аккумуляции средств: вход: 5 контр., 9 пер., 393036 KZT; выход: 2 контр., 8 пер., 430700 KZT."
100000004144536100,terminal,0.8860876334519574,25,0.7103175472214618,"Вероятный конечный получатель в наблюдаемом графе: вход: 4 контр., 6 пер., 168000 KZT; выход: 0 контр., 0 пер., 0 KZT."
100000006177176100,terminal,0.6346641459074733,1,0.2774914453873529,"Вероятный конечный получатель в наблюдаемом графе: вход: 1 контр., 1 пер., 8911 KZT; выход: 0 контр., 0 пер., 0 KZT."
100000002158488100,terminal,0.6346641459074733,3,0.3843782507528059,"Вероятный конечный получатель в наблюдаемом графе: вход: 1 контр., 1 пер., 31723 KZT; выход: 0 контр., 0 пер., 0 KZT."
100000000041368100,terminal,0.6346641459074733,2,0.5432079797426772,"Вероятный конечный получатель в наблюдаемом графе: вход: 1 контр., 1 пер., 160000 KZT; выход: 0 контр., 0 пер., 0 KZT."
100000008722328100,terminal,0.6346641459074733,3,0.35549702299479885,"Вероятный конечный получатель в наблюдаемом графе: вход: 1 контр., 1 пер., 23677 KZT; выход: 0 контр., 0 пер., 0 KZT."
100000008735384100,terminal,0.6346641459074733,3,0.40371543936490556,"Вероятный конечный получатель в наблюдаемом графе: вход: 1 контр., 1 пер., 39220 KZT; выход: 0 контр., 0 пер., 0 KZT."
100000004480280100,coordinator,0.7996997330960854,2,0.7345691897070901,"Структурно значимый посредник, рекомендуется проверка: вход: 1 контр., 1 пер., 146694 KZT; выход: 2 контр., 7 пер., 295850 KZT."
100000004286573100,terminal,0.6346641459074733,11,0.30569121270188887,"Вероятный конечный получатель в наблюдаемом графе: вход: 1 контр., 1 пер., 16590 KZT; выход: 0 контр., 0 пер., 0 KZT."
100000001746925100,coordinator,0.8019684163701067,2,0.6506812893512182,"Структурно значимый посредник, рекомендуется проверка: вход: 1 контр., 1 пер., 65250 KZT; выход: 1 контр., 1 пер., 5000 KZT."
100000001660397100,distributor,0.8599644128113879,8,0.6340685737749795,"Признаки распределения средств: вход: 2 контр., 2 пер., 48600 KZT; выход: 3 контр., 4 пер., 49000 KZT."
100000002591469100,terminal,0.6346641459074733,5,0.48376060771968243,"Вероятный конечный получатель в наблюдаемом графе: вход: 1 контр., 1 пер., 235670 KZT; выход: 0 контр., 0 пер., 0 KZT."
100000002731501100,distributor,0.8833852313167261,25,0.7288050917054475,"Признаки распределения средств: вход: 3 контр., 7 пер., 570370 KZT; выход: 7 контр., 20 пер., 833960 KZT."
100000000089154100,distributor,0.8918927935943061,0,0.5877580071174378,"Признаки распределения средств: вход: 1 контр., 1 пер., 10000 KZT; выход: 15 контр., 21 пер., 425500 KZT."
100000008732098100,terminal,0.6346641459074733,3,0.3204970229947988,"Вероятный конечный получатель в наблюдаемом графе: вход: 1 контр., 1 пер., 15677 KZT; выход: 0 контр., 0 пер., 0 KZT."
100000005456919100,consolidator,0.835442615658363,41,0.7726307144812484,"Признаки аккумуляции средств: вход: 2 контр., 10 пер., 479950 KZT; выход: 1 контр., 1 пер., 5000 KZT."
100000000507799100,coordinator,0.8008563167259786,37,0.4506203805091705,"Структурно значимый посредник, рекомендуется проверка: вход: 1 контр., 1 пер., 5132 KZT; выход: 1 контр., 1 пер., 8000 KZT."
100000008716439100,terminal,0.6346641459074733,3,0.30030351765672053,"Вероятный конечный получатель в наблюдаемом графе: вход: 1 контр., 1 пер., 12267 KZT; выход: 0 контр., 0 пер., 0 KZT."
100000002981527100,terminal,0.6346641459074733,18,0.4887517109225294,"Вероятный конечный получатель в наблюдаемом графе: вход: 1 контр., 1 пер., 168000 KZT; выход: 0 контр., 0 пер., 0 KZT."
100000002844652100,terminal,0.6346641459074733,5,0.36686558992608814,"Вероятный конечный получатель в наблюдаемом графе: вход: 1 контр., 1 пер., 61360 KZT; выход: 0 контр., 0 пер., 0 KZT."
100000002605548100,terminal,0.835442615658363,12,0.5475862304954832,"Вероятный конечный получатель в наблюдаемом графе: вход: 2 контр., 2 пер., 116695 KZT; выход: 0 контр., 0 пер., 0 KZT."
100000002750956100,terminal,0.6346641459074733,0,0.41682829181494657,"Вероятный конечный получатель в наблюдаемом графе: вход: 1 контр., 1 пер., 47416 KZT; выход: 0 контр., 0 пер., 0 KZT."
100000002982252100,terminal,0.6346641459074733,3,0.34361757459622233,"Вероятный конечный получатель в наблюдаемом графе: вход: 1 контр., 1 пер., 20320 KZT; выход: 0 контр., 0 пер., 0 KZT."
100000000961900100,terminal,0.835442615658363,0,0.4431183274021352,"Вероятный конечный получатель в наблюдаемом графе: вход: 2 контр., 3 пер., 36000 KZT; выход: 0 контр., 0 пер., 0 KZT."
100000007175718100,terminal,0.6346641459074733,44,0.40012849028196,"Вероятный конечный получатель в наблюдаемом графе: вход: 1 контр., 1 пер., 20000 KZT; выход: 0 контр., 0 пер., 0 KZT."
100000002306369100,distributor,0.8804826512455517,2,0.6800451683547769,"Признаки распределения средств: вход: 1 контр., 1 пер., 73166 KZT; выход: 6 контр., 9 пер., 260900 KZT."
100000000667713100,distributor,0.8804826512455517,1,0.7350937585546126,"Признаки распределения средств: вход: 2 контр., 10 пер., 119495 KZT; выход: 6 контр., 7 пер., 79236 KZT."
100000001072022100,terminal,0.8711743772241993,2,0.7042666986038874,"Вероятный конечный получатель в наблюдаемом графе: вход: 3 контр., 6 пер., 1684000 KZT; выход: 0 контр., 0 пер., 0 KZT."
100000008116374100,terminal,0.6346641459074733,1,0.34693094716671236,"Вероятный конечный получатель в наблюдаемом графе: вход: 1 контр., 1 пер., 31284 KZT; выход: 0 контр., 0 пер., 0 KZT."
100000000703894100,peripheral,0.548576512455516,29,0.591871749247194,"Слабо выраженная роль в наблюдаемом графе: вход: 1 контр., 1 пер., 120000 KZT; выход: 1 контр., 1 пер., 35000 KZT."
100000008066326100,terminal,0.6346641459074733,0,0.3325667259786477,"Вероятный конечный получатель в наблюдаемом графе: вход: 1 контр., 1 пер., 19320 KZT; выход: 0 контр., 0 пер., 0 KZT."
100000004662806100,coordinator,0.8016459074733095,11,0.6799305365453052,"Структурно значимый посредник, рекомендуется проверка: вход: 2 контр., 2 пер., 106585 KZT; выход: 2 контр., 3 пер., 59900 KZT."
100000005778283100,terminal,0.8711743772241993,5,0.6780755543388995,"Вероятный конечный получатель в наблюдаемом графе: вход: 3 контр., 3 пер., 615760 KZT; выход: 0 контр., 0 пер., 0 KZT."
100000004408683100,terminal,0.835442615658363,1,0.6164149329318369,"Вероятный конечный получатель в наблюдаемом графе: вход: 2 контр., 3 пер., 112920 KZT; выход: 0 контр., 0 пер., 0 KZT."
100000002704875100,terminal,0.8711743772241993,8,0.578023200109499,"Вероятный конечный получатель в наблюдаемом графе: вход: 3 контр., 4 пер., 244891 KZT; выход: 0 контр., 0 пер., 0 KZT."
100000008349675100,transit,0.8532538715984859,5,0.4841921023816042,"Признаки транзита, доля дальнейшего перевода 0.79: вход: 1 контр., 1 пер., 46520 KZT; выход: 1 контр., 2 пер., 36650 KZT."
100000006889963100,consolidator,0.8860876334519574,4,0.8209310840405147,"Признаки аккумуляции средств: вход: 4 контр., 6 пер., 1431000 KZT; выход: 1 контр., 3 пер., 443476 KZT."
100000008771819100,terminal,0.6346641459074733,3,0.403154941144265,"Вероятный конечный получатель в наблюдаемом графе: вход: 1 контр., 1 пер., 38900 KZT; выход: 0 контр., 0 пер., 0 KZT."
100000008586731100,terminal,0.6346641459074733,11,0.28663427320010954,"Вероятный конечный получатель в наблюдаемом графе: вход: 1 контр., 1 пер., 12000 KZT; выход: 0 контр., 0 пер., 0 KZT."
100000005844459100,terminal,0.835442615658363,0,0.6069706405693951,"Вероятный конечный получатель в наблюдаемом графе: вход: 2 контр., 2 пер., 243400 KZT; выход: 0 контр., 0 пер., 0 KZT."
100000008172352100,distributor,0.8833852313167261,33,0.7742126334519572,"Признаки распределения средств: вход: 3 контр., 3 пер., 90265 KZT; выход: 7 контр., 8 пер., 289510 KZT."
100000001162560100,distributor,0.8897909252669038,18,0.664476799890501,"Признаки распределения средств: вход: 1 контр., 2 пер., 331300 KZT; выход: 12 контр., 14 пер., 2904398 KZT."
100000008779584100,terminal,0.6346641459074733,3,0.3834440870517383,"Вероятный конечный получатель в наблюдаемом графе: вход: 1 контр., 1 пер., 31400 KZT; выход: 0 контр., 0 пер., 0 KZT."
100000007631637100,terminal,0.6346641459074733,3,0.317087325485902,"Вероятный конечный получатель в наблюдаемом графе: вход: 1 контр., 1 пер., 15341 KZT; выход: 0 контр., 0 пер., 0 KZT."
100000007347733100,terminal,0.6346641459074733,52,0.4849592800437996,"Вероятный конечный получатель в наблюдаемом графе: вход: 1 контр., 1 пер., 23007 KZT; выход: 0 контр., 0 пер., 0 KZT."
100000001463701100,terminal,0.835442615658363,12,0.7138851628798247,"Вероятный конечный получатель в наблюдаемом графе: вход: 2 контр., 2 пер., 621000 KZT; выход: 0 контр., 0 пер., 0 KZT."
100000008664469100,terminal,0.6346641459074733,2,0.35905317547221455,"Вероятный конечный получатель в наблюдаемом графе: вход: 1 контр., 1 пер., 25000 KZT; выход: 0 контр., 0 пер., 0 KZT."
100000003923946100,distributor,0.8705738434163701,5,0.7111049137695045,"Признаки распределения средств: вход: 1 контр., 3 пер., 282000 KZT; выход: 4 контр., 4 пер., 675000 KZT."
100000006562026100,terminal,0.835442615658363,52,0.6484156857377498,"Вероятный конечный получатель в наблюдаемом графе: вход: 2 контр., 6 пер., 75000 KZT; выход: 0 контр., 0 пер., 0 KZT."
100000008776298100,terminal,0.6346641459074733,3,0.4113133041335888,"Вероятный конечный получатель в наблюдаемом графе: вход: 1 контр., 1 пер., 42800 KZT; выход: 0 контр., 0 пер., 0 KZT."
100000006446271100,terminal,0.835442615658363,2,0.5407880509170544,"Вероятный конечный получатель в наблюдаемом графе: вход: 2 контр., 2 пер., 80000 KZT; выход: 0 контр., 0 пер., 0 KZT."
100000004588479100,terminal,0.6346641459074733,1,0.5055919791951821,"Вероятный конечный получатель в наблюдаемом графе: вход: 1 контр., 2 пер., 177633 KZT; выход: 0 контр., 0 пер., 0 KZT."
100000002324543100,terminal,0.6346641459074733,18,0.32989939775526966,"Вероятный конечный получатель в наблюдаемом графе: вход: 1 контр., 1 пер., 30202 KZT; выход: 0 контр., 0 пер., 0 KZT."
100000007129492100,consolidator,0.835442615658363,12,0.5965986860114973,"Признаки аккумуляции средств: вход: 2 контр., 2 пер., 50990 KZT; выход: 1 контр., 1 пер., 37000 KZT."
100000003877908100,terminal,0.6346641459074733,2,0.40256963454694766,"Вероятный конечный получатель в наблюдаемом графе: вход: 1 контр., 1 пер., 40000 KZT; выход: 0 контр., 0 пер., 0 KZT."
100000002748180100,distributor,0.8853870106761565,13,0.4813923487544484,"Признаки распределения средств: вход: 1 контр., 1 пер., 9900 KZT; выход: 8 контр., 9 пер., 679743 KZT."
100000000945428100,terminal,0.6346641459074733,0,0.47789145907473307,"Вероятный конечный получатель в наблюдаемом графе: вход: 1 контр., 1 пер., 89629 KZT; выход: 0 контр., 0 пер., 0 KZT."
100000003115284100,consolidator,0.8971975088967972,12,0.9202374760470845,"Признаки аккумуляции средств: вход: 8 контр., 15 пер., 2160500 KZT; выход: 2 контр., 4 пер., 517000 KZT."
100000005394708100,peripheral,0.5169483985765124,20,0.5340480427046264,"Слабо выраженная роль в наблюдаемом графе: вход: 1 контр., 1 пер., 26000 KZT; выход: 1 контр., 1 пер., 65000 KZT."
100000008747113100,terminal,0.835442615658363,4,0.5479061730084862,"Вероятный конечный получатель в наблюдаемом графе: вход: 2 контр., 2 пер., 197801 KZT; выход: 0 контр., 0 пер., 0 KZT."
100000004491881100,terminal,0.6346641459074733,3,0.32607086641116895,"Вероятный конечный получатель в наблюдаемом графе: вход: 1 контр., 1 пер., 17144 KZT; выход: 0 контр., 0 пер., 0 KZT."
100000006008169100,terminal,0.6346641459074733,11,0.4374705721324938,"Вероятный конечный получатель в наблюдаемом графе: вход: 1 контр., 1 пер., 70000 KZT; выход: 0 контр., 0 пер., 0 KZT."
100000002681449100,coordinator,0.7930271352313167,10,0.6334731727347386,"Структурно значимый посредник, рекомендуется проверка: вход: 2 контр., 2 пер., 94638 KZT; выход: 2 контр., 2 пер., 133000 KZT."
100000002645609100,terminal,0.8860876334519574,0,0.6471752669039146,"Вероятный конечный получатель в наблюдаемом графе: вход: 4 контр., 5 пер., 546821 KZT; выход: 0 контр., 0 пер., 0 KZT."
100000006369769100,terminal,0.6346641459074733,3,0.4054592116068984,"Вероятный конечный получатель в наблюдаемом графе: вход: 1 контр., 1 пер., 40000 KZT; выход: 0 контр., 0 пер., 0 KZT."
100000002173161100,terminal,0.8711743772241993,1,0.68949767314536,"Вероятный конечный получатель в наблюдаемом графе: вход: 3 контр., 5 пер., 1427500 KZT; выход: 0 контр., 0 пер., 0 KZT."
100000008686313100,coordinator,0.8476089857651246,0,0.8693683274021351,"Структурно значимый посредник, рекомендуется проверка: вход: 6 контр., 16 пер., 1912716 KZT; выход: 7 контр., 13 пер., 333800 KZT."
100000004692798100,consolidator,0.835442615658363,11,0.7896191486449492,"Признаки аккумуляции средств: вход: 2 контр., 4 пер., 240305 KZT; выход: 1 контр., 2 пер., 15000 KZT."
100000002939838100,terminal,0.8711743772241993,1,0.6689772105119081,"Вероятный конечный получатель в наблюдаемом графе: вход: 3 контр., 3 пер., 571233 KZT; выход: 0 контр., 0 пер., 0 KZT."
100000003119550100,terminal,0.6346641459074733,3,0.3453457774431974,"Вероятный конечный получатель в наблюдаемом графе: вход: 1 контр., 1 пер., 21000 KZT; выход: 0 контр., 0 пер., 0 KZT."
100000004315838100,consolidator,0.835442615658363,2,0.5708992608814673,"Признаки аккумуляции средств: вход: 2 контр., 2 пер., 50000 KZT; выход: 1 контр., 1 пер., 18000 KZT."
100000002671806100,terminal,0.6346641459074733,11,0.28853373939228033,"Вероятный конечный получатель в наблюдаемом графе: вход: 1 контр., 1 пер., 12440 KZT; выход: 0 контр., 0 пер., 0 KZT."
100000008716222100,terminal,0.6346641459074733,3,0.3317848343826992,"Вероятный конечный получатель в наблюдаемом графе: вход: 1 контр., 1 пер., 18000 KZT; выход: 0 контр., 0 пер., 0 KZT."
100000005496254100,terminal,0.6346641459074733,0,0.3000266903914591,"Вероятный конечный получатель в наблюдаемом графе: вход: 1 контр., 1 пер., 12700 KZT; выход: 0 контр., 0 пер., 0 KZT."
100000004622227100,distributor,0.8599644128113879,0,0.553038256227758,"Признаки распределения средств: вход: 1 контр., 1 пер., 24931 KZT; выход: 3 контр., 3 пер., 19000 KZT."
100000000274067100,distributor,0.8599644128113879,5,0.8012250205310703,"Признаки распределения средств: вход: 2 контр., 9 пер., 517704 KZT; выход: 3 контр., 9 пер., 2969000 KZT."
100000008782056100,terminal,0.6346641459074733,3,0.3751300301122365,"Вероятный конечный получатель в наблюдаемом графе: вход: 1 контр., 1 пер., 29082 KZT; выход: 0 контр., 0 пер., 0 KZT."
100000006788200100,consolidator,0.8860876334519574,5,0.7619767998905009,"Признаки аккумуляции средств: вход: 4 контр., 4 пер., 272156 KZT; выход: 3 контр., 4 пер., 64500 KZT."
100000001164648100,terminal,0.835442615658363,7,0.3658653846153846,"Вероятный конечный получатель в наблюдаемом графе: вход: 2 контр., 2 пер., 13660 KZT; выход: 0 контр., 0 пер., 0 KZT."
100000005133757100,terminal,0.835442615658363,8,0.4846691075828086,"Вероятный конечный получатель в наблюдаемом графе: вход: 2 контр., 2 пер., 65000 KZT; выход: 0 контр., 0 пер., 0 KZT."
100000006445501100,terminal,0.6346641459074733,12,0.4553130988228853,"Вероятный конечный получатель в наблюдаемом графе: вход: 1 контр., 1 пер., 91000 KZT; выход: 0 контр., 0 пер., 0 KZT."
100000004390333100,distributor,0.886788256227758,0,0.6776601423487545,"Признаки распределения средств: вход: 2 контр., 2 пер., 64558 KZT; выход: 9 контр., 14 пер., 506500 KZT."
100000001641789100,terminal,0.6346641459074733,5,0.5767009991787572,"Вероятный конечный получатель в наблюдаемом графе: вход: 1 контр., 1 пер., 17826 KZT; выход: 0 контр., 0 пер., 0 KZT."
100000000968253100,terminal,0.6346641459074733,3,0.31490761018341096,"Вероятный конечный получатель в наблюдаемом графе: вход: 1 контр., 1 пер., 15000 KZT; выход: 0 контр., 0 пер., 0 KZT."
100000001527186100,terminal,0.6346641459074733,2,0.6581101149739941,"Вероятный конечный получатель в наблюдаемом графе: вход: 1 контр., 2 пер., 678000 KZT; выход: 0 контр., 0 пер., 0 KZT."
100000005852946100,terminal,0.6346641459074733,2,0.35323022173555985,"Вероятный конечный получатель в наблюдаемом графе: вход: 1 контр., 1 пер., 23746 KZT; выход: 0 контр., 0 пер., 0 KZT."
100000001530983100,distributor,0.8889902135231318,1,0.8117485628250753,"Признаки распределения средств: вход: 4 контр., 4 пер., 564158 KZT; выход: 11 контр., 17 пер., 1829538 KZT."
100000008221543100,terminal,0.835442615658363,16,0.6367003148097455,"Вероятный конечный получатель в наблюдаемом графе: вход: 2 контр., 2 пер., 542000 KZT; выход: 0 контр., 0 пер., 0 KZT."
100000001937767100,distributor,0.8705738434163701,15,0.8947204352586914,"Признаки распределения средств: вход: 1 контр., 1 пер., 53000 KZT; выход: 4 контр., 6 пер., 1933000 KZT."
100000002462183100,terminal,0.6346641459074733,44,0.5656556255132767,"Вероятный конечный получатель в наблюдаемом графе: вход: 1 контр., 3 пер., 107500 KZT; выход: 0 контр., 0 пер., 0 KZT."
100000001805543100,terminal,0.6346641459074733,1,0.4021088831097728,"Вероятный конечный получатель в наблюдаемом графе: вход: 1 контр., 1 пер., 59000 KZT; выход: 0 контр., 0 пер., 0 KZT."
100000002606567100,coordinator,0.769661921708185,0,0.5233362989323843,"Структурно значимый посредник, рекомендуется проверка: вход: 1 контр., 1 пер., 14095 KZT; выход: 1 контр., 1 пер., 53000 KZT."
100000007281639100,terminal,0.835442615658363,1,0.5886079934300575,"Вероятный конечный получатель в наблюдаемом графе: вход: 2 контр., 4 пер., 216770 KZT; выход: 0 контр., 0 пер., 0 KZT."
100000002991079100,consolidator,0.835442615658363,1,0.7538882425403777,"Признаки аккумуляции средств: вход: 2 контр., 3 пер., 148900 KZT; выход: 1 контр., 1 пер., 11000 KZT."
100000002847207100,terminal,0.6346641459074733,2,0.4165976594579797,"Вероятный конечный получатель в наблюдаемом графе: вход: 1 контр., 1 пер., 46243 KZT; выход: 0 контр., 0 пер., 0 KZT."
100000000011452100,consolidator,0.8711743772241993,0,0.6976512455516015,"Признаки аккумуляции средств: вход: 3 контр., 7 пер., 110000 KZT; выход: 1 контр., 2 пер., 16685 KZT."
100000003148220100,peripheral,0.47551156583629894,57,0.6893785929373119,"Слабо выраженная роль в наблюдаемом графе: вход: 1 контр., 1 пер., 5650 KZT; выход: 2 контр., 4 пер., 43400 KZT."
100000002479804100,transit,0.7882689927278353,2,0.5079766630166985,"Признаки транзита, доля дальнейшего перевода 0.77: вход: 1 контр., 1 пер., 46000 KZT; выход: 2 контр., 2 пер., 35300 KZT."
100000008745489100,terminal,0.6346641459074733,3,0.43908910484533253,"Вероятный конечный получатель в наблюдаемом графе: вход: 1 контр., 1 пер., 55539 KZT; выход: 0 контр., 0 пер., 0 KZT."
100000002289937100,terminal,0.6346641459074733,3,0.3408150834930195,"Вероятный конечный получатель в наблюдаемом графе: вход: 1 контр., 1 пер., 20000 KZT; выход: 0 контр., 0 пер., 0 KZT."
100000004679953100,coordinator,0.8341637010676156,8,0.7776628798248015,"Структурно значимый посредник, рекомендуется проверка: вход: 3 контр., 3 пер., 343538 KZT; выход: 3 контр., 3 пер., 34100 KZT."
100000003066385100,terminal,0.835442615658363,0,0.3992126334519573,"Вероятный конечный получатель в наблюдаемом графе: вход: 2 контр., 2 пер., 20000 KZT; выход: 0 контр., 0 пер., 0 KZT."
100000008744849100,terminal,0.6346641459074733,3,0.4147074322474678,"Вероятный конечный получатель в наблюдаемом графе: вход: 1 контр., 1 пер., 44445 KZT; выход: 0 контр., 0 пер., 0 KZT."
100000005093521100,terminal,0.6346641459074733,2,0.31405762387079117,"Вероятный конечный получатель в наблюдаемом графе: вход: 1 контр., 1 пер., 15200 KZT; выход: 0 контр., 0 пер., 0 KZT."
100000006518161100,consolidator,0.8711743772241993,1,0.8970021215439364,"Признаки аккумуляции средств: вход: 3 контр., 13 пер., 594200 KZT; выход: 2 контр., 13 пер., 595899 KZT."
100000001126374100,consolidator,0.8860876334519574,0,0.7133407473309608,"Признаки аккумуляции средств: вход: 4 контр., 7 пер., 182500 KZT; выход: 2 контр., 4 пер., 29200 KZT."
100000004509286100,terminal,0.6346641459074733,2,0.40256963454694766,"Вероятный конечный получатель в наблюдаемом графе: вход: 1 контр., 1 пер., 40000 KZT; выход: 0 контр., 0 пер., 0 KZT."
100000005056870100,terminal,0.6346641459074733,44,0.40012849028196,"Вероятный конечный получатель в наблюдаемом графе: вход: 1 контр., 1 пер., 20000 KZT; выход: 0 контр., 0 пер., 0 KZT."
100000008708368100,terminal,0.6346641459074733,3,0.35549702299479885,"Вероятный конечный получатель в наблюдаемом графе: вход: 1 контр., 1 пер., 23677 KZT; выход: 0 контр., 0 пер., 0 KZT."
100000005895525100,terminal,0.6346641459074733,44,0.5748638105666576,"Вероятный конечный получатель в наблюдаемом графе: вход: 1 контр., 3 пер., 120000 KZT; выход: 0 контр., 0 пер., 0 KZT."
100000008716773100,terminal,0.6346641459074733,3,0.3204970229947988,"Вероятный конечный получатель в наблюдаемом графе: вход: 1 контр., 1 пер., 15677 KZT; выход: 0 контр., 0 пер., 0 KZT."
100000002778085100,terminal,0.6346641459074733,1,0.41350568026279766,"Вероятный конечный получатель в наблюдаемом графе: вход: 1 контр., 1 пер., 66208 KZT; выход: 0 контр., 0 пер., 0 KZT."
100000007055802100,consolidator,0.8944951067615659,0,0.8226156583629893,"Признаки аккумуляции средств: вход: 6 контр., 34 пер., 2024999 KZT; выход: 1 контр., 7 пер., 605000 KZT."
100000003071930100,consolidator,0.8711743772241993,18,0.7604332055844512,"Признаки аккумуляции средств: вход: 3 контр., 4 пер., 477610 KZT; выход: 1 контр., 1 пер., 5000 KZT."
100000002941114100,consolidator,0.835442615658363,12,0.850362031207227,"Признаки аккумуляции средств: вход: 2 контр., 15 пер., 128510 KZT; выход: 1 контр., 1 пер., 15000 KZT."
100000003888271100,peripheral,0.4578291814946619,42,0.42773747604708456,"Слабо выраженная роль в наблюдаемом графе: вход: 1 контр., 2 пер., 12177 KZT; выход: 2 контр., 3 пер., 25590 KZT."
100000007507343100,terminal,0.6346641459074733,51,0.6856710238160417,"Вероятный конечный получатель в наблюдаемом графе: вход: 1 контр., 1 пер., 370000 KZT; выход: 0 контр., 0 пер., 0 KZT."
100000008002020100,peripheral,0.5166814946619217,11,0.4461938817410348,"Слабо выраженная роль в наблюдаемом графе: вход: 1 контр., 1 пер., 73860 KZT; выход: 1 контр., 1 пер., 17000 KZT."
100000001872484100,distributor,0.8599644128113879,54,0.7852193402682728,"Признаки распределения средств: вход: 1 контр., 13 пер., 871400 KZT; выход: 3 контр., 9 пер., 514580 KZT."
100000008769636100,terminal,0.6346641459074733,3,0.3521496030659732,"Вероятный конечный получатель в наблюдаемом графе: вход: 1 контр., 1 пер., 23118 KZT; выход: 0 контр., 0 пер., 0 KZT."
100000004135268100,distributor,0.8599644128113879,51,0.7886603476594579,"Признаки распределения средств: вход: 2 контр., 3 пер., 1239000 KZT; выход: 3 контр., 4 пер., 1000200 KZT."
100000005316708100,peripheral,0.5899466192170818,5,0.4928931699972625,"Слабо выраженная роль в наблюдаемом графе: вход: 1 контр., 1 пер., 90000 KZT; выход: 2 контр., 4 пер., 257500 KZT."
100000008671929100,terminal,0.6346641459074733,2,0.4636483712017519,"Вероятный конечный получатель в наблюдаемом графе: вход: 1 контр., 2 пер., 75000 KZT; выход: 0 контр., 0 пер., 0 KZT."
100000005287097100,distributor,0.886788256227758,1,0.7289460717218724,"Признаки распределения средств: вход: 2 контр., 5 пер., 127173 KZT; выход: 9 контр., 42 пер., 697300 KZT."
100000007283257100,terminal,0.6346641459074733,65,0.5699770736381057,"Вероятный конечный получатель в наблюдаемом графе: вход: 1 контр., 7 пер., 192000 KZT; выход: 0 контр., 0 пер., 0 KZT."
100000004847758100,distributor,0.8918927935943061,0,0.7308407473309608,"Признаки распределения средств: вход: 4 контр., 4 пер., 115171 KZT; выход: 15 контр., 23 пер., 488800 KZT."
100000008737422100,terminal,0.6346641459074733,3,0.46895120448946065,"Вероятный конечный получатель в наблюдаемом графе: вход: 1 контр., 1 пер., 76903 KZT; выход: 0 контр., 0 пер., 0 KZT."
100000008555918100,coordinator,0.8067059608540925,2,0.7162907199562004,"Структурно значимый посредник, рекомендуется проверка: вход: 1 контр., 1 пер., 139211 KZT; выход: 2 контр., 2 пер., 43300 KZT."
100000008094734100,terminal,0.8860876334519574,0,0.619928825622776,"Вероятный конечный получатель в наблюдаемом графе: вход: 4 контр., 4 пер., 236249 KZT; выход: 0 контр., 0 пер., 0 KZT."
100000006952718100,terminal,0.6346641459074733,1,0.4194843279496304,"Вероятный конечный получатель в наблюдаемом графе: вход: 1 контр., 1 пер., 71489 KZT; выход: 0 контр., 0 пер., 0 KZT."
100000005339662100,coordinator,0.8341303380782918,1,0.9220199151382426,"Структурно значимый посредник, рекомендуется проверка: вход: 4 контр., 9 пер., 202939 KZT; выход: 4 контр., 15 пер., 295160 KZT."
100000001716579100,terminal,0.6346641459074733,3,0.30852415822611556,"Вероятный конечный получатель в наблюдаемом графе: вход: 1 контр., 1 пер., 13916 KZT; выход: 0 контр., 0 пер., 0 KZT."
100000002774456100,terminal,0.6346641459074733,12,0.4015986860114974,"Вероятный конечный получатель в наблюдаемом графе: вход: 1 контр., 1 пер., 50363 KZT; выход: 0 контр., 0 пер., 0 KZT."
100000004394765100,consolidator,0.8711743772241993,1,0.8031142211880645,"Признаки аккумуляции средств: вход: 3 контр., 10 пер., 603844 KZT; выход: 2 контр., 2 пер., 82500 KZT."
100000004004621100,terminal,0.8711743772241993,14,0.4980519436079934,"Вероятный конечный получатель в наблюдаемом графе: вход: 3 контр., 3 пер., 75389 KZT; выход: 0 контр., 0 пер., 0 KZT."
100000000907277100,terminal,0.6346641459074733,3,0.32846855324390917,"Вероятный конечный получатель в наблюдаемом графе: вход: 1 контр., 1 пер., 17534 KZT; выход: 0 контр., 0 пер., 0 KZT."
100000003835149100,peripheral,0.64826512455516,24,0.6530177251574049,"Слабо выраженная роль в наблюдаемом графе: вход: 1 контр., 1 пер., 248500 KZT; выход: 2 контр., 13 пер., 4600440 KZT."
100000004254434100,terminal,0.6346641459074733,3,0.4147074322474678,"Вероятный конечный получатель в наблюдаемом графе: вход: 1 контр., 2 пер., 44445 KZT; выход: 0 контр., 0 пер., 0 KZT."
100000003635170100,distributor,0.8705738434163701,12,0.8983380098549136,"Признаки распределения средств: вход: 3 контр., 13 пер., 268500 KZT; выход: 4 контр., 10 пер., 253500 KZT."
100000006687202100,terminal,0.6346641459074733,0,0.4231027580071174,"Вероятный конечный получатель в наблюдаемом графе: вход: 1 контр., 1 пер., 50000 KZT; выход: 0 контр., 0 пер., 0 KZT."
100000006030946100,terminal,0.6346641459074733,3,0.46471632904462085,"Вероятный конечный получатель в наблюдаемом графе: вход: 1 контр., 1 пер., 73289 KZT; выход: 0 контр., 0 пер., 0 KZT."
100000002615479100,terminal,0.6346641459074733,18,0.5125639885026005,"Вероятный конечный получатель в наблюдаемом графе: вход: 1 контр., 1 пер., 220000 KZT; выход: 0 контр., 0 пер., 0 KZT."
100000002952631100,terminal,0.6346641459074733,1,0.38242916780728164,"Вероятный конечный получатель в наблюдаемом графе: вход: 1 контр., 1 пер., 48050 KZT; выход: 0 контр., 0 пер., 0 KZT."
100000002890167100,terminal,0.6346641459074733,1,0.46538290446208597,"Вероятный конечный получатель в наблюдаемом графе: вход: 1 контр., 1 пер., 118150 KZT; выход: 0 контр., 0 пер., 0 KZT."
100000008687671100,terminal,0.6346641459074733,3,0.3989823432794963,"Вероятный конечный получатель в наблюдаемом графе: вход: 1 контр., 1 пер., 37500 KZT; выход: 0 контр., 0 пер., 0 KZT."
100000000810551100,coordinator,0.7976868327402136,2,0.6879699904188339,"Структурно значимый посредник, рекомендуется проверка: вход: 1 контр., 1 пер., 100000 KZT; выход: 1 контр., 1 пер., 7100 KZT."
100000008724279100,terminal,0.6346641459074733,1,0.28624144538735286,"Вероятный конечный получатель в наблюдаемом графе: вход: 1 контр., 1 пер., 11750 KZT; выход: 0 контр., 0 пер., 0 KZT."
100000002592567100,coordinator,0.8251668149466191,1,0.5361613742129756,"Структурно значимый посредник, рекомендуется проверка: вход: 1 контр., 1 пер., 5297 KZT; выход: 2 контр., 2 пер., 48600 KZT."
100000002670860100,terminal,0.835442615658363,13,0.5639012455516015,"Вероятный конечный получатель в наблюдаемом графе: вход: 2 контр., 2 пер., 450000 KZT; выход: 0 контр., 0 пер., 0 KZT."
100000002844897100,terminal,0.6346641459074733,18,0.2709536682179031,"Вероятный конечный получатель в наблюдаемом графе: вход: 1 контр., 1 пер., 10800 KZT; выход: 0 контр., 0 пер., 0 KZT."
100000007938486100,terminal,0.6346641459074733,3,0.40427593758554614,"Вероятный конечный получатель в наблюдаемом графе: вход: 1 контр., 1 пер., 39500 KZT; выход: 0 контр., 0 пер., 0 KZT."
100000008438656100,consolidator,0.835442615658363,2,0.6204722146181221,"Признаки аккумуляции средств: вход: 2 контр., 2 пер., 80000 KZT; выход: 1 контр., 1 пер., 5000 KZT."
100000008304139100,distributor,0.8955960854092526,2,0.7684215028743498,"Признаки распределения средств: вход: 4 контр., 4 пер., 189330 KZT; выход: 24 контр., 43 пер., 1692997 KZT."
100000002597003100,coordinator,0.769661921708185,0,0.5090124555160142,"Структурно значимый посредник, рекомендуется проверка: вход: 1 контр., 1 пер., 17700 KZT; выход: 1 контр., 1 пер., 11000 KZT."
100000002830055100,terminal,0.6346641459074733,3,0.30910022584177393,"Вероятный конечный получатель в наблюдаемом графе: вход: 1 контр., 1 пер., 14000 KZT; выход: 0 контр., 0 пер., 0 KZT."
100000004299488100,consolidator,0.8944951067615659,0,0.9039101423487543,"Признаки аккумуляции средств: вход: 6 контр., 22 пер., 1749000 KZT; выход: 2 контр., 14 пер., 344999 KZT."
100000002809568100,terminal,0.6346641459074733,0,0.29000000000000004,"Вероятный конечный получатель в наблюдаемом графе: вход: 1 контр., 1 пер., 10000 KZT; выход: 0 контр., 0 пер., 0 KZT."
100000004784224100,peripheral,0.5356316725978647,24,0.47493053654530526,"Слабо выраженная роль в наблюдаемом графе: вход: 1 контр., 2 пер., 23500 KZT; выход: 1 контр., 1 пер., 100000 KZT."
100000003123296100,terminal,0.6346641459074733,11,0.45683889953462903,"Вероятный конечный получатель в наблюдаемом графе: вход: 1 контр., 2 пер., 86200 KZT; выход: 0 контр., 0 пер., 0 KZT."
100000004130144100,terminal,0.6346641459074733,5,0.4712272447303586,"Вероятный конечный получатель в наблюдаемом графе: вход: 1 контр., 1 пер., 200000 KZT; выход: 0 контр., 0 пер., 0 KZT."
100000001253557100,terminal,0.8915925266903915,10,0.6160487955105394,"Вероятный конечный получатель в наблюдаемом графе: вход: 5 контр., 5 пер., 210200 KZT; выход: 0 контр., 0 пер., 0 KZT."
100000008767925100,terminal,0.6346641459074733,3,0.32607086641116895,"Вероятный конечный получатель в наблюдаемом графе: вход: 1 контр., 1 пер., 17144 KZT; выход: 0 контр., 0 пер., 0 KZT."
100000007181706100,terminal,0.835442615658363,2,0.5752898302764851,"Вероятный конечный получатель в наблюдаемом графе: вход: 2 контр., 2 пер., 176272 KZT; выход: 0 контр., 0 пер., 0 KZT."
100000003366154100,distributor,0.8599644128113879,2,0.7222182110594032,"Признаки распределения средств: вход: 1 контр., 1 пер., 125000 KZT; выход: 3 контр., 3 пер., 289170 KZT."
100000007641183100,terminal,0.6346641459074733,1,0.33481795784286894,"Вероятный конечный получатель в наблюдаемом графе: вход: 1 контр., 1 пер., 28000 KZT; выход: 0 контр., 0 пер., 0 KZT."
100000008663007100,terminal,0.6346641459074733,3,0.30910022584177393,"Вероятный конечный получатель в наблюдаемом графе: вход: 1 контр., 1 пер., 14000 KZT; выход: 0 контр., 0 пер., 0 KZT."
100000007334196100,terminal,0.6346641459074733,12,0.5056600739118532,"Вероятный конечный получатель в наблюдаемом графе: вход: 1 контр., 1 пер., 150002 KZT; выход: 0 контр., 0 пер., 0 KZT."
100000003873332100,distributor,0.8705738434163701,19,0.6102491103202847,"Признаки распределения средств: вход: 1 контр., 1 пер., 23468 KZT; выход: 4 контр., 8 пер., 286000 KZT."
100000001550388100,terminal,0.6346641459074733,0,0.4231027580071174,"Вероятный конечный получатель в наблюдаемом графе: вход: 1 контр., 1 пер., 50000 KZT; выход: 0 контр., 0 пер., 0 KZT."
100000008718089100,terminal,0.6346641459074733,3,0.318597556802628,"Вероятный конечный получатель в наблюдаемом графе: вход: 1 контр., 1 пер., 15534 KZT; выход: 0 контр., 0 пер., 0 KZT."
100000008728457100,terminal,0.6346641459074733,12,0.38898747604708456,"Вероятный конечный получатель в наблюдаемом графе: вход: 1 контр., 1 пер., 45000 KZT; выход: 0 контр., 0 пер., 0 KZT."
100000004206046100,terminal,0.6346641459074733,1,0.28505817136600053,"Вероятный конечный получатель в наблюдаемом графе: вход: 1 контр., 1 пер., 11075 KZT; выход: 0 контр., 0 пер., 0 KZT."
100000006579678100,distributor,0.8804826512455517,1,0.8950270325759649,"Признаки распределения средств: вход: 2 контр., 2 пер., 192930 KZT; выход: 6 контр., 15 пер., 1668800 KZT."
100000002988894100,distributor,0.8599644128113879,2,0.7715442786750616,"Признаки распределения средств: вход: 1 контр., 1 пер., 306121 KZT; выход: 3 контр., 3 пер., 77500 KZT."
100000008749406100,terminal,0.6346641459074733,3,0.32607086641116895,"Вероятный конечный получатель в наблюдаемом графе: вход: 1 контр., 1 пер., 17144 KZT; выход: 0 контр., 0 пер., 0 KZT."
100000005584222100,coordinator,0.8016459074733095,0,0.8832695729537368,"Структурно значимый посредник, рекомендуется проверка: вход: 2 контр., 6 пер., 192717 KZT; выход: 2 контр., 3 пер., 108587 KZT."
100000003239859100,terminal,0.6346641459074733,11,0.3143322269367643,"Вероятный конечный получатель в наблюдаемом графе: вход: 1 контр., 1 пер., 18600 KZT; выход: 0 контр., 0 пер., 0 KZT."
100000003980083100,terminal,0.6346641459074733,68,0.5550325075280591,"Вероятный конечный получатель в наблюдаемом графе: вход: 1 контр., 1 пер., 30000 KZT; выход: 0 контр., 0 пер., 0 KZT."
100000004351795100,distributor,0.8911921708185053,0,0.7692037366548041,"Признаки распределения средств: вход: 3 контр., 3 пер., 118333 KZT; выход: 14 контр., 37 пер., 1715161 KZT."
100000002666248100,terminal,0.6346641459074733,2,0.4571715028743498,"Вероятный конечный получатель в наблюдаемом графе: вход: 1 контр., 1 пер., 70032 KZT; выход: 0 контр., 0 пер., 0 KZT."
100000005877725100,terminal,0.6346641459074733,3,0.459578428688749,"Вероятный конечный получатель в наблюдаемом графе: вход: 1 контр., 1 пер., 70000 KZT; выход: 0 контр., 0 пер., 0 KZT."
100000001697501100,distributor,0.8979982206405694,3,0.8938088557350123,"Признаки распределения средств: вход: 3 контр., 3 пер., 123700 KZT; выход: 38 контр., 55 пер., 1482606 KZT."
100000006972210100,terminal,0.8711743772241993,18,0.622706337257049,"Вероятный конечный получатель в наблюдаемом графе: вход: 3 контр., 4 пер., 488775 KZT; выход: 0 контр., 0 пер., 0 KZT."
100000008749618100,terminal,0.6346641459074733,3,0.42102860662469205,"Вероятный конечный получатель в наблюдаемом графе: вход: 1 контр., 1 пер., 47280 KZT; выход: 0 контр., 0 пер., 0 KZT."
100000008671026100,terminal,0.6346641459074733,3,0.3542514713933754,"Вероятный конечный получатель в наблюдаемом графе: вход: 1 контр., 1 пер., 23534 KZT; выход: 0 контр., 0 пер., 0 KZT."
100000001696818100,terminal,0.6346641459074733,2,0.44471598686011493,"Вероятный конечный получатель в наблюдаемом графе: вход: 1 контр., 1 пер., 53550 KZT; выход: 0 контр., 0 пер., 0 KZT."
100000008679986100,terminal,0.6346641459074733,3,0.3350388379414181,"Вероятный конечный получатель в наблюдаемом графе: вход: 1 контр., 1 пер., 19000 KZT; выход: 0 контр., 0 пер., 0 KZT."
100000003616818100,coordinator,0.6871441281138789,25,0.7202241308513551,"Структурно значимый посредник, рекомендуется проверка: вход: 3 контр., 4 пер., 78000 KZT; выход: 3 контр., 8 пер., 240100 KZT."
100000004156082100,distributor,0.8960965302491104,1,0.9241106624692034,"Признаки распределения средств: вход: 5 контр., 7 пер., 377366 KZT; выход: 26 контр., 29 пер., 2319556 KZT."
100000008667058100,terminal,0.6346641459074733,3,0.32846855324390917,"Вероятный конечный получатель в наблюдаемом графе: вход: 1 контр., 1 пер., 17534 KZT; выход: 0 контр., 0 пер., 0 KZT."
100000008628231100,coordinator,0.8067059608540925,66,0.6322502053107035,"Структурно значимый посредник, рекомендуется проверка: вход: 1 контр., 1 пер., 50000 KZT; выход: 2 контр., 19 пер., 627870 KZT."
100000008749063100,terminal,0.6346641459074733,3,0.3350388379414181,"Вероятный конечный получатель в наблюдаемом графе: вход: 1 контр., 1 пер., 19000 KZT; выход: 0 контр., 0 пер., 0 KZT."
100000004494983100,terminal,0.6346641459074733,3,0.3921940870517383,"Вероятный конечный получатель в наблюдаемом графе: вход: 1 контр., 1 пер., 35000 KZT; выход: 0 контр., 0 пер., 0 KZT."
100000007648946100,transit,0.8339394608222369,14,0.47602792225568025,"Признаки транзита, доля дальнейшего перевода 1.28: вход: 1 контр., 1 пер., 19550 KZT; выход: 1 контр., 1 пер., 25000 KZT."
100000003037660100,terminal,0.6346641459074733,2,0.43194908294552414,"Вероятный конечный получатель в наблюдаемом графе: вход: 1 контр., 1 пер., 53000 KZT; выход: 0 контр., 0 пер., 0 KZT."
100000002679516100,terminal,0.8711743772241993,11,0.5711271557623869,"Вероятный конечный получатель в наблюдаемом графе: вход: 3 контр., 3 пер., 102335 KZT; выход: 0 контр., 0 пер., 0 KZT."
100000005588444100,terminal,0.6346641459074733,5,0.2785559813851629,"Вероятный конечный получатель в наблюдаемом графе: вход: 1 контр., 1 пер., 12300 KZT; выход: 0 контр., 0 пер., 0 KZT."
100000001307612100,terminal,0.6346641459074733,3,0.40162914043252124,"Вероятный конечный получатель в наблюдаемом графе: вход: 1 контр., 1 пер., 38483 KZT; выход: 0 контр., 0 пер., 0 KZT."
100000003001564100,coordinator,0.769661921708185,1,0.5522734738571038,"Структурно значимый посредник, рекомендуется проверка: вход: 1 контр., 1 пер., 23520 KZT; выход: 1 контр., 1 пер., 180000 KZT."
100000002762076100,consolidator,0.835442615658363,5,0.628071105940323,"Признаки аккумуляции средств: вход: 2 контр., 2 пер., 140350 KZT; выход: 1 контр., 1 пер., 30000 KZT."
100000005514161100,consolidator,0.8860876334519574,5,0.8793833835203941,"Признаки аккумуляции средств: вход: 4 контр., 7 пер., 401500 KZT; выход: 1 контр., 1 пер., 50000 KZT."
100000008746673100,terminal,0.6346641459074733,3,0.4346673966602792,"Вероятный конечный получатель в наблюдаемом графе: вход: 1 контр., 1 пер., 53048 KZT; выход: 0 контр., 0 пер., 0 KZT."
100000003265158100,consolidator,0.8711743772241993,11,0.7894011771147001,"Признаки аккумуляции средств: вход: 3 контр., 3 пер., 146100 KZT; выход: 2 контр., 4 пер., 154200 KZT."
100000001567366100,terminal,0.6346641459074733,1,0.6392485628250754,"Вероятный конечный получатель в наблюдаемом графе: вход: 1 контр., 4 пер., 824070 KZT; выход: 0 контр., 0 пер., 0 KZT."
100000008777088100,terminal,0.6346641459074733,3,0.3317848343826992,"Вероятный конечный получатель в наблюдаемом графе: вход: 1 контр., 1 пер., 18000 KZT; выход: 0 контр., 0 пер., 0 KZT."
100000002589019100,terminal,0.6346641459074733,11,0.37154975362715575,"Вероятный конечный получатель в наблюдаемом графе: вход: 1 контр., 1 пер., 34710 KZT; выход: 0 контр., 0 пер., 0 KZT."
100000008666075100,terminal,0.6346641459074733,3,0.3660997810019162,"Вероятный конечный получатель в наблюдаемом графе: вход: 1 контр., 1 пер., 26217 KZT; выход: 0 контр., 0 пер., 0 KZT."
100000008137435100,distributor,0.8804826512455517,23,0.7446253079660553,"Признаки распределения средств: вход: 2 контр., 2 пер., 93906 KZT; выход: 6 контр., 7 пер., 1419700 KZT."
100000004403675100,coordinator,0.8413589857651246,20,0.8902046263345196,"Структурно значимый посредник, рекомендуется проверка: вход: 4 контр., 8 пер., 182980 KZT; выход: 5 контр., 6 пер., 264699 KZT."
100000004677680100,consolidator,0.835442615658363,12,0.8652196824527785,"Признаки аккумуляции средств: вход: 2 контр., 2 пер., 63000 KZT; выход: 1 контр., 3 пер., 168000 KZT."
100000005958064100,coordinator,0.7977535587188612,15,0.5291110046537093,"Структурно значимый посредник, рекомендуется проверка: вход: 1 контр., 1 пер., 5746 KZT; выход: 2 контр., 3 пер., 163987 KZT."
100000002881669100,terminal,0.6346641459074733,11,0.3143322269367643,"Вероятный конечный получатель в наблюдаемом графе: вход: 1 контр., 1 пер., 18600 KZT; выход: 0 контр., 0 пер., 0 KZT."
100000002938501100,peripheral,0.3857651245551601,1,0.3597423350670681,"Слабо выраженная роль в наблюдаемом графе: вход: 1 контр., 1 пер., 8395 KZT; выход: 1 контр., 1 пер., 5000 KZT."
100000006734554100,peripheral,0.46350088967971526,29,0.4565737065425678,"Слабо выраженная роль в наблюдаемом графе: вход: 1 контр., 1 пер., 16500 KZT; выход: 1 контр., 1 пер., 25000 KZT."
100000008003034100,distributor,0.8705738434163701,14,0.551103545031481,"Признаки распределения средств: вход: 1 контр., 1 пер., 12201 KZT; выход: 4 контр., 4 пер., 135000 KZT."
100000003970394100,terminal,0.6346641459074733,11,0.4551574048727073,"Вероятный конечный получатель в наблюдаемом графе: вход: 1 контр., 1 пер., 85000 KZT; выход: 0 контр., 0 пер., 0 KZT."
100000003205210100,terminal,0.6346641459074733,2,0.5254722146181221,"Вероятный конечный получатель в наблюдаемом графе: вход: 1 контр., 1 пер., 137563 KZT; выход: 0 контр., 0 пер., 0 KZT."
100000004559194100,terminal,0.6346641459074733,1,0.5540350396934027,"Вероятный конечный получатель в наблюдаемом графе: вход: 1 контр., 6 пер., 282145 KZT; выход: 0 контр., 0 пер., 0 KZT."
100000008173359100,terminal,0.6346641459074733,1,0.27101457705995075,"Вероятный конечный получатель в наблюдаемом графе: вход: 1 контр., 1 пер., 6110 KZT; выход: 0 контр., 0 пер., 0 KZT."
100000007953156100,coordinator,0.7792259786476868,15,0.7155463545943972,"Структурно значимый посредник, рекомендуется проверка: вход: 1 контр., 1 пер., 18000 KZT; выход: 1 контр., 1 пер., 10000 KZT."
100000002224132100,coordinator,0.7959853202846976,24,0.8908854594397297,"Структурно значимый посредник, рекомендуется проверка: вход: 5 контр., 10 пер., 3951020 KZT; выход: 4 контр., 25 пер., 12115000 KZT."
100000008547844100,distributor,0.8941948398576514,10,0.7877288073729354,"Признаки распределения средств: вход: 3 контр., 3 пер., 177600 KZT; выход: 19 контр., 21 пер., 2042199 KZT."
100000002635780100,terminal,0.6346641459074733,5,0.6692973811479149,"Вероятный конечный получатель в наблюдаемом графе: вход: 1 контр., 1 пер., 163000 KZT; выход: 0 контр., 0 пер., 0 KZT."
100000001279875100,terminal,0.6346641459074733,13,0.441773428232503,"Вероятный конечный получатель в наблюдаемом графе: вход: 1 контр., 1 пер., 49235 KZT; выход: 0 контр., 0 пер., 0 KZT."
100000001961048100,terminal,0.6346641459074733,30,0.46446368281777534,"Вероятный конечный получатель в наблюдаемом графе: вход: 1 контр., 1 пер., 150000 KZT; выход: 0 контр., 0 пер., 0 KZT."
100000000993112100,terminal,0.6346641459074733,33,0.5942778766310794,"Вероятный конечный получатель в наблюдаемом графе: вход: 1 контр., 1 пер., 141000 KZT; выход: 0 контр., 0 пер., 0 KZT."
100000005547096100,peripheral,0.5709964412811388,47,0.7267528971621499,"Слабо выраженная роль в наблюдаемом графе: вход: 1 контр., 1 пер., 8000 KZT; выход: 2 контр., 3 пер., 226300 KZT."
100000000331309100,distributor,0.8995996441281139,4,0.9119482845150104,"Признаки распределения средств: вход: 5 контр., 8 пер., 984635 KZT; выход: 99 контр., 126 пер., 23001375 KZT."
100000006684930100,terminal,0.6346641459074733,14,0.36958960671594127,"Вероятный конечный получатель в наблюдаемом графе: вход: 1 контр., 1 пер., 10000 KZT; выход: 0 контр., 0 пер., 0 KZT."
100000004479404100,consolidator,0.835442615658363,43,0.8594975590838579,"Признаки аккумуляции средств: вход: 2 контр., 8 пер., 1492000 KZT; выход: 1 контр., 2 пер., 300000 KZT."
100000004134060100,terminal,0.6346641459074733,21,0.5166827493384433,"Вероятный конечный получатель в наблюдаемом графе: вход: 1 контр., 1 пер., 88179 KZT; выход: 0 контр., 0 пер., 0 KZT."
100000001083990100,terminal,0.6346641459074733,11,0.5955607263436444,"Вероятный конечный получатель в наблюдаемом графе: вход: 1 контр., 2 пер., 49900 KZT; выход: 0 контр., 0 пер., 0 KZT."
100000004573782100,terminal,0.6346641459074733,5,0.4300224701158865,"Вероятный конечный получатель в наблюдаемом графе: вход: 1 контр., 1 пер., 15000 KZT; выход: 0 контр., 0 пер., 0 KZT."
100000005660203100,coordinator,0.7944728647686833,1,0.8823342686376493,"Структурно значимый посредник, рекомендуется проверка: вход: 1 контр., 12 пер., 572899 KZT; выход: 2 контр., 5 пер., 41000 KZT."
100000008771627100,terminal,0.6346641459074733,3,0.3372904690208961,"Вероятный конечный получатель в наблюдаемом графе: вход: 1 контр., 1 пер., 16500 KZT; выход: 0 контр., 0 пер., 0 KZT."
100000000031787100,transit,0.9169039145907474,5,0.7247555662012956,"Признаки транзита, доля дальнейшего перевода 1.00: вход: 1 контр., 2 пер., 90000 KZT; выход: 2 контр., 4 пер., 90000 KZT."
100000001346560100,consolidator,0.835442615658363,2,0.7660712656264257,"Признаки аккумуляции средств: вход: 2 контр., 2 пер., 10000 KZT; выход: 1 контр., 1 пер., 22200 KZT."
100000001703168100,coordinator,0.7767237544483986,2,0.5916940414271374,"Структурно значимый посредник, рекомендуется проверка: вход: 1 контр., 1 пер., 45000 KZT; выход: 1 контр., 1 пер., 90000 KZT."
100000004904960100,terminal,0.835442615658363,0,0.6545180901542111,"Вероятный конечный получатель в наблюдаемом графе: вход: 2 контр., 2 пер., 32000 KZT; выход: 0 контр., 0 пер., 0 KZT."
100000004467157100,peripheral,0.4356094306049822,0,0.5220447805456703,"Слабо выраженная роль в наблюдаемом графе: вход: 1 контр., 3 пер., 20000 KZT; выход: 1 контр., 1 пер., 7000 KZT."
100000008346837100,distributor,0.8957962633451957,14,0.8775136873802354,"Признаки распределения средств: вход: 9 контр., 12 пер., 254359 KZT; выход: 25 контр., 26 пер., 1258643 KZT."
100000006385877100,transit,0.7625120385167173,18,0.7252359932475589,"Признаки транзита, доля дальнейшего перевода 0.68: вход: 1 контр., 5 пер., 53707 KZT; выход: 1 контр., 5 пер., 36603 KZT."
100000002459093100,peripheral,0.6129670818505337,5,0.6020553882653525,"Слабо выраженная роль в наблюдаемом графе: вход: 1 контр., 2 пер., 500000 KZT; выход: 1 контр., 3 пер., 55000 KZT."
100000005053653100,consolidator,0.835442615658363,14,0.6442693220184322,"Признаки аккумуляции средств: вход: 2 контр., 2 пер., 63073 KZT; выход: 1 контр., 1 пер., 25000 KZT."
100000001557930100,terminal,0.6346641459074733,5,0.3704717583721142,"Вероятный конечный получатель в наблюдаемом графе: вход: 1 контр., 1 пер., 34610 KZT; выход: 0 контр., 0 пер., 0 KZT."
100000002820010100,terminal,0.6346641459074733,5,0.35758029929738117,"Вероятный конечный получатель в наблюдаемом графе: вход: 1 контр., 1 пер., 30000 KZT; выход: 0 контр., 0 пер., 0 KZT."
100000000769919100,terminal,0.6346641459074733,60,0.6629248790948079,"Вероятный конечный получатель в наблюдаемом графе: вход: 1 контр., 1 пер., 250000 KZT; выход: 0 контр., 0 пер., 0 KZT."
100000003188607100,peripheral,0.42039590747330957,5,0.522509124920157,"Слабо выраженная роль в наблюдаемом графе: вход: 1 контр., 1 пер., 18000 KZT; выход: 1 контр., 1 пер., 5000 KZT."
100000002836052100,terminal,0.6346641459074733,2,0.4183666392919062,"Вероятный конечный получатель в наблюдаемом графе: вход: 1 контр., 1 пер., 15000 KZT; выход: 0 контр., 0 пер., 0 KZT."
100000001102676100,transit,0.8580516014234876,2,0.5640531754722147,"Признаки транзита, доля дальнейшего перевода 1.00: вход: 1 контр., 1 пер., 50000 KZT; выход: 1 контр., 1 пер., 50000 KZT."
100000003390036100,coordinator,0.81293371886121,12,0.88040058399489,"Структурно значимый посредник, рекомендуется проверка: вход: 2 контр., 4 пер., 231300 KZT; выход: 2 контр., 2 пер., 62000 KZT."
100000008335401100,terminal,0.6346641459074733,7,0.6617669267268911,"Вероятный конечный получатель в наблюдаемом графе: вход: 1 контр., 3 пер., 150000 KZT; выход: 0 контр., 0 пер., 0 KZT."
100000006994985100,coordinator,0.769661921708185,5,0.7435278081941781,"Структурно значимый посредник, рекомендуется проверка: вход: 1 контр., 2 пер., 48500 KZT; выход: 1 контр., 2 пер., 10200 KZT."
100000008356606100,terminal,0.835442615658363,14,0.6793671867871155,"Вероятный конечный получатель в наблюдаемом графе: вход: 2 контр., 2 пер., 168500 KZT; выход: 0 контр., 0 пер., 0 KZT."
100000007930878100,terminal,0.6346641459074733,42,0.5085367049913313,"Вероятный конечный получатель в наблюдаемом графе: вход: 1 контр., 1 пер., 5000 KZT; выход: 0 контр., 0 пер., 0 KZT."
100000008389800100,distributor,0.8833852313167261,1,0.8309107810931653,"Признаки распределения средств: вход: 3 контр., 3 пер., 189000 KZT; выход: 7 контр., 8 пер., 401620 KZT."
100000005474472100,terminal,0.6346641459074733,24,0.6338436444931106,"Вероятный конечный получатель в наблюдаемом графе: вход: 1 контр., 1 пер., 100000 KZT; выход: 0 контр., 0 пер., 0 KZT."
100000004486525100,consolidator,0.8971975088967972,0,0.8588508303677342,"Признаки аккумуляции средств: вход: 8 контр., 21 пер., 360924 KZT; выход: 2 контр., 3 пер., 271045 KZT."
100000003031890100,terminal,0.6346641459074733,25,0.592024249475317,"Вероятный конечный получатель в наблюдаемом графе: вход: 1 контр., 10 пер., 215000 KZT; выход: 0 контр., 0 пер., 0 KZT."
100000008624978100,terminal,0.6346641459074733,21,0.5358642440003649,"Вероятный конечный получатель в наблюдаемом графе: вход: 1 контр., 1 пер., 109000 KZT; выход: 0 контр., 0 пер., 0 KZT."
100000000790311100,terminal,0.6346641459074733,1,0.43430046080846785,"Вероятный конечный получатель в наблюдаемом графе: вход: 1 контр., 1 пер., 46300 KZT; выход: 0 контр., 0 пер., 0 KZT."
100000008546855100,consolidator,0.8944951067615659,19,0.8296515421115065,"Признаки аккумуляции средств: вход: 6 контр., 8 пер., 71790 KZT; выход: 2 контр., 2 пер., 10000 KZT."
100000002863356100,peripheral,0.4962633451957295,3,0.5200039921525687,"Слабо выраженная роль в наблюдаемом графе: вход: 1 контр., 1 пер., 45000 KZT; выход: 1 контр., 1 пер., 20000 KZT."
100000000332284100,consolidator,0.8987989323843417,4,0.8679803129847613,"Признаки аккумуляции средств: вход: 10 контр., 12 пер., 107426 KZT; выход: 3 контр., 3 пер., 289500 KZT."
100000002605308100,terminal,0.8711743772241993,15,0.7417385254129026,"Вероятный конечный получатель в наблюдаемом графе: вход: 3 контр., 7 пер., 2569522 KZT; выход: 0 контр., 0 пер., 0 KZT."
100000005931985100,terminal,0.6346641459074733,13,0.48627965599051004,"Вероятный конечный получатель в наблюдаемом графе: вход: 1 контр., 1 пер., 76000 KZT; выход: 0 контр., 0 пер., 0 KZT."
100000001166289100,consolidator,0.835442615658363,3,0.8043322839675152,"Признаки аккумуляции средств: вход: 2 контр., 10 пер., 721039 KZT; выход: 1 контр., 1 пер., 25000 KZT."
100000008477350100,distributor,0.8981983985765125,0,0.9167645314353499,"Признаки распределения средств: вход: 11 контр., 14 пер., 610100 KZT; выход: 39 контр., 44 пер., 3374866 KZT."
100000003824464100,terminal,0.6346641459074733,23,0.5319392166256045,"Вероятный конечный получатель в наблюдаемом графе: вход: 1 контр., 1 пер., 200000 KZT; выход: 0 контр., 0 пер., 0 KZT."
100000002738256100,transit,0.808517646696457,51,0.6444239894150925,"Признаки транзита, доля дальнейшего перевода 1.17: вход: 1 контр., 1 пер., 150200 KZT; выход: 1 контр., 1 пер., 175000 KZT."
100000001857829100,distributor,0.8926935053380782,8,0.8881507208686924,"Признаки распределения средств: вход: 6 контр., 9 пер., 888535 KZT; выход: 16 контр., 16 пер., 2390993 KZT."
100000008672762100,terminal,0.6346641459074733,3,0.31740835158317365,"Вероятный конечный получатель в наблюдаемом графе: вход: 1 контр., 1 пер., 13000 KZT; выход: 0 контр., 0 пер., 0 KZT."
100000001737722100,terminal,0.6346641459074733,2,0.5063381695410165,"Вероятный конечный получатель в наблюдаемом графе: вход: 1 контр., 1 пер., 60460 KZT; выход: 0 контр., 0 пер., 0 KZT."
100000005572303100,coordinator,0.7863990213523131,1,0.6806527739757277,"Структурно значимый посредник, рекомендуется проверка: вход: 1 контр., 1 пер., 75000 KZT; выход: 1 контр., 1 пер., 20000 KZT."
100000008733049100,terminal,0.6346641459074733,1,0.29528133269458895,"Вероятный конечный получатель в наблюдаемом графе: вход: 1 контр., 1 пер., 10000 KZT; выход: 0 контр., 0 пер., 0 KZT."
100000000850297100,transit,0.8580516014234876,7,0.43855740715393743,"Признаки транзита, доля дальнейшего перевода 1.00: вход: 1 контр., 1 пер., 17520 KZT; выход: 1 контр., 1 пер., 17520 KZT."
100000005140601100,consolidator,0.8711743772241993,8,0.8610955607263436,"Признаки аккумуляции средств: вход: 3 контр., 4 пер., 52685 KZT; выход: 2 контр., 5 пер., 195300 KZT."
100000004410489100,terminal,0.6346641459074733,0,0.49309905100830365,"Вероятный конечный получатель в наблюдаемом графе: вход: 1 контр., 1 пер., 54000 KZT; выход: 0 контр., 0 пер., 0 KZT."
100000006852430100,terminal,0.6346641459074733,12,0.6055429327493385,"Вероятный конечный получатель в наблюдаемом графе: вход: 1 контр., 1 пер., 37000 KZT; выход: 0 контр., 0 пер., 0 KZT."
100000003166755100,terminal,0.6346641459074733,2,0.3290605894698421,"Вероятный конечный получатель в наблюдаемом графе: вход: 1 контр., 1 пер., 24010 KZT; выход: 0 контр., 0 пер., 0 KZT."
100000008258083100,coordinator,0.8115435943060498,30,0.8903845013231132,"Структурно значимый посредник, рекомендуется проверка: вход: 2 контр., 13 пер., 3149500 KZT; выход: 2 контр., 6 пер., 2045650 KZT."
100000003054328100,peripheral,0.5880782918149465,13,0.558944246737841,"Слабо выраженная роль в наблюдаемом графе: вход: 1 контр., 1 пер., 140000 KZT; выход: 2 контр., 2 пер., 193720 KZT."
100000008473207100,terminal,0.6346641459074733,2,0.6783399489004471,"Вероятный конечный получатель в наблюдаемом графе: вход: 1 контр., 4 пер., 202000 KZT; выход: 0 контр., 0 пер., 0 KZT."
100000008104567100,transit,0.8709535148579004,7,0.7966171639748152,"Признаки транзита, доля дальнейшего перевода 0.75: вход: 3 контр., 3 пер., 53550 KZT; выход: 3 контр., 4 пер., 40000 KZT."
100000002721825100,terminal,0.6346641459074733,0,0.5715020759193357,"Вероятный конечный получатель в наблюдаемом графе: вход: 1 контр., 1 пер., 11000 KZT; выход: 0 контр., 0 пер., 0 KZT."
100000003509750100,transit,0.8438700483793753,5,0.7466505839948899,"Признаки транзита, доля дальнейшего перевода 0.95: вход: 3 контр., 4 пер., 82290 KZT; выход: 3 контр., 5 пер., 78400 KZT."
100000007322059100,consolidator,0.835442615658363,33,0.773232502965599,"Признаки аккумуляции средств: вход: 2 контр., 2 пер., 29000 KZT; выход: 1 контр., 2 пер., 22500 KZT."
100000004441291100,terminal,0.6346641459074733,2,0.602254539647778,"Вероятный конечный получатель в наблюдаемом графе: вход: 1 контр., 1 пер., 20000 KZT; выход: 0 контр., 0 пер., 0 KZT."
100000006122699100,terminal,0.835442615658363,11,0.5757297654895519,"Вероятный конечный получатель в наблюдаемом графе: вход: 2 контр., 2 пер., 45865 KZT; выход: 0 контр., 0 пер., 0 KZT."
100000008254069100,distributor,0.8762789145907474,20,0.7280871886120996,"Признаки распределения средств: вход: 1 контр., 2 пер., 10200 KZT; выход: 5 контр., 6 пер., 107500 KZT."
100000003336565100,terminal,0.6346641459074733,3,0.3379132448216078,"Вероятный конечный получатель в наблюдаемом графе: вход: 1 контр., 1 пер., 16550 KZT; выход: 0 контр., 0 пер., 0 KZT."
100000002492277100,terminal,0.6346641459074733,2,0.4936468884022265,"Вероятный конечный получатель в наблюдаемом графе: вход: 1 контр., 1 пер., 138500 KZT; выход: 0 контр., 0 пер., 0 KZT."
100000001339466100,terminal,0.6346641459074733,2,0.4373435076193083,"Вероятный конечный получатель в наблюдаемом графе: вход: 1 контр., 1 пер., 30000 KZT; выход: 0 контр., 0 пер., 0 KZT."
100000005022964100,terminal,0.6346641459074733,2,0.4828951090427959,"Вероятный конечный получатель в наблюдаемом графе: вход: 1 контр., 1 пер., 20000 KZT; выход: 0 контр., 0 пер., 0 KZT."
100000003112436100,terminal,0.6346641459074733,1,0.46733871703622587,"Вероятный конечный получатель в наблюдаемом графе: вход: 1 контр., 1 пер., 100000 KZT; выход: 0 контр., 0 пер., 0 KZT."
100000000489417100,consolidator,0.8711743772241993,14,0.7836643398120265,"Признаки аккумуляции средств: вход: 3 контр., 3 пер., 73504 KZT; выход: 1 контр., 1 пер., 80000 KZT."
100000002217161100,distributor,0.8833852313167261,34,0.8723811479149557,"Признаки распределения средств: вход: 2 контр., 15 пер., 404750 KZT; выход: 7 контр., 19 пер., 995132 KZT."
100000002469065100,terminal,0.6346641459074733,1,0.5390113149009945,"Вероятный конечный получатель в наблюдаемом графе: вход: 1 контр., 1 пер., 200000 KZT; выход: 0 контр., 0 пер., 0 KZT."
100000007337374100,terminal,0.6346641459074733,3,0.3551952732913587,"Вероятный конечный получатель в наблюдаемом графе: вход: 1 контр., 2 пер., 20000 KZT; выход: 0 контр., 0 пер., 0 KZT."
100000003249054100,consolidator,0.8961966192170818,2,0.7677705538826535,"Признаки аккумуляции средств: вход: 7 контр., 11 пер., 99700 KZT; выход: 1 контр., 1 пер., 15000 KZT."
100000003024542100,terminal,0.6346641459074733,2,0.4450703759467104,"Вероятный конечный получатель в наблюдаемом графе: вход: 1 контр., 1 пер., 8500 KZT; выход: 0 контр., 0 пер., 0 KZT."
100000002718366100,terminal,0.8944951067615659,9,0.7379286431243726,"Вероятный конечный получатель в наблюдаемом графе: вход: 6 контр., 10 пер., 2525000 KZT; выход: 0 контр., 0 пер., 0 KZT."
100000005059998100,terminal,0.6346641459074733,0,0.3814798339264531,"Вероятный конечный получатель в наблюдаемом графе: вход: 1 контр., 1 пер., 18000 KZT; выход: 0 контр., 0 пер., 0 KZT."
100000004071070100,consolidator,0.835442615658363,0,0.7269602609727164,"Признаки аккумуляции средств: вход: 2 контр., 5 пер., 41000 KZT; выход: 1 контр., 1 пер., 6000 KZT."
100000001584286100,terminal,0.835442615658363,13,0.5956880189798339,"Вероятный конечный получатель в наблюдаемом графе: вход: 2 контр., 3 пер., 738699 KZT; выход: 0 контр., 0 пер., 0 KZT."
100000008701256100,terminal,0.6346641459074733,32,0.43566577698695136,"Вероятный конечный получатель в наблюдаемом графе: вход: 1 контр., 1 пер., 58250 KZT; выход: 0 контр., 0 пер., 0 KZT."
100000001490461100,coordinator,0.7792259786476868,7,0.6430124783283147,"Структурно значимый посредник, рекомендуется проверка: вход: 1 контр., 1 пер., 20000 KZT; выход: 1 контр., 1 пер., 5000 KZT."
100000008531186100,terminal,0.6346641459074733,2,0.5769253581531162,"Вероятный конечный получатель в наблюдаемом графе: вход: 1 контр., 1 пер., 125000 KZT; выход: 0 контр., 0 пер., 0 KZT."
100000004765639100,peripheral,0.39730871886120994,0,0.5001586595492289,"Слабо выраженная роль в наблюдаемом графе: вход: 1 контр., 1 пер., 5000 KZT; выход: 2 контр., 2 пер., 11000 KZT."
100000002983879100,terminal,0.835442615658363,2,0.6029351446299844,"Вероятный конечный получатель в наблюдаемом графе: вход: 2 контр., 2 пер., 200050 KZT; выход: 0 контр., 0 пер., 0 KZT."
100000008734364100,terminal,0.6346641459074733,3,0.38278424126288896,"Вероятный конечный получатель в наблюдаемом графе: вход: 1 контр., 1 пер., 26200 KZT; выход: 0 контр., 0 пер., 0 KZT."
100000003192220100,terminal,0.6346641459074733,1,0.6117515284241263,"Вероятный конечный получатель в наблюдаемом графе: вход: 1 контр., 2 пер., 60000 KZT; выход: 0 контр., 0 пер., 0 KZT."
100000008060273100,terminal,0.6346641459074733,2,0.379910233597956,"Вероятный конечный получатель в наблюдаемом графе: вход: 1 контр., 2 пер., 10000 KZT; выход: 0 контр., 0 пер., 0 KZT."
100000008205937100,terminal,0.6346641459074733,14,0.49829067433159957,"Вероятный конечный получатель в наблюдаемом графе: вход: 1 контр., 3 пер., 35000 KZT; выход: 0 контр., 0 пер., 0 KZT."
100000005507142100,coordinator,0.6871441281138789,36,0.7069924263162696,"Структурно значимый посредник, рекомендуется проверка: вход: 3 контр., 3 пер., 51000 KZT; выход: 3 контр., 4 пер., 100000 KZT."
100000005539910100,coordinator,0.8071508007117438,2,0.7895187745232228,"Структурно значимый посредник, рекомендуется проверка: вход: 1 контр., 1 пер., 102000 KZT; выход: 2 контр., 2 пер., 22000 KZT."
100000002459163100,terminal,0.6346641459074733,54,0.4774064695683913,"Вероятный конечный получатель в наблюдаемом графе: вход: 1 контр., 1 пер., 20180 KZT; выход: 0 контр., 0 пер., 0 KZT."
100000004666651100,terminal,0.6346641459074733,66,0.6010521032940962,"Вероятный конечный получатель в наблюдаемом графе: вход: 1 контр., 1 пер., 429250 KZT; выход: 0 контр., 0 пер., 0 KZT."
100000003927792100,terminal,0.6346641459074733,1,0.31612875262341456,"Вероятный конечный получатель в наблюдаемом графе: вход: 1 контр., 1 пер., 13067 KZT; выход: 0 контр., 0 пер., 0 KZT."
100000000607941100,consolidator,0.835442615658363,1,0.8166936992426315,"Признаки аккумуляции средств: вход: 2 контр., 3 пер., 50000 KZT; выход: 1 контр., 4 пер., 70000 KZT."
100000004158362100,terminal,0.6346641459074733,0,0.33477164887307237,"Вероятный конечный получатель в наблюдаемом графе: вход: 1 контр., 1 пер., 12000 KZT; выход: 0 контр., 0 пер., 0 KZT."
100000005664922100,distributor,0.8599644128113879,24,0.7595598366639291,"Признаки распределения средств: вход: 2 контр., 2 пер., 22000 KZT; выход: 3 контр., 4 пер., 537000 KZT."
100000007594394100,consolidator,0.8944951067615659,0,0.8145625741399762,"Признаки аккумуляции средств: вход: 6 контр., 6 пер., 395385 KZT; выход: 1 контр., 40 пер., 3376312 KZT."
100000000979567100,terminal,0.6346641459074733,3,0.5641587964230314,"Вероятный конечный получатель в наблюдаемом графе: вход: 1 контр., 1 пер., 10000 KZT; выход: 0 контр., 0 пер., 0 KZT."
100000002831727100,coordinator,0.769661921708185,19,0.5372894424673784,"Структурно значимый посредник, рекомендуется проверка: вход: 1 контр., 1 пер., 6000 KZT; выход: 1 контр., 3 пер., 77000 KZT."
100000003062895100,terminal,0.835442615658363,10,0.6322172415366365,"Вероятный конечный получатель в наблюдаемом графе: вход: 2 контр., 2 пер., 328444 KZT; выход: 0 контр., 0 пер., 0 KZT."
100000008376089100,terminal,0.6346641459074733,30,0.45359624509535545,"Вероятный конечный получатель в наблюдаемом графе: вход: 1 контр., 1 пер., 135000 KZT; выход: 0 контр., 0 пер., 0 KZT."
100000003219438100,terminal,0.6346641459074733,0,0.5768579478054567,"Вероятный конечный получатель в наблюдаемом графе: вход: 1 контр., 1 пер., 32000 KZT; выход: 0 контр., 0 пер., 0 KZT."
100000000967918100,terminal,0.6346641459074733,0,0.5706657769869514,"Вероятный конечный получатель в наблюдаемом графе: вход: 1 контр., 3 пер., 21200 KZT; выход: 0 контр., 0 пер., 0 KZT."
100000003254723100,terminal,0.6346641459074733,2,0.6588648599324756,"Вероятный конечный получатель в наблюдаемом графе: вход: 1 контр., 6 пер., 269850 KZT; выход: 0 контр., 0 пер., 0 KZT."
100000003823811100,distributor,0.8599644128113879,20,0.7359964412811388,"Признаки распределения средств: вход: 1 контр., 1 пер., 30000 KZT; выход: 3 контр., 3 пер., 66130 KZT."
100000008587459100,coordinator,0.6763678825622775,0,0.6140613879003558,"Структурно значимый посредник, рекомендуется проверка: вход: 2 контр., 2 пер., 181507 KZT; выход: 2 контр., 4 пер., 686500 KZT."
100000008603331100,distributor,0.8804826512455517,10,0.7706024728533625,"Признаки распределения средств: вход: 2 контр., 3 пер., 39500 KZT; выход: 6 контр., 6 пер., 741774 KZT."
100000008758168100,distributor,0.8762789145907474,17,0.7322240852267543,"Признаки распределения средств: вход: 2 контр., 2 пер., 75410 KZT; выход: 5 контр., 5 пер., 1533600 KZT."
100000003724440100,terminal,0.835442615658363,0,0.5006568801897984,"Вероятный конечный получатель в наблюдаемом графе: вход: 2 контр., 2 пер., 50000 KZT; выход: 0 контр., 0 пер., 0 KZT."
100000000291906100,transit,0.8877602111384231,48,0.8221508577424946,"Признаки транзита, доля дальнейшего перевода 1.17: вход: 2 контр., 3 пер., 388000 KZT; выход: 2 контр., 6 пер., 455854 KZT."
100000005077484100,peripheral,0.5513790035587188,29,0.6127332557715119,"Слабо выраженная роль в наблюдаемом графе: вход: 1 контр., 1 пер., 150000 KZT; выход: 2 контр., 2 пер., 13550 KZT."
100000004192107100,terminal,0.6346641459074733,2,0.4073746464093439,"Вероятный конечный получатель в наблюдаемом графе: вход: 1 контр., 1 пер., 25000 KZT; выход: 0 контр., 0 пер., 0 KZT."
100000002193259100,distributor,0.8599644128113879,11,0.8308498722511176,"Признаки распределения средств: вход: 2 контр., 2 пер., 48000 KZT; выход: 3 контр., 3 пер., 58000 KZT."
100000005481280100,distributor,0.8599644128113879,1,0.620783260333972,"Признаки распределения средств: вход: 1 контр., 1 пер., 32700 KZT; выход: 3 контр., 3 пер., 50000 KZT."
100000004527381100,peripheral,0.5962188612099644,1,0.5918671867871156,"Слабо выраженная роль в наблюдаемом графе: вход: 1 контр., 1 пер., 119333 KZT; выход: 1 контр., 1 пер., 273866 KZT."
100000001578517100,terminal,0.6346641459074733,1,0.3524832899899626,"Вероятный конечный получатель в наблюдаемом графе: вход: 1 контр., 1 пер., 30000 KZT; выход: 0 контр., 0 пер., 0 KZT."
100000003741418100,consolidator,0.8981983985765125,4,0.8371173236609178,"Признаки аккумуляции средств: вход: 9 контр., 13 пер., 151900 KZT; выход: 3 контр., 3 пер., 39920 KZT."
100000008737514100,terminal,0.6346641459074733,1,0.49757003376220454,"Вероятный конечный получатель в наблюдаемом графе: вход: 1 контр., 1 пер., 85000 KZT; выход: 0 контр., 0 пер., 0 KZT."
100000002870463100,consolidator,0.8711743772241993,5,0.8556452459165981,"Признаки аккумуляции средств: вход: 3 контр., 4 пер., 207000 KZT; выход: 1 контр., 1 пер., 10000 KZT."
100000008545727100,distributor,0.8804826512455517,7,0.7753034035952184,"Признаки распределения средств: вход: 1 контр., 1 пер., 30000 KZT; выход: 6 контр., 7 пер., 1866500 KZT."
100000000425407100,terminal,0.6346641459074733,2,0.4257020485445752,"Вероятный конечный получатель в наблюдаемом графе: вход: 1 контр., 1 пер., 20000 KZT; выход: 0 контр., 0 пер., 0 KZT."
100000001418900100,terminal,0.6346641459074733,3,0.4220502554977644,"Вероятный конечный получатель в наблюдаемом графе: вход: 1 контр., 2 пер., 40140 KZT; выход: 0 контр., 0 пер., 0 KZT."
100000001677929100,consolidator,0.8711743772241993,5,0.8705473811479149,"Признаки аккумуляции средств: вход: 3 контр., 3 пер., 126777 KZT; выход: 2 контр., 4 пер., 286098 KZT."
100000002539625100,terminal,0.6346641459074733,10,0.5470837895793411,"Вероятный конечный получатель в наблюдаемом графе: вход: 1 контр., 1 пер., 94700 KZT; выход: 0 контр., 0 пер., 0 KZT."
100000001965374100,distributor,0.8599644128113879,24,0.7922644629984487,"Признаки распределения средств: вход: 2 контр., 8 пер., 1759720 KZT; выход: 3 контр., 5 пер., 3082100 KZT."
100000001287955100,distributor,0.8705738434163701,13,0.5299918446026098,"Признаки распределения средств: вход: 1 контр., 1 пер., 17520 KZT; выход: 4 контр., 5 пер., 310000 KZT."
100000005402643100,transit,0.7693192070572903,18,0.5055295875536089,"Признаки транзита, доля дальнейшего перевода 0.70: вход: 1 контр., 1 пер., 127800 KZT; выход: 1 контр., 1 пер., 90000 KZT."
100000008752616100,distributor,0.8833852313167261,9,0.734285404690209,"Признаки распределения средств: вход: 2 контр., 2 пер., 64510 KZT; выход: 7 контр., 7 пер., 1265000 KZT."
100000000733373100,terminal,0.6346641459074733,1,0.4132550871429874,"Вероятный конечный получатель в наблюдаемом графе: вход: 1 контр., 1 пер., 10710 KZT; выход: 0 контр., 0 пер., 0 KZT."
100000008531133100,distributor,0.8599644128113879,1,0.7953636280682542,"Признаки распределения средств: вход: 1 контр., 1 пер., 25000 KZT; выход: 3 контр., 3 пер., 158272 KZT."
100000005933757100,distributor,0.8974977758007118,15,0.905119308331052,"Признаки распределения средств: вход: 4 контр., 6 пер., 1246000 KZT; выход: 34 контр., 46 пер., 3002628 KZT."
100000006490557100,terminal,0.6346641459074733,5,0.25096108221553065,"Вероятный конечный получатель в наблюдаемом графе: вход: 1 контр., 1 пер., 5000 KZT; выход: 0 контр., 0 пер., 0 KZT."
100000008497298100,terminal,0.6346641459074733,18,0.583630121361438,"Вероятный конечный получатель в наблюдаемом графе: вход: 1 контр., 1 пер., 600000 KZT; выход: 0 контр., 0 пер., 0 KZT."
100000005168487100,peripheral,0.5340302491103203,12,0.6801381284788757,"Слабо выраженная роль в наблюдаемом графе: вход: 1 контр., 1 пер., 15000 KZT; выход: 1 контр., 14 пер., 103510 KZT."
100000005799271100,terminal,0.6346641459074733,12,0.611686171183502,"Вероятный конечный получатель в наблюдаемом графе: вход: 1 контр., 2 пер., 45000 KZT; выход: 0 контр., 0 пер., 0 KZT."
100000000912487100,terminal,0.6346641459074733,2,0.3319564969431517,"Вероятный конечный получатель в наблюдаемом графе: вход: 1 контр., 1 пер., 10000 KZT; выход: 0 контр., 0 пер., 0 KZT."
100000007982908100,terminal,0.6346641459074733,3,0.3993812163518569,"Вероятный конечный получатель в наблюдаемом графе: вход: 1 контр., 1 пер., 31080 KZT; выход: 0 контр., 0 пер., 0 KZT."
100000005413948100,consolidator,0.835442615658363,10,0.8029868144903731,"Признаки аккумуляции средств: вход: 2 контр., 2 пер., 28215 KZT; выход: 1 контр., 1 пер., 5000 KZT."
100000000724540100,coordinator,0.7792259786476868,21,0.6595831052103294,"Структурно значимый посредник, рекомендуется проверка: вход: 1 контр., 1 пер., 50000 KZT; выход: 1 контр., 1 пер., 100000 KZT."
100000005730108100,terminal,0.6346641459074733,0,0.4956835705812574,"Вероятный конечный получатель в наблюдаемом графе: вход: 1 контр., 1 пер., 8000 KZT; выход: 0 контр., 0 пер., 0 KZT."
100000002566204100,terminal,0.6346641459074733,7,0.5193069623140797,"Вероятный конечный получатель в наблюдаемом графе: вход: 1 контр., 1 пер., 80805 KZT; выход: 0 контр., 0 пер., 0 KZT."
100000000625169100,terminal,0.6346641459074733,3,0.2984136896614655,"Вероятный конечный получатель в наблюдаемом графе: вход: 1 контр., 1 пер., 10000 KZT; выход: 0 контр., 0 пер., 0 KZT."
100000001114385100,terminal,0.6346641459074733,2,0.34677856100009125,"Вероятный конечный получатель в наблюдаемом графе: вход: 1 контр., 1 пер., 29500 KZT; выход: 0 контр., 0 пер., 0 KZT."
100000002964966100,terminal,0.6346641459074733,2,0.6107376357331873,"Вероятный конечный получатель в наблюдаемом графе: вход: 1 контр., 1 пер., 200000 KZT; выход: 0 контр., 0 пер., 0 KZT."
100000008771814100,terminal,0.6346641459074733,3,0.37154313806004197,"Вероятный конечный получатель в наблюдаемом графе: вход: 1 контр., 1 пер., 23700 KZT; выход: 0 контр., 0 пер., 0 KZT."
100000001241318100,terminal,0.6346641459074733,0,0.6188241399762753,"Вероятный конечный получатель в наблюдаемом графе: вход: 1 контр., 1 пер., 53000 KZT; выход: 0 контр., 0 пер., 0 KZT."
100000001250022100,terminal,0.6346641459074733,5,0.40615681175289714,"Вероятный конечный получатель в наблюдаемом графе: вход: 1 контр., 1 пер., 50000 KZT; выход: 0 контр., 0 пер., 0 KZT."
100000006534886100,peripheral,0.5725978647686832,1,0.6966492152568664,"Слабо выраженная роль в наблюдаемом графе: вход: 1 контр., 5 пер., 71700 KZT; выход: 1 контр., 8 пер., 167500 KZT."
100000008655035100,terminal,0.6346641459074733,5,0.6089103704717583,"Вероятный конечный получатель в наблюдаемом графе: вход: 1 контр., 1 пер., 30000 KZT; выход: 0 контр., 0 пер., 0 KZT."
100000005932987100,terminal,0.6346641459074733,0,0.5557547449584817,"Вероятный конечный получатель в наблюдаемом графе: вход: 1 контр., 3 пер., 25000 KZT; выход: 0 контр., 0 пер., 0 KZT."
100000008636603100,distributor,0.8804826512455517,11,0.758791746509718,"Признаки распределения средств: вход: 2 контр., 2 пер., 35460 KZT; выход: 6 контр., 7 пер., 159375 KZT."
100000008710843100,distributor,0.8904915480427047,17,0.654661807646683,"Признаки распределения средств: вход: 2 контр., 3 пер., 33944 KZT; выход: 13 контр., 14 пер., 1985500 KZT."
100000000917179100,terminal,0.6346641459074733,15,0.5901059631353225,"Вероятный конечный получатель в наблюдаемом графе: вход: 1 контр., 2 пер., 94465 KZT; выход: 0 контр., 0 пер., 0 KZT."
100000004209339100,coordinator,0.7944728647686833,12,0.8571221142440003,"Структурно значимый посредник, рекомендуется проверка: вход: 1 контр., 6 пер., 138500 KZT; выход: 2 контр., 11 пер., 238500 KZT."
100000008765627100,terminal,0.6346641459074733,5,0.42399933844328863,"Вероятный конечный получатель в наблюдаемом графе: вход: 1 контр., 1 пер., 60000 KZT; выход: 0 контр., 0 пер., 0 KZT."
100000002443664100,terminal,0.8711743772241993,13,0.6096693357058126,"Вероятный конечный получатель в наблюдаемом графе: вход: 3 контр., 3 пер., 556880 KZT; выход: 0 контр., 0 пер., 0 KZT."
100000008144528100,terminal,0.8915925266903915,1,0.7536865818049092,"Вероятный конечный получатель в наблюдаемом графе: вход: 5 контр., 13 пер., 1068203 KZT; выход: 0 контр., 0 пер., 0 KZT."
100000003988112100,transit,0.7667472535974006,20,0.6491800118623962,"Признаки транзита, доля дальнейшего перевода 0.70: вход: 1 контр., 2 пер., 92000 KZT; выход: 1 контр., 5 пер., 64000 KZT."
100000008008463100,terminal,0.6346641459074733,5,0.4153116160233598,"Вероятный конечный получатель в наблюдаемом графе: вход: 1 контр., 1 пер., 54180 KZT; выход: 0 контр., 0 пер., 0 KZT."
100000006679055100,terminal,0.6346641459074733,2,0.41671628342002004,"Вероятный конечный получатель в наблюдаемом графе: вход: 1 контр., 1 пер., 25000 KZT; выход: 0 контр., 0 пер., 0 KZT."
100000007382543100,distributor,0.8762789145907474,28,0.8777038279040057,"Признаки распределения средств: вход: 3 контр., 3 пер., 218000 KZT; выход: 5 контр., 8 пер., 427000 KZT."
100000007749092100,peripheral,0.5054715302491103,1,0.6745050871429875,"Слабо выраженная роль в наблюдаемом графе: вход: 1 контр., 1 пер., 7650 KZT; выход: 1 контр., 5 пер., 70375 KZT."
100000004221668100,consolidator,0.8860876334519574,5,0.8168596587279859,"Признаки аккумуляции средств: вход: 4 контр., 8 пер., 1128300 KZT; выход: 3 контр., 10 пер., 731440 KZT."
100000008174521100,terminal,0.6346641459074733,1,0.6028413860753717,"Вероятный конечный получатель в наблюдаемом графе: вход: 1 контр., 1 пер., 82110 KZT; выход: 0 контр., 0 пер., 0 KZT."
100000002692750100,consolidator,0.8711743772241993,5,0.8526737156674878,"Признаки аккумуляции средств: вход: 3 контр., 3 пер., 112830 KZT; выход: 1 контр., 8 пер., 77000 KZT."
100000002173070100,terminal,0.6346641459074733,1,0.3524832899899626,"Вероятный конечный получатель в наблюдаемом графе: вход: 1 контр., 1 пер., 30000 KZT; выход: 0 контр., 0 пер., 0 KZT."
100000005911352100,distributor,0.8599644128113879,37,0.7507212108769047,"Признаки распределения средств: вход: 2 контр., 2 пер., 15000 KZT; выход: 3 контр., 3 пер., 24000 KZT."
100000003068941100,consolidator,0.8711743772241993,0,0.6856168446026096,"Признаки аккумуляции средств: вход: 3 контр., 3 пер., 94000 KZT; выход: 1 контр., 2 пер., 25000 KZT."
100000001420847100,terminal,0.6346641459074733,19,0.40382413997627514,"Вероятный конечный получатель в наблюдаемом графе: вход: 1 контр., 2 пер., 20000 KZT; выход: 0 контр., 0 пер., 0 KZT."
100000005602999100,coordinator,0.8049266014234875,12,0.6048667761657085,"Структурно значимый посредник, рекомендуется проверка: вход: 1 контр., 1 пер., 5000 KZT; выход: 2 контр., 3 пер., 16000 KZT."
100000000723383100,coordinator,0.820885231316726,22,0.745415297928643,"Структурно значимый посредник, рекомендуется проверка: вход: 1 контр., 1 пер., 6800 KZT; выход: 2 контр., 2 пер., 75000 KZT."
100000006977207100,distributor,0.8918927935943061,21,0.6757396888402226,"Признаки распределения средств: вход: 1 контр., 1 пер., 414000 KZT; выход: 15 контр., 15 пер., 4157018 KZT."
100000001273783100,terminal,0.6346641459074733,7,0.3877099872251118,"Вероятный конечный получатель в наблюдаемом графе: вход: 1 контр., 1 пер., 23200 KZT; выход: 0 контр., 0 пер., 0 KZT."
100000000201868100,transit,0.8580516014234876,1,0.7583173647230584,"Признаки транзита, доля дальнейшего перевода 1.00: вход: 1 контр., 1 пер., 190000 KZT; выход: 1 контр., 1 пер., 190000 KZT."
100000007777377100,coordinator,0.8179937722419929,1,0.790230176110959,"Структурно значимый посредник, рекомендуется проверка: вход: 1 контр., 7 пер., 456290 KZT; выход: 2 контр., 2 пер., 10000 KZT."
100000004192865100,terminal,0.6346641459074733,29,0.6258560315722237,"Вероятный конечный получатель в наблюдаемом графе: вход: 1 контр., 1 пер., 66666 KZT; выход: 0 контр., 0 пер., 0 KZT."
100000006901046100,peripheral,0.5071396797153025,1,0.6829348024454786,"Слабо выраженная роль в наблюдаемом графе: вход: 1 контр., 3 пер., 75800 KZT; выход: 1 контр., 1 пер., 5500 KZT."
100000000437046100,distributor,0.8983985765124556,0,0.9094958481613284,"Признаки распределения средств: вход: 9 контр., 20 пер., 1107200 KZT; выход: 42 контр., 73 пер., 7606224 KZT."
100000008765494100,terminal,0.6346641459074733,3,0.37328691030203487,"Вероятный конечный получатель в наблюдаемом графе: вход: 1 контр., 1 пер., 24000 KZT; выход: 0 контр., 0 пер., 0 KZT."
100000008713270100,distributor,0.8599644128113879,5,0.5011434665571677,"Признаки распределения средств: вход: 1 контр., 1 пер., 30000 KZT; выход: 3 контр., 3 пер., 190000 KZT."
100000003603979100,terminal,0.6346641459074733,25,0.6634343918240715,"Вероятный конечный получатель в наблюдаемом графе: вход: 1 контр., 3 пер., 165000 KZT; выход: 0 контр., 0 пер., 0 KZT."
100000000943371100,terminal,0.6346641459074733,14,0.411306688566475,"Вероятный конечный получатель в наблюдаемом графе: вход: 1 контр., 1 пер., 15500 KZT; выход: 0 контр., 0 пер., 0 KZT."
100000008672480100,terminal,0.6346641459074733,3,0.31740835158317365,"Вероятный конечный получатель в наблюдаемом графе: вход: 1 контр., 1 пер., 13000 KZT; выход: 0 контр., 0 пер., 0 KZT."
100000008691168100,terminal,0.6346641459074733,3,0.37328691030203487,"Вероятный конечный получатель в наблюдаемом графе: вход: 1 контр., 1 пер., 24000 KZT; выход: 0 контр., 0 пер., 0 KZT."
100000003237045100,peripheral,0.6076957295373665,1,0.6059419198832009,"Слабо выраженная роль в наблюдаемом графе: вход: 1 контр., 2 пер., 340200 KZT; выход: 1 контр., 1 пер., 150000 KZT."
100000008736394100,terminal,0.6346641459074733,3,0.33437899215256867,"Вероятный конечный получатель в наблюдаемом графе: вход: 1 контр., 1 пер., 16000 KZT; выход: 0 контр., 0 пер., 0 KZT."
100000004160650100,distributor,0.8878892348754448,25,0.694730358609362,"Признаки распределения средств: вход: 2 контр., 4 пер., 75100 KZT; выход: 10 контр., 40 пер., 1489827 KZT."
100000000629812100,terminal,0.835442615658363,53,0.39097408522675425,"Вероятный конечный получатель в наблюдаемом графе: вход: 2 контр., 2 пер., 22000 KZT; выход: 0 контр., 0 пер., 0 KZT."
100000000955444100,terminal,0.6346641459074733,42,0.45520485445752346,"Вероятный конечный получатель в наблюдаемом графе: вход: 1 контр., 1 пер., 6910 KZT; выход: 0 контр., 0 пер., 0 KZT."
100000008731444100,distributor,0.886788256227758,0,0.7895803677342823,"Признаки распределения средств: вход: 3 контр., 5 пер., 439000 KZT; выход: 9 контр., 9 пер., 879768 KZT."
100000008413748100,distributor,0.8937944839857652,16,0.8016632448216077,"Признаки распределения средств: вход: 2 контр., 2 пер., 26480 KZT; выход: 18 контр., 21 пер., 1377320 KZT."
100000006787636100,terminal,0.6346641459074733,1,0.5154170088511725,"Вероятный конечный получатель в наблюдаемом графе: вход: 1 контр., 1 пер., 20000 KZT; выход: 0 контр., 0 пер., 0 KZT."
100000005942793100,terminal,0.8860876334519574,0,0.55714709371293,"Вероятный конечный получатель в наблюдаемом графе: вход: 4 контр., 4 пер., 55000 KZT; выход: 0 контр., 0 пер., 0 KZT."
100000008730846100,consolidator,0.8961966192170818,12,0.8371132174468472,"Признаки аккумуляции средств: вход: 7 контр., 11 пер., 155042 KZT; выход: 3 контр., 4 пер., 363370 KZT."
100000002570206100,terminal,0.835442615658363,16,0.548166803540469,"Вероятный конечный получатель в наблюдаемом графе: вход: 2 контр., 2 пер., 166960 KZT; выход: 0 контр., 0 пер., 0 KZT."
100000000785800100,transit,0.8580516014234876,54,0.5418207637558171,"Признаки транзита, доля дальнейшего перевода 1.00: вход: 1 контр., 1 пер., 19000 KZT; выход: 1 контр., 1 пер., 19000 KZT."
100000007382152100,terminal,0.6346641459074733,0,0.26091043890865956,"Вероятный конечный получатель в наблюдаемом графе: вход: 1 контр., 1 пер., 5860 KZT; выход: 0 контр., 0 пер., 0 KZT."
100000000910216100,transit,0.8656235527041252,0,0.700212040332147,"Признаки транзита, доля дальнейшего перевода 0.73: вход: 1 контр., 3 пер., 71000 KZT; выход: 1 контр., 1 пер., 52010 KZT."
100000003131016100,peripheral,0.6118327402135231,0,0.7239531435349942,"Слабо выраженная роль в наблюдаемом графе: вход: 1 контр., 7 пер., 405700 KZT; выход: 1 контр., 4 пер., 126000 KZT."
100000003221384100,terminal,0.6346641459074733,1,0.6518849803814216,"Вероятный конечный получатель в наблюдаемом графе: вход: 1 контр., 1 пер., 511200 KZT; выход: 0 контр., 0 пер., 0 KZT."
100000002156381100,consolidator,0.835442615658363,12,0.8250269185144629,"Признаки аккумуляции средств: вход: 2 контр., 7 пер., 61000 KZT; выход: 1 контр., 3 пер., 21800 KZT."
100000002779485100,terminal,0.6346641459074733,8,0.644796628342002,"Вероятный конечный получатель в наблюдаемом графе: вход: 1 контр., 2 пер., 91000 KZT; выход: 0 контр., 0 пер., 0 KZT."
100000008774237100,peripheral,0.4923932384341637,25,0.4560544985856374,"Слабо выраженная роль в наблюдаемом графе: вход: 1 контр., 1 пер., 50000 KZT; выход: 1 контр., 1 пер., 10000 KZT."
100000002628146100,terminal,0.6346641459074733,33,0.4613552787663108,"Вероятный конечный получатель в наблюдаемом графе: вход: 1 контр., 2 пер., 30500 KZT; выход: 0 контр., 0 пер., 0 KZT."
100000002852402100,terminal,0.6346641459074733,1,0.5183929874988594,"Вероятный конечный получатель в наблюдаемом графе: вход: 1 контр., 1 пер., 55000 KZT; выход: 0 контр., 0 пер., 0 KZT."
100000006989106100,terminal,0.6346641459074733,5,0.6079406195820787,"Вероятный конечный получатель в наблюдаемом графе: вход: 1 контр., 2 пер., 64000 KZT; выход: 0 контр., 0 пер., 0 KZT."
100000002958343100,peripheral,0.6473309608540925,5,0.7725046765215803,"Слабо выраженная роль в наблюдаемом графе: вход: 1 контр., 4 пер., 2900000 KZT; выход: 2 контр., 17 пер., 1390000 KZT."
100000008461532100,distributor,0.8853870106761565,27,0.8785195957660369,"Признаки распределения средств: вход: 2 контр., 2 пер., 565300 KZT; выход: 8 контр., 9 пер., 2530090 KZT."
100000004400305100,distributor,0.8993994661921709,0,0.8244602609727165,"Признаки распределения средств: вход: 7 контр., 9 пер., 222800 KZT; выход: 82 контр., 101 пер., 5830181 KZT."
100000000297649100,peripheral,0.5301601423487544,11,0.6563347476959576,"Слабо выраженная роль в наблюдаемом графе: вход: 1 контр., 1 пер., 40000 KZT; выход: 1 контр., 2 пер., 70600 KZT."
100000003191430100,terminal,0.6346641459074733,1,0.6512711013778629,"Вероятный конечный получатель в наблюдаемом графе: вход: 1 контр., 1 пер., 180000 KZT; выход: 0 контр., 0 пер., 0 KZT."
100000003275398100,peripheral,0.5867437722419928,25,0.591321402500228,"Слабо выраженная роль в наблюдаемом графе: вход: 1 контр., 1 пер., 300000 KZT; выход: 1 контр., 1 пер., 20000 KZT."
100000005203590100,terminal,0.6346641459074733,5,0.4625669541016516,"Вероятный конечный получатель в наблюдаемом графе: вход: 1 контр., 1 пер., 90000 KZT; выход: 0 контр., 0 пер., 0 KZT."
100000008672603100,terminal,0.6346641459074733,2,0.39320649694315174,"Вероятный конечный получатель в наблюдаемом графе: вход: 1 контр., 1 пер., 21200 KZT; выход: 0 контр., 0 пер., 0 KZT."
100000000718427100,terminal,0.6346641459074733,3,0.2709337074550598,"Вероятный конечный получатель в наблюдаемом графе: вход: 1 контр., 1 пер., 6000 KZT; выход: 0 контр., 0 пер., 0 KZT."
100000003104347100,coordinator,0.769661921708185,23,0.7401442877999816,"Структурно значимый посредник, рекомендуется проверка: вход: 1 контр., 1 пер., 418000 KZT; выход: 1 контр., 1 пер., 32000 KZT."
100000002974256100,terminal,0.6346641459074733,11,0.5568285199379506,"Вероятный конечный получатель в наблюдаемом графе: вход: 1 контр., 1 пер., 7200 KZT; выход: 0 контр., 0 пер., 0 KZT."
100000007173936100,terminal,0.6346641459074733,30,0.2475909070170636,"Вероятный конечный получатель в наблюдаемом графе: вход: 1 контр., 1 пер., 10000 KZT; выход: 0 контр., 0 пер., 0 KZT."
100000002744581100,terminal,0.6346641459074733,5,0.46351446299844884,"Вероятный конечный получатель в наблюдаемом графе: вход: 1 контр., 1 пер., 12000 KZT; выход: 0 контр., 0 пер., 0 KZT."
100000000596954100,coordinator,0.8072620106761565,2,0.8018096997901267,"Структурно значимый посредник, рекомендуется проверка: вход: 1 контр., 1 пер., 120000 KZT; выход: 2 контр., 2 пер., 48100 KZT."
100000004950490100,terminal,0.6346641459074733,5,0.4667884843507619,"Вероятный конечный получатель в наблюдаемом графе: вход: 1 контр., 1 пер., 10000 KZT; выход: 0 контр., 0 пер., 0 KZT."
100000008772058100,terminal,0.6346641459074733,3,0.4466943836116434,"Вероятный конечный получатель в наблюдаемом графе: вход: 1 контр., 1 пер., 50000 KZT; выход: 0 контр., 0 пер., 0 KZT."
100000000971908100,terminal,0.6346641459074733,5,0.46105005018706086,"Вероятный конечный получатель в наблюдаемом графе: вход: 1 контр., 1 пер., 89000 KZT; выход: 0 контр., 0 пер., 0 KZT."
100000008687492100,terminal,0.6346641459074733,3,0.32835363628068254,"Вероятный конечный получатель в наблюдаемом графе: вход: 1 контр., 1 пер., 15000 KZT; выход: 0 контр., 0 пер., 0 KZT."
100000003159641100,consolidator,0.8860876334519574,56,0.6455025549776439,"Признаки аккумуляции средств: вход: 4 контр., 7 пер., 64000 KZT; выход: 1 контр., 1 пер., 197800 KZT."
100000005326681100,terminal,0.6346641459074733,1,0.3970584679259056,"Вероятный конечный получатель в наблюдаемом графе: вход: 1 контр., 1 пер., 31228 KZT; выход: 0 контр., 0 пер., 0 KZT."
100000006888238100,peripheral,0.47411032028469746,57,0.6478246190345833,"Слабо выраженная роль в наблюдаемом графе: вход: 1 контр., 1 пер., 18000 KZT; выход: 1 контр., 1 пер., 30000 KZT."
100000001290243100,terminal,0.6346641459074733,1,0.4543716351856921,"Вероятный конечный получатель в наблюдаемом графе: вход: 1 контр., 1 пер., 10000 KZT; выход: 0 контр., 0 пер., 0 KZT."
100000008289539100,terminal,0.6346641459074733,1,0.324691919883201,"Вероятный конечный получатель в наблюдаемом графе: вход: 1 контр., 1 пер., 14912 KZT; выход: 0 контр., 0 пер., 0 KZT."
100000000821507100,terminal,0.6346641459074733,30,0.5584361027466009,"Вероятный конечный получатель в наблюдаемом графе: вход: 1 контр., 1 пер., 400000 KZT; выход: 0 контр., 0 пер., 0 KZT."
100000003086040100,terminal,0.6346641459074733,0,0.5872627520759193,"Вероятный конечный получатель в наблюдаемом графе: вход: 1 контр., 1 пер., 10500 KZT; выход: 0 контр., 0 пер., 0 KZT."
100000002969048100,terminal,0.6346641459074733,5,0.48164168719773703,"Вероятный конечный получатель в наблюдаемом графе: вход: 1 контр., 1 пер., 108470 KZT; выход: 0 контр., 0 пер., 0 KZT."
100000002826669100,terminal,0.6346641459074733,0,0.631106168446026,"Вероятный конечный получатель в наблюдаемом графе: вход: 1 контр., 4 пер., 159900 KZT; выход: 0 контр., 0 пер., 0 KZT."
100000002293421100,transit,0.8792737175592397,0,0.7994068801897982,"Признаки транзита, доля дальнейшего перевода 1.15: вход: 2 контр., 6 пер., 41000 KZT; выход: 2 контр., 5 пер., 47000 KZT."
100000004732589100,terminal,0.6346641459074733,7,0.607816748790948,"Вероятный конечный получатель в наблюдаемом графе: вход: 1 контр., 1 пер., 227520 KZT; выход: 0 контр., 0 пер., 0 KZT."
100000003003821100,terminal,0.6346641459074733,2,0.5790027602883475,"Вероятный конечный получатель в наблюдаемом графе: вход: 1 контр., 1 пер., 40000 KZT; выход: 0 контр., 0 пер., 0 KZT."
100000005237935150,terminal,0.6346641459074733,13,0.40373962040332145,"Вероятный конечный получатель в наблюдаемом графе: вход: 1 контр., 1 пер., 34508 KZT; выход: 0 контр., 0 пер., 0 KZT."
100000004463277100,terminal,0.6346641459074733,29,0.6279156401131488,"Вероятный конечный получатель в наблюдаемом графе: вход: 1 контр., 1 пер., 35000 KZT; выход: 0 контр., 0 пер., 0 KZT."
100000006523053100,terminal,0.6346641459074733,2,0.5680063190072087,"Вероятный конечный получатель в наблюдаемом графе: вход: 1 контр., 1 пер., 5000 KZT; выход: 0 контр., 0 пер., 0 KZT."
100000001954903100,terminal,0.6346641459074733,7,0.4029057167624783,"Вероятный конечный получатель в наблюдаемом графе: вход: 1 контр., 1 пер., 27118 KZT; выход: 0 контр., 0 пер., 0 KZT."
100000005328215100,terminal,0.6346641459074733,7,0.40203383064148185,"Вероятный конечный получатель в наблюдаемом графе: вход: 1 контр., 1 пер., 27000 KZT; выход: 0 контр., 0 пер., 0 KZT."
100000004424023100,coordinator,0.7792259786476868,5,0.8467617939593027,"Структурно значимый посредник, рекомендуется проверка: вход: 1 контр., 1 пер., 50000 KZT; выход: 1 контр., 1 пер., 100000 KZT."
100000002299948100,terminal,0.6346641459074733,33,0.31487841043890863,"Вероятный конечный получатель в наблюдаемом графе: вход: 1 контр., 1 пер., 6750 KZT; выход: 0 контр., 0 пер., 0 KZT."
100000005105153100,terminal,0.6346641459074733,0,0.5584326809015421,"Вероятный конечный получатель в наблюдаемом графе: вход: 1 контр., 1 пер., 30000 KZT; выход: 0 контр., 0 пер., 0 KZT."
100000001985793100,terminal,0.6346641459074733,5,0.6108943562368828,"Вероятный конечный получатель в наблюдаемом графе: вход: 1 контр., 1 пер., 420000 KZT; выход: 0 контр., 0 пер., 0 KZT."
100000003134934100,terminal,0.8860876334519574,0,0.6563864175563463,"Вероятный конечный получатель в наблюдаемом графе: вход: 4 контр., 4 пер., 379354 KZT; выход: 0 контр., 0 пер., 0 KZT."
100000006240939100,distributor,0.8762789145907474,5,0.6442306551692671,"Признаки распределения средств: вход: 1 контр., 1 пер., 160000 KZT; выход: 5 контр., 5 пер., 778015 KZT."
100000008656043100,terminal,0.6346641459074733,3,0.38278424126288896,"Вероятный конечный получатель в наблюдаемом графе: вход: 1 контр., 1 пер., 26200 KZT; выход: 0 контр., 0 пер., 0 KZT."
100000002605184100,terminal,0.6346641459074733,1,0.5967426316269732,"Вероятный конечный получатель в наблюдаемом графе: вход: 1 контр., 1 пер., 140000 KZT; выход: 0 контр., 0 пер., 0 KZT."
100000003157333100,terminal,0.6346641459074733,5,0.35758029929738117,"Вероятный конечный получатель в наблюдаемом графе: вход: 1 контр., 1 пер., 30000 KZT; выход: 0 контр., 0 пер., 0 KZT."
100000007898453100,coordinator,0.7987544483985765,71,0.6878023770417009,"Структурно значимый посредник, рекомендуется проверка: вход: 1 контр., 1 пер., 24750 KZT; выход: 2 контр., 2 пер., 320000 KZT."
100000002710570100,terminal,0.6346641459074733,31,0.6457875946710465,"Вероятный конечный получатель в наблюдаемом графе: вход: 1 контр., 1 пер., 225015 KZT; выход: 0 контр., 0 пер., 0 KZT."
100000004979498100,peripheral,0.6256450177935943,51,0.7006799206131946,"Слабо выраженная роль в наблюдаемом графе: вход: 1 контр., 2 пер., 700000 KZT; выход: 1 контр., 1 пер., 200000 KZT."
100000001541418100,terminal,0.835442615658363,18,0.49453314627247014,"Вероятный конечный получатель в наблюдаемом графе: вход: 2 контр., 2 пер., 96900 KZT; выход: 0 контр., 0 пер., 0 KZT."
100000007797290100,coordinator,0.7767237544483986,0,0.6427743179122183,"Структурно значимый посредник, рекомендуется проверка: вход: 1 контр., 1 пер., 100000 KZT; выход: 1 контр., 1 пер., 20000 KZT."
100000008683818100,terminal,0.6346641459074733,3,0.34295772880737296,"Вероятный конечный получатель в наблюдаемом графе: вход: 1 контр., 1 пер., 17400 KZT; выход: 0 контр., 0 пер., 0 KZT."
100000006567935100,terminal,0.6346641459074733,30,0.49317809562916326,"Вероятный конечный получатель в наблюдаемом графе: вход: 1 контр., 1 пер., 200000 KZT; выход: 0 контр., 0 пер., 0 KZT."
100000002132479100,transit,0.7580516014234875,15,0.6652216214983118,"Признаки транзита, доля дальнейшего перевода 0.67: вход: 1 контр., 2 пер., 30000 KZT; выход: 1 контр., 1 пер., 20000 KZT."
100000002170580100,terminal,0.6346641459074733,7,0.5722473537731545,"Вероятный конечный получатель в наблюдаемом графе: вход: 1 контр., 1 пер., 150000 KZT; выход: 0 контр., 0 пер., 0 KZT."
100000001232297100,peripheral,0.4785142348754448,14,0.3824899625878274,"Слабо выраженная роль в наблюдаемом графе: вход: 1 контр., 1 пер., 5000 KZT; выход: 2 контр., 2 пер., 45000 KZT."
100000002028158100,terminal,0.6346641459074733,1,0.40714743589743585,"Вероятный конечный получатель в наблюдаемом графе: вход: 1 контр., 1 пер., 34800 KZT; выход: 0 контр., 0 пер., 0 KZT."
100000005519998100,transit,0.9261307975831997,46,0.7993907975180217,"Признаки транзита, доля дальнейшего перевода 1.03: вход: 3 контр., 5 пер., 182000 KZT; выход: 3 контр., 8 пер., 188000 KZT."
100000002335358100,terminal,0.6346641459074733,1,0.6809063326945889,"Вероятный конечный получатель в наблюдаемом графе: вход: 1 контр., 2 пер., 140000 KZT; выход: 0 контр., 0 пер., 0 KZT."
100000007289427100,terminal,0.6346641459074733,2,0.5125436855552514,"Вероятный конечный получатель в наблюдаемом графе: вход: 1 контр., 1 пер., 12300 KZT; выход: 0 контр., 0 пер., 0 KZT."
100000004592467100,terminal,0.6346641459074733,2,0.2622678848435076,"Вероятный конечный получатель в наблюдаемом графе: вход: 1 контр., 1 пер., 7000 KZT; выход: 0 контр., 0 пер., 0 KZT."
100000004993576100,terminal,0.6346641459074733,1,0.5635753718404964,"Вероятный конечный получатель в наблюдаемом графе: вход: 1 контр., 1 пер., 167000 KZT; выход: 0 контр., 0 пер., 0 KZT."
100000001648936100,terminal,0.6346641459074733,5,0.46582763025823526,"Вероятный конечный получатель в наблюдаемом графе: вход: 1 контр., 1 пер., 92740 KZT; выход: 0 контр., 0 пер., 0 KZT."
100000008512552100,distributor,0.8804826512455517,16,0.8095724974906469,"Признаки распределения средств: вход: 4 контр., 9 пер., 394360 KZT; выход: 6 контр., 11 пер., 1302275 KZT."
100000007629096100,consolidator,0.8860876334519574,32,0.8676141755634638,"Признаки аккумуляции средств: вход: 4 контр., 5 пер., 1075170 KZT; выход: 1 контр., 5 пер., 765205 KZT."
100000001601320100,consolidator,0.835442615658363,5,0.8003694452048544,"Признаки аккумуляции средств: вход: 2 контр., 2 пер., 43500 KZT; выход: 1 контр., 1 пер., 46200 KZT."
100000005782781100,distributor,0.8878892348754448,5,0.8376069896888401,"Признаки распределения средств: вход: 6 контр., 10 пер., 171888 KZT; выход: 10 контр., 10 пер., 1263597 KZT."
100000002723538100,distributor,0.8897909252669038,2,0.7665086914864495,"Признаки распределения средств: вход: 3 контр., 3 пер., 105647 KZT; выход: 12 контр., 14 пер., 560499 KZT."
100000002340562100,terminal,0.6346641459074733,5,0.6017484487635733,"Вероятный конечный получатель в наблюдаемом графе: вход: 1 контр., 2 пер., 36650 KZT; выход: 0 контр., 0 пер., 0 KZT."
100000005939154100,terminal,0.6346641459074733,1,0.3715869376767953,"Вероятный конечный получатель в наблюдаемом графе: вход: 1 контр., 2 пер., 22000 KZT; выход: 0 контр., 0 пер., 0 KZT."
100000004386258100,coordinator,0.829826512455516,11,0.8043952459165981,"Структурно значимый посредник, рекомендуется проверка: вход: 3 контр., 3 пер., 61700 KZT; выход: 3 контр., 3 пер., 40000 KZT."
100000008406609100,terminal,0.6346641459074733,20,0.5578410438908659,"Вероятный конечный получатель в наблюдаемом графе: вход: 1 контр., 1 пер., 34000 KZT; выход: 0 контр., 0 пер., 0 KZT."
100000007242833100,coordinator,0.7816725978647687,11,0.7801336800802993,"Структурно значимый посредник, рекомендуется проверка: вход: 1 контр., 3 пер., 107500 KZT; выход: 1 контр., 2 пер., 45000 KZT."
100000004698193100,distributor,0.8599644128113879,5,0.7592128615749612,"Признаки распределения средств: вход: 2 контр., 15 пер., 222700 KZT; выход: 3 контр., 5 пер., 38000 KZT."
100000002733905100,consolidator,0.8711743772241993,3,0.8821481202664476,"Признаки аккумуляции средств: вход: 3 контр., 5 пер., 100000 KZT; выход: 2 контр., 3 пер., 717839 KZT."
100000006912294100,peripheral,0.4554270462633452,18,0.5570286978738935,"Слабо выраженная роль в наблюдаемом графе: вход: 1 контр., 1 пер., 6335 KZT; выход: 2 контр., 2 пер., 30000 KZT."
100000003036198100,terminal,0.6346641459074733,2,0.28864244000365,"Вероятный конечный получатель в наблюдаемом графе: вход: 1 контр., 1 пер., 15000 KZT; выход: 0 контр., 0 пер., 0 KZT."
100000004687099100,terminal,0.6346641459074733,5,0.5035144629984488,"Вероятный конечный получатель в наблюдаемом графе: вход: 1 контр., 1 пер., 30000 KZT; выход: 0 контр., 0 пер., 0 KZT."
100000005242320100,distributor,0.8947953736654805,13,0.7365287663107947,"Признаки распределения средств: вход: 2 контр., 2 пер., 365700 KZT; выход: 21 контр., 29 пер., 8936295 KZT."
100000008762832100,peripheral,0.5712633451957295,2,0.5051860343096999,"Слабо выраженная роль в наблюдаемом графе: вход: 1 контр., 1 пер., 150000 KZT; выход: 1 контр., 4 пер., 85000 KZT."
100000002489253100,terminal,0.6346641459074733,1,0.4469739483529519,"Вероятный конечный получатель в наблюдаемом графе: вход: 1 контр., 1 пер., 51000 KZT; выход: 0 контр., 0 пер., 0 KZT."
100000004756901100,terminal,0.6346641459074733,1,0.5091848024454786,"Вероятный конечный получатель в наблюдаемом графе: вход: 1 контр., 1 пер., 153248 KZT; выход: 0 контр., 0 пер., 0 KZT."
100000008749989100,terminal,0.6346641459074733,3,0.33437899215256867,"Вероятный конечный получатель в наблюдаемом графе: вход: 1 контр., 1 пер., 16000 KZT; выход: 0 контр., 0 пер., 0 KZT."
100000001380986100,terminal,0.6346641459074733,18,0.38410610000912493,"Вероятный конечный получатель в наблюдаемом графе: вход: 1 контр., 1 пер., 70170 KZT; выход: 0 контр., 0 пер., 0 KZT."
100000003089018100,terminal,0.6346641459074733,18,0.4944931106852815,"Вероятный конечный получатель в наблюдаемом графе: вход: 1 контр., 1 пер., 230000 KZT; выход: 0 контр., 0 пер., 0 KZT."
100000008742266100,terminal,0.6346641459074733,3,0.3610493658180491,"Вероятный конечный получатель в наблюдаемом графе: вход: 1 контр., 1 пер., 21000 KZT; выход: 0 контр., 0 пер., 0 KZT."
100000003044431100,terminal,0.835442615658363,0,0.49047449584816133,"Вероятный конечный получатель в наблюдаемом графе: вход: 2 контр., 2 пер., 60000 KZT; выход: 0 контр., 0 пер., 0 KZT."
100000003321423100,terminal,0.6346641459074733,12,0.672727096450406,"Вероятный конечный получатель в наблюдаемом графе: вход: 1 контр., 2 пер., 100000 KZT; выход: 0 контр., 0 пер., 0 KZT."
100000002540623100,terminal,0.6346641459074733,7,0.5388487772606989,"Вероятный конечный получатель в наблюдаемом графе: вход: 1 контр., 1 пер., 100000 KZT; выход: 0 контр., 0 пер., 0 KZT."
100000004225615100,terminal,0.6346641459074733,18,0.40637033488456975,"Вероятный конечный получатель в наблюдаемом графе: вход: 1 контр., 2 пер., 90000 KZT; выход: 0 контр., 0 пер., 0 KZT."
100000004820260100,distributor,0.8599644128113879,1,0.8696741262888948,"Признаки распределения средств: вход: 1 контр., 12 пер., 234200 KZT; выход: 3 контр., 10 пер., 215350 KZT."
100000000795129100,terminal,0.6346641459074733,1,0.6192337348298201,"Вероятный конечный получатель в наблюдаемом графе: вход: 1 контр., 1 пер., 332000 KZT; выход: 0 контр., 0 пер., 0 KZT."
100000008213966100,consolidator,0.8711743772241993,28,0.8733621908933296,"Признаки аккумуляции средств: вход: 3 контр., 7 пер., 187004 KZT; выход: 1 контр., 8 пер., 436900 KZT."
100000008478414100,terminal,0.6346641459074733,3,0.2984136896614655,"Вероятный конечный получатель в наблюдаемом графе: вход: 1 контр., 1 пер., 10000 KZT; выход: 0 контр., 0 пер., 0 KZT."
100000001330595100,consolidator,0.8711743772241993,25,0.7335722921799434,"Признаки аккумуляции средств: вход: 3 контр., 6 пер., 87000 KZT; выход: 1 контр., 1 пер., 154000 KZT."
100000000076451100,distributor,0.8705738434163701,1,0.8624588237977917,"Признаки распределения средств: вход: 3 контр., 4 пер., 87707 KZT; выход: 4 контр., 4 пер., 58000 KZT."
100000005664632100,terminal,0.6346641459074733,66,0.5439702527602883,"Вероятный конечный получатель в наблюдаемом графе: вход: 1 контр., 18 пер., 198620 KZT; выход: 0 контр., 0 пер., 0 KZT."
100000002457464100,terminal,0.6346641459074733,2,0.5161113012136143,"Вероятный конечный получатель в наблюдаемом графе: вход: 1 контр., 1 пер., 66647 KZT; выход: 0 контр., 0 пер., 0 KZT."
100000002757240100,terminal,0.6346641459074733,2,0.49607126562642573,"Вероятный конечный получатель в наблюдаемом графе: вход: 1 контр., 1 пер., 51183 KZT; выход: 0 контр., 0 пер., 0 KZT."
100000003718221100,distributor,0.8705738434163701,23,0.865424536910302,"Признаки распределения средств: вход: 2 контр., 6 пер., 350000 KZT; выход: 4 контр., 8 пер., 423500 KZT."
100000008629581100,terminal,0.6346641459074733,2,0.4953817638470664,"Вероятный конечный получатель в наблюдаемом графе: вход: 1 контр., 1 пер., 54184 KZT; выход: 0 контр., 0 пер., 0 KZT."
100000004806903100,terminal,0.6346641459074733,2,0.5857153937403047,"Вероятный конечный получатель в наблюдаемом графе: вход: 1 контр., 1 пер., 18000 KZT; выход: 0 контр., 0 пер., 0 KZT."
100000000913911100,consolidator,0.835442615658363,2,0.7937803403595217,"Признаки аккумуляции средств: вход: 2 контр., 2 пер., 467000 KZT; выход: 1 контр., 1 пер., 600000 KZT."
100000004905207100,terminal,0.6346641459074733,15,0.6305419061958208,"Вероятный конечный получатель в наблюдаемом графе: вход: 1 контр., 1 пер., 380000 KZT; выход: 0 контр., 0 пер., 0 KZT."
100000003831201100,terminal,0.6346641459074733,0,0.6158170225385526,"Вероятный конечный получатель в наблюдаемом графе: вход: 1 контр., 3 пер., 40500 KZT; выход: 0 контр., 0 пер., 0 KZT."
100000003073398100,terminal,0.6346641459074733,5,0.4667173099735377,"Вероятный конечный получатель в наблюдаемом графе: вход: 1 контр., 1 пер., 92960 KZT; выход: 0 контр., 0 пер., 0 KZT."
100000008418934100,terminal,0.6346641459074733,18,0.5422511178027193,"Вероятный конечный получатель в наблюдаемом графе: вход: 1 контр., 1 пер., 360000 KZT; выход: 0 контр., 0 пер., 0 KZT."
100000002741024100,coordinator,0.8333518683274022,32,0.9019469157769868,"Структурно значимый посредник, рекомендуется проверка: вход: 5 контр., 9 пер., 817981 KZT; выход: 6 контр., 7 пер., 434989 KZT."
100000008106997100,consolidator,0.835442615658363,0,0.6210038552787662,"Признаки аккумуляции средств: вход: 2 контр., 2 пер., 35600 KZT; выход: 1 контр., 1 пер., 20600 KZT."
100000007998965100,consolidator,0.8915925266903915,7,0.7871895245916598,"Признаки аккумуляции средств: вход: 5 контр., 7 пер., 278000 KZT; выход: 1 контр., 3 пер., 26000 KZT."
100000001822623100,terminal,0.6346641459074733,23,0.5328177753444657,"Вероятный конечный получатель в наблюдаемом графе: вход: 1 контр., 1 пер., 201300 KZT; выход: 0 контр., 0 пер., 0 KZT."
100000006424479100,coordinator,0.8121552491103203,14,0.8865557988867596,"Структурно значимый посредник, рекомендуется проверка: вход: 1 контр., 2 пер., 500000 KZT; выход: 2 контр., 3 пер., 220000 KZT."
100000008696692100,terminal,0.6346641459074733,3,0.3496525686650242,"Вероятный конечный получатель в наблюдаемом графе: вход: 1 контр., 1 пер., 19000 KZT; выход: 0 контр., 0 пер., 0 KZT."
100000002748532100,consolidator,0.8711743772241993,17,0.747464298749886,"Признаки аккумуляции средств: вход: 3 контр., 3 пер., 355575 KZT; выход: 2 контр., 7 пер., 646685 KZT."
100000004456564100,terminal,0.6346641459074733,15,0.5096900378684187,"Вероятный конечный получатель в наблюдаемом графе: вход: 1 контр., 2 пер., 10000 KZT; выход: 0 контр., 0 пер., 0 KZT."
100000001530740100,terminal,0.6346641459074733,1,0.5719694999543753,"Вероятный конечный получатель в наблюдаемом графе: вход: 1 контр., 1 пер., 15000 KZT; выход: 0 контр., 0 пер., 0 KZT."
100000001386612100,terminal,0.6346641459074733,20,0.5796426453143535,"Вероятный конечный получатель в наблюдаемом графе: вход: 1 контр., 1 пер., 62264 KZT; выход: 0 контр., 0 пер., 0 KZT."
100000003360542100,coordinator,0.6763678825622775,12,0.7895375946710464,"Структурно значимый посредник, рекомендуется проверка: вход: 2 контр., 3 пер., 317000 KZT; выход: 2 контр., 5 пер., 51800 KZT."
100000008352542100,terminal,0.6346641459074733,2,0.5202527602883475,"Вероятный конечный получатель в наблюдаемом графе: вход: 1 контр., 1 пер., 50220 KZT; выход: 0 контр., 0 пер., 0 KZT."
100000001138376100,terminal,0.6346641459074733,1,0.32858426863764933,"Вероятный конечный получатель в наблюдаемом графе: вход: 1 контр., 1 пер., 15300 KZT; выход: 0 контр., 0 пер., 0 KZT."
100000003246024100,coordinator,0.8115880782918149,0,0.7301631079478055,"Структурно значимый посредник, рекомендуется проверка: вход: 1 контр., 1 пер., 25000 KZT; выход: 1 контр., 1 пер., 5000 KZT."
100000002680477100,terminal,0.6346641459074733,13,0.373223606168446,"Вероятный конечный получатель в наблюдаемом графе: вход: 1 контр., 1 пер., 25000 KZT; выход: 0 контр., 0 пер., 0 KZT."
100000005882013100,consolidator,0.835442615658363,14,0.6802435213066884,"Признаки аккумуляции средств: вход: 2 контр., 3 пер., 135000 KZT; выход: 1 контр., 1 пер., 10000 KZT."
100000005665181100,distributor,0.8889902135231318,4,0.7845728396751528,"Признаки распределения средств: вход: 4 контр., 5 пер., 45498 KZT; выход: 11 контр., 11 пер., 181915 KZT."
100000008141170100,terminal,0.6346641459074733,1,0.6074588237977917,"Вероятный конечный получатель в наблюдаемом графе: вход: 1 контр., 1 пер., 11000 KZT; выход: 0 контр., 0 пер., 0 KZT."
100000001382002100,transit,0.8498697832416693,0,0.7092067022538551,"Признаки транзита, доля дальнейшего перевода 1.03: вход: 1 контр., 2 пер., 55000 KZT; выход: 1 контр., 3 пер., 56500 KZT."
100000002481735100,terminal,0.6346641459074733,1,0.5232995711287526,"Вероятный конечный получатель в наблюдаемом графе: вход: 1 контр., 2 пер., 22436 KZT; выход: 0 контр., 0 пер., 0 KZT."
100000000806727100,peripheral,0.4785142348754448,2,0.5171744684734009,"Слабо выраженная роль в наблюдаемом графе: вход: 1 контр., 1 пер., 45000 KZT; выход: 1 контр., 1 пер., 5000 KZT."
100000003039473100,terminal,0.6346641459074733,1,0.4536287526234145,"Вероятный конечный получатель в наблюдаемом графе: вход: 1 контр., 1 пер., 23000 KZT; выход: 0 контр., 0 пер., 0 KZT."
100000005205745100,terminal,0.6346641459074733,5,0.42322531709097544,"Вероятный конечный получатель в наблюдаемом графе: вход: 1 контр., 1 пер., 6000 KZT; выход: 0 контр., 0 пер., 0 KZT."
100000004356593100,coordinator,0.769661921708185,2,0.5691228670499133,"Структурно значимый посредник, рекомендуется проверка: вход: 1 контр., 1 пер., 50000 KZT; выход: 1 контр., 1 пер., 10000 KZT."
100000008688881100,terminal,0.6346641459074733,3,0.4320146683091523,"Вероятный конечный получатель в наблюдаемом графе: вход: 1 контр., 1 пер., 44211 KZT; выход: 0 контр., 0 пер., 0 KZT."
100000008111003100,consolidator,0.8944951067615659,0,0.8124584816132858,"Признаки аккумуляции средств: вход: 6 контр., 9 пер., 222716 KZT; выход: 1 контр., 1 пер., 35000 KZT."
100000003016773100,terminal,0.6346641459074733,10,0.48066919883201015,"Вероятный конечный получатель в наблюдаемом графе: вход: 1 контр., 1 пер., 46555 KZT; выход: 0 контр., 0 пер., 0 KZT."
100000004674799100,terminal,0.6346641459074733,0,0.6985083036773427,"Вероятный конечный получатель в наблюдаемом графе: вход: 1 контр., 5 пер., 140000 KZT; выход: 0 контр., 0 пер., 0 KZT."
100000005834479100,peripheral,0.4181939501779359,8,0.36140250022812304,"Слабо выраженная роль в наблюдаемом графе: вход: 1 контр., 1 пер., 7500 KZT; выход: 2 контр., 2 пер., 14470 KZT."
100000003278020100,terminal,0.6346641459074733,0,0.5496426453143535,"Вероятный конечный получатель в наблюдаемом графе: вход: 1 контр., 1 пер., 190000 KZT; выход: 0 контр., 0 пер., 0 KZT."
100000000831684100,peripheral,0.4962633451957295,11,0.6636612601514736,"Слабо выраженная роль в наблюдаемом графе: вход: 1 контр., 2 пер., 15000 KZT; выход: 1 контр., 3 пер., 50000 KZT."
100000000307908100,terminal,0.6346641459074733,41,0.3276114380874167,"Вероятный конечный получатель в наблюдаемом графе: вход: 1 контр., 1 пер., 5000 KZT; выход: 0 контр., 0 пер., 0 KZT."
100000001782980100,peripheral,0.6178380782918149,29,0.5773862806825439,"Слабо выраженная роль в наблюдаемом графе: вход: 1 контр., 1 пер., 50000 KZT; выход: 1 контр., 3 пер., 596200 KZT."
100000002454724100,terminal,0.6346641459074733,30,0.4477199105757824,"Вероятный конечный получатель в наблюдаемом графе: вход: 1 контр., 3 пер., 125000 KZT; выход: 0 контр., 0 пер., 0 KZT."
100000005904580100,terminal,0.835442615658363,11,0.6176114380874167,"Вероятный конечный получатель в наблюдаемом графе: вход: 2 контр., 2 пер., 72000 KZT; выход: 0 контр., 0 пер., 0 KZT."
100000008474308100,transit,0.7723373157092018,0,0.5920848161328589,"Признаки транзита, доля дальнейшего перевода 0.71: вход: 1 контр., 2 пер., 14000 KZT; выход: 1 контр., 1 пер., 10000 KZT."
100000000795033100,terminal,0.6346641459074733,0,0.5869558125741399,"Вероятный конечный получатель в наблюдаемом графе: вход: 1 контр., 1 пер., 18200 KZT; выход: 0 контр., 0 пер., 0 KZT."
100000000861294100,terminal,0.6346641459074733,5,0.5154450679806551,"Вероятный конечный получатель в наблюдаемом графе: вход: 1 контр., 1 пер., 150000 KZT; выход: 0 контр., 0 пер., 0 KZT."
100000006557763100,terminal,0.6346641459074733,2,0.4880330093986678,"Вероятный конечный получатель в наблюдаемом графе: вход: 1 контр., 1 пер., 10000 KZT; выход: 0 контр., 0 пер., 0 KZT."
100000005608515100,terminal,0.6346641459074733,5,0.39905716762478327,"Вероятный конечный получатель в наблюдаемом графе: вход: 1 контр., 4 пер., 64000 KZT; выход: 0 контр., 0 пер., 0 KZT."
100000003922499100,terminal,0.6346641459074733,11,0.6151781640660643,"Вероятный конечный получатель в наблюдаемом графе: вход: 1 контр., 1 пер., 50000 KZT; выход: 0 контр., 0 пер., 0 KZT."
100000008603629100,distributor,0.8985987544483987,8,0.9170163792316817,"Признаки распределения средств: вход: 19 контр., 45 пер., 1817300 KZT; выход: 61 контр., 74 пер., 4986156 KZT."
100000004825069100,terminal,0.6346641459074733,3,0.39570683912765764,"Вероятный конечный получатель в наблюдаемом графе: вход: 1 контр., 4 пер., 30000 KZT; выход: 0 контр., 0 пер., 0 KZT."
100000004331458100,terminal,0.835442615658363,47,0.6985811889770964,"Вероятный конечный получатель в наблюдаемом графе: вход: 2 контр., 2 пер., 250000 KZT; выход: 0 контр., 0 пер., 0 KZT."
100000002911170100,terminal,0.6346641459074733,30,0.5357670636006935,"Вероятный конечный получатель в наблюдаемом графе: вход: 1 контр., 2 пер., 300000 KZT; выход: 0 контр., 0 пер., 0 KZT."
100000008011159100,distributor,0.8762789145907474,40,0.7937950542932748,"Признаки распределения средств: вход: 3 контр., 6 пер., 363000 KZT; выход: 5 контр., 5 пер., 153037 KZT."
100000003854444100,distributor,0.8911921708185053,19,0.8279211150652431,"Признаки распределения средств: вход: 1 контр., 4 пер., 210000 KZT; выход: 14 контр., 14 пер., 2322909 KZT."
100000008547948100,distributor,0.8960965302491104,9,0.830989141345013,"Признаки распределения средств: вход: 6 контр., 7 пер., 212665 KZT; выход: 26 контр., 31 пер., 5185600 KZT."
100000005175148100,consolidator,0.835442615658363,1,0.7277791084953006,"Признаки аккумуляции средств: вход: 2 контр., 4 пер., 79000 KZT; выход: 1 контр., 1 пер., 15000 KZT."
100000002087788100,terminal,0.6346641459074733,4,0.6783806688566475,"Вероятный конечный получатель в наблюдаемом графе: вход: 1 контр., 1 пер., 100500 KZT; выход: 0 контр., 0 пер., 0 KZT."
100000004150593100,distributor,0.8889902135231318,1,0.7236376494205675,"Признаки распределения средств: вход: 1 контр., 2 пер., 57000 KZT; выход: 11 контр., 16 пер., 871165 KZT."
100000001597505100,peripheral,0.4598309608540925,33,0.4476275207591933,"Слабо выраженная роль в наблюдаемом графе: вход: 1 контр., 1 пер., 26460 KZT; выход: 1 контр., 1 пер., 12920 KZT."
100000007629121100,terminal,0.6346641459074733,2,0.5530419061958207,"Вероятный конечный получатель в наблюдаемом графе: вход: 1 контр., 1 пер., 29000 KZT; выход: 0 контр., 0 пер., 0 KZT."
100000005614315100,terminal,0.6346641459074733,1,0.7029659412355141,"Вероятный конечный получатель в наблюдаемом графе: вход: 1 контр., 1 пер., 455000 KZT; выход: 0 контр., 0 пер., 0 KZT."
100000008324800100,consolidator,0.8711743772241993,4,0.8843504197463271,"Признаки аккумуляции средств: вход: 3 контр., 17 пер., 526500 KZT; выход: 1 контр., 13 пер., 511000 KZT."
100000005030592100,terminal,0.6346641459074733,1,0.29528133269458895,"Вероятный конечный получатель в наблюдаемом графе: вход: 1 контр., 1 пер., 10000 KZT; выход: 0 контр., 0 пер., 0 KZT."
100000001633685100,terminal,0.8711743772241993,0,0.4970759193357058,"Вероятный конечный получатель в наблюдаемом графе: вход: 3 контр., 3 пер., 45000 KZT; выход: 0 контр., 0 пер., 0 KZT."
100000001848426100,terminal,0.6346641459074733,5,0.47044951637923166,"Вероятный конечный получатель в наблюдаемом графе: вход: 1 контр., 1 пер., 95530 KZT; выход: 0 контр., 0 пер., 0 KZT."
100000004580202100,distributor,0.8599644128113879,23,0.6637697326398393,"Признаки распределения средств: вход: 1 контр., 1 пер., 9000 KZT; выход: 3 контр., 4 пер., 45000 KZT."
100000008717375100,terminal,0.6346641459074733,2,0.4265561410712656,"Вероятный конечный получатель в наблюдаемом графе: вход: 1 контр., 1 пер., 29506 KZT; выход: 0 контр., 0 пер., 0 KZT."
100000007861311100,terminal,0.6346641459074733,5,0.5395998722511178,"Вероятный конечный получатель в наблюдаемом графе: вход: 1 контр., 1 пер., 45000 KZT; выход: 0 контр., 0 пер., 0 KZT."
100000005578559100,distributor,0.8947953736654805,7,0.8077900583994889,"Признаки распределения средств: вход: 2 контр., 2 пер., 131000 KZT; выход: 21 контр., 23 пер., 893164 KZT."
100000008764436100,terminal,0.6346641459074733,3,0.3185449174194726,"Вероятный конечный получатель в наблюдаемом графе: вход: 1 контр., 1 пер., 13100 KZT; выход: 0 контр., 0 пер., 0 KZT."
100000000190228100,coordinator,0.7792259786476868,18,0.760409480792043,"Структурно значимый посредник, рекомендуется проверка: вход: 1 контр., 1 пер., 5000 KZT; выход: 1 контр., 1 пер., 28560 KZT."
100000003971049100,terminal,0.6346641459074733,0,0.4090376631079478,"Вероятный конечный получатель в наблюдаемом графе: вход: 1 контр., 7 пер., 55900 KZT; выход: 0 контр., 0 пер., 0 KZT."
100000008743913100,distributor,0.8904915480427047,17,0.766405579888676,"Признаки распределения средств: вход: 3 контр., 3 пер., 149300 KZT; выход: 13 контр., 13 пер., 1850600 KZT."
100000004400361100,terminal,0.6346641459074733,1,0.27356202664476686,"Вероятный конечный получатель в наблюдаемом графе: вход: 1 контр., 1 пер., 10000 KZT; выход: 0 контр., 0 пер., 0 KZT."
100000002175422100,distributor,0.8804826512455517,31,0.8733187334610821,"Признаки распределения средств: вход: 3 контр., 5 пер., 68500 KZT; выход: 6 контр., 14 пер., 1621188 KZT."
100000004544958100,coordinator,0.7849088078291815,12,0.8483587690482707,"Структурно значимый посредник, рекомендуется проверка: вход: 1 контр., 3 пер., 168000 KZT; выход: 2 контр., 2 пер., 23200 KZT."
100000008466579100,distributor,0.8933941281138791,10,0.7900152842412628,"Признаки распределения средств: вход: 2 контр., 2 пер., 36952 KZT; выход: 17 контр., 20 пер., 1933000 KZT."
100000001184915100,terminal,0.6346641459074733,1,0.579709713477507,"Вероятный конечный получатель в наблюдаемом графе: вход: 1 контр., 2 пер., 201000 KZT; выход: 0 контр., 0 пер., 0 KZT."
100000004435304100,terminal,0.6346641459074733,3,0.38278424126288896,"Вероятный конечный получатель в наблюдаемом графе: вход: 1 контр., 1 пер., 26200 KZT; выход: 0 контр., 0 пер., 0 KZT."
100000008762728100,terminal,0.6346641459074733,1,0.4608974358974358,"Вероятный конечный получатель в наблюдаемом графе: вход: 1 контр., 1 пер., 17026 KZT; выход: 0 контр., 0 пер., 0 KZT."
100000004285800100,peripheral,0.41138790035587186,0,0.48536328588374855,"Слабо выраженная роль в наблюдаемом графе: вход: 1 контр., 1 пер., 5000 KZT; выход: 1 контр., 1 пер., 15000 KZT."
100000008557672100,terminal,0.6346641459074733,3,0.4439096861027466,"Вероятный конечный получатель в наблюдаемом графе: вход: 1 контр., 1 пер., 49125 KZT; выход: 0 контр., 0 пер., 0 KZT."
100000005142589100,terminal,0.6346641459074733,0,0.47559015421115064,"Вероятный конечный получатель в наблюдаемом графе: вход: 1 контр., 2 пер., 50000 KZT; выход: 0 контр., 0 пер., 0 KZT."
100000003747133100,consolidator,0.8915925266903915,45,0.7569575234966694,"Признаки аккумуляции средств: вход: 5 контр., 8 пер., 237068 KZT; выход: 2 контр., 2 пер., 250000 KZT."
100000003289405100,terminal,0.6346641459074733,2,0.5816317638470664,"Вероятный конечный получатель в наблюдаемом графе: вход: 1 контр., 1 пер., 355000 KZT; выход: 0 контр., 0 пер., 0 KZT."
100000002691858100,terminal,0.6346641459074733,33,0.5108303677342824,"Вероятный конечный получатель в наблюдаемом графе: вход: 1 контр., 1 пер., 51500 KZT; выход: 0 контр., 0 пер., 0 KZT."
100000007534354100,distributor,0.8599644128113879,7,0.5712553608905923,"Признаки распределения средств: вход: 1 контр., 1 пер., 50000 KZT; выход: 3 контр., 3 пер., 147810 KZT."
100000000765628100,terminal,0.6346641459074733,1,0.43487875262341447,"Вероятный конечный получатель в наблюдаемом графе: вход: 1 контр., 1 пер., 5000 KZT; выход: 0 контр., 0 пер., 0 KZT."
100000004962193100,terminal,0.8971975088967972,0,0.7353054567022539,"Вероятный конечный получатель в наблюдаемом графе: вход: 8 контр., 11 пер., 900468 KZT; выход: 0 контр., 0 пер., 0 KZT."
100000005032294100,terminal,0.6346641459074733,15,0.5096900378684187,"Вероятный конечный получатель в наблюдаемом графе: вход: 1 контр., 1 пер., 10000 KZT; выход: 0 контр., 0 пер., 0 KZT."
100000001251686100,terminal,0.6346641459074733,2,0.38367802719226207,"Вероятный конечный получатель в наблюдаемом графе: вход: 1 контр., 1 пер., 18000 KZT; выход: 0 контр., 0 пер., 0 KZT."
100000002398779100,consolidator,0.8992993772241993,0,0.8818446026097271,"Признаки аккумуляции средств: вход: 13 контр., 28 пер., 1095690 KZT; выход: 1 контр., 3 пер., 66000 KZT."
100000008512827100,distributor,0.8878892348754448,13,0.7700518979833926,"Признаки распределения средств: вход: 3 контр., 3 пер., 107949 KZT; выход: 10 контр., 10 пер., 1944500 KZT."
100000003943483100,terminal,0.6346641459074733,11,0.45968439182407156,"Вероятный конечный получатель в наблюдаемом графе: вход: 1 контр., 1 пер., 10000 KZT; выход: 0 контр., 0 пер., 0 KZT."
100000005031696100,coordinator,0.8148242882562278,49,0.7801935623688292,"Структурно значимый посредник, рекомендуется проверка: вход: 1 контр., 1 пер., 5000 KZT; выход: 2 контр., 3 пер., 115000 KZT."
100000002703376100,terminal,0.6346641459074733,0,0.3888597271648873,"Вероятный конечный получатель в наблюдаемом графе: вход: 1 контр., 1 пер., 46501 KZT; выход: 0 контр., 0 пер., 0 KZT."
100000003617552100,terminal,0.6346641459074733,29,0.5896816543480244,"Вероятный конечный получатель в наблюдаемом графе: вход: 1 контр., 1 пер., 25000 KZT; выход: 0 контр., 0 пер., 0 KZT."
100000007617808100,terminal,0.6346641459074733,1,0.6070451227301761,"Вероятный конечный получатель в наблюдаемом графе: вход: 1 контр., 1 пер., 450000 KZT; выход: 0 контр., 0 пер., 0 KZT."
100000002613776100,terminal,0.6346641459074733,0,0.4280634638196915,"Вероятный конечный получатель в наблюдаемом графе: вход: 1 контр., 2 пер., 30000 KZT; выход: 0 контр., 0 пер., 0 KZT."
100000002578405100,distributor,0.9,6,0.8786304635459438,"Признаки распределения средств: вход: 2 контр., 7 пер., 1200351 KZT; выход: 116 контр., 120 пер., 3108352 KZT."
100000006161893100,terminal,0.6346641459074733,1,0.5751412081394287,"Вероятный конечный получатель в наблюдаемом графе: вход: 1 контр., 1 пер., 14000 KZT; выход: 0 контр., 0 пер., 0 KZT."
100000002633701100,terminal,0.6346641459074733,18,0.5095420430696231,"Вероятный конечный получатель в наблюдаемом графе: вход: 1 контр., 1 пер., 266850 KZT; выход: 0 контр., 0 пер., 0 KZT."
100000002432143100,terminal,0.6346641459074733,2,0.537236746053472,"Вероятный конечный получатель в наблюдаемом графе: вход: 1 контр., 1 пер., 81310 KZT; выход: 0 контр., 0 пер., 0 KZT."
100000000490383100,distributor,0.8853870106761565,1,0.8435664750433433,"Признаки распределения средств: вход: 3 контр., 3 пер., 62600 KZT; выход: 8 контр., 9 пер., 461375 KZT."
100000005809252100,terminal,0.6346641459074733,4,0.6169482845150105,"Вероятный конечный получатель в наблюдаемом графе: вход: 1 контр., 1 пер., 25000 KZT; выход: 0 контр., 0 пер., 0 KZT."
100000006612238100,peripheral,0.557717971530249,3,0.548540469020896,"Слабо выраженная роль в наблюдаемом графе: вход: 1 контр., 1 пер., 160000 KZT; выход: 1 контр., 1 пер., 25000 KZT."
100000002593038100,terminal,0.6346641459074733,11,0.6318863491194452,"Вероятный конечный получатель в наблюдаемом графе: вход: 1 контр., 1 пер., 28500 KZT; выход: 0 контр., 0 пер., 0 KZT."
100000002947299100,terminal,0.6346641459074733,2,0.5413693083310521,"Вероятный конечный получатель в наблюдаемом графе: вход: 1 контр., 1 пер., 85000 KZT; выход: 0 контр., 0 пер., 0 KZT."
100000004336312100,consolidator,0.8711743772241993,46,0.7984744274112601,"Признаки аккумуляции средств: вход: 3 контр., 7 пер., 90415 KZT; выход: 2 контр., 3 пер., 72650 KZT."
100000001308856100,terminal,0.6346641459074733,3,0.38564900994616297,"Вероятный конечный получатель в наблюдаемом графе: вход: 1 контр., 1 пер., 27000 KZT; выход: 0 контр., 0 пер., 0 KZT."
100000008238989100,terminal,0.6346641459074733,23,0.5319392166256045,"Вероятный конечный получатель в наблюдаемом графе: вход: 1 контр., 2 пер., 200000 KZT; выход: 0 контр., 0 пер., 0 KZT."
100000005561741100,terminal,0.6346641459074733,7,0.489734008577425,"Вероятный конечный получатель в наблюдаемом графе: вход: 1 контр., 1 пер., 25000 KZT; выход: 0 контр., 0 пер., 0 KZT."
100000006248077100,terminal,0.6346641459074733,1,0.4009819554703896,"Вероятный конечный получатель в наблюдаемом графе: вход: 1 контр., 1 пер., 50000 KZT; выход: 0 контр., 0 пер., 0 KZT."
100000000646541100,terminal,0.8711743772241993,0,0.5966266310794781,"Вероятный конечный получатель в наблюдаемом графе: вход: 3 контр., 4 пер., 25300 KZT; выход: 0 контр., 0 пер., 0 KZT."
100000006595426100,terminal,0.6346641459074733,0,0.5397583036773428,"Вероятный конечный получатель в наблюдаемом графе: вход: 1 контр., 3 пер., 84800 KZT; выход: 0 контр., 0 пер., 0 KZT."
100000002956898100,terminal,0.835442615658363,1,0.6235086458618486,"Вероятный конечный получатель в наблюдаемом графе: вход: 2 контр., 2 пер., 290240 KZT; выход: 0 контр., 0 пер., 0 KZT."
100000001262647100,terminal,0.6346641459074733,1,0.4266670088511725,"Вероятный конечный получатель в наблюдаемом графе: вход: 1 контр., 1 пер., 23650 KZT; выход: 0 контр., 0 пер., 0 KZT."
100000005849100100,terminal,0.6346641459074733,2,0.587957386622867,"Вероятный конечный получатель в наблюдаемом графе: вход: 1 контр., 1 пер., 33300 KZT; выход: 0 контр., 0 пер., 0 KZT."
100000000533217100,terminal,0.6346641459074733,0,0.6618179122182681,"Вероятный конечный получатель в наблюдаемом графе: вход: 1 контр., 1 пер., 53587 KZT; выход: 0 контр., 0 пер., 0 KZT."
100000002812641100,transit,0.7687701014234876,18,0.6707342138881284,"Признаки транзита, доля дальнейшего перевода 0.70: вход: 1 контр., 1 пер., 10000 KZT; выход: 1 контр., 1 пер., 7024 KZT."
100000008647905100,coordinator,0.8016459074733095,19,0.7276720047449584,"Структурно значимый посредник, рекомендуется проверка: вход: 1 контр., 1 пер., 50000 KZT; выход: 2 контр., 2 пер., 344222 KZT."
100000002842337100,terminal,0.6346641459074733,5,0.5513169541016516,"Вероятный конечный получатель в наблюдаемом графе: вход: 1 контр., 1 пер., 50000 KZT; выход: 0 контр., 0 пер., 0 KZT."
100000002445750100,coordinator,0.7767237544483986,0,0.7787574139976274,"Структурно значимый посредник, рекомендуется проверка: вход: 1 контр., 1 пер., 70000 KZT; выход: 1 контр., 1 пер., 10000 KZT."
100000005619339100,transit,0.8314956014234876,1,0.500950816680354,"Признаки транзита, доля дальнейшего перевода 1.09: вход: 1 контр., 1 пер., 5000 KZT; выход: 1 контр., 1 пер., 5443 KZT."
100000006844768100,transit,0.8332184163701067,0,0.8630367734282325,"Признаки транзита, доля дальнейшего перевода 0.67: вход: 1 контр., 5 пер., 282000 KZT; выход: 2 контр., 5 пер., 188000 KZT."
100000002488629100,terminal,0.6346641459074733,5,0.44087656264257685,"Вероятный конечный получатель в наблюдаемом графе: вход: 1 контр., 1 пер., 73050 KZT; выход: 0 контр., 0 пер., 0 KZT."
100000002796853100,peripheral,0.5741992882562277,63,0.6630939182407153,"Слабо выраженная роль в наблюдаемом графе: вход: 1 контр., 8 пер., 199000 KZT; выход: 1 контр., 5 пер., 46168 KZT."
100000006755850100,terminal,0.6346641459074733,4,0.7121573592481066,"Вероятный конечный получатель в наблюдаемом графе: вход: 1 контр., 3 пер., 443476 KZT; выход: 0 контр., 0 пер., 0 KZT."
100000008733194100,distributor,0.8853870106761565,14,0.82093895428415,"Признаки распределения средств: вход: 4 контр., 4 пер., 251424 KZT; выход: 8 контр., 8 пер., 159695 KZT."
100000001904863100,terminal,0.6346641459074733,15,0.6492251802171731,"Вероятный конечный получатель в наблюдаемом графе: вход: 1 контр., 1 пер., 500000 KZT; выход: 0 контр., 0 пер., 0 KZT."
100000001641951100,terminal,0.6346641459074733,2,0.4765561410712656,"Вероятный конечный получатель в наблюдаемом графе: вход: 1 контр., 4 пер., 25000 KZT; выход: 0 контр., 0 пер., 0 KZT."
100000004816564100,coordinator,0.7767237544483986,1,0.7607684323387169,"Структурно значимый посредник, рекомендуется проверка: вход: 1 контр., 1 пер., 285480 KZT; выход: 1 контр., 1 пер., 5000 KZT."
100000002205022100,distributor,0.8599644128113879,53,0.7976288894972168,"Признаки распределения средств: вход: 1 контр., 1 пер., 7100 KZT; выход: 3 контр., 3 пер., 518000 KZT."
100000002267998100,distributor,0.8599644128113879,23,0.8866967789031844,"Признаки распределения средств: вход: 2 контр., 4 пер., 420000 KZT; выход: 3 контр., 12 пер., 1115000 KZT."
100000002199091100,terminal,0.6346641459074733,3,0.47314900994616294,"Вероятный конечный получатель в наблюдаемом графе: вход: 1 контр., 1 пер., 65000 KZT; выход: 0 контр., 0 пер., 0 KZT."
100000008571443100,terminal,0.835442615658363,14,0.5162310657906743,"Вероятный конечный получатель в наблюдаемом графе: вход: 2 контр., 2 пер., 65000 KZT; выход: 0 контр., 0 пер., 0 KZT."
100000002742067100,terminal,0.6346641459074733,1,0.31323284515010497,"Вероятный конечный получатель в наблюдаемом графе: вход: 1 контр., 1 пер., 12730 KZT; выход: 0 контр., 0 пер., 0 KZT."
100000003292979100,terminal,0.6346641459074733,2,0.5162358563737567,"Вероятный конечный получатель в наблюдаемом графе: вход: 1 контр., 1 пер., 48950 KZT; выход: 0 контр., 0 пер., 0 KZT."
100000002558173100,terminal,0.6346641459074733,33,0.33888641755634635,"Вероятный конечный получатель в наблюдаемом графе: вход: 1 контр., 1 пер., 9300 KZT; выход: 0 контр., 0 пер., 0 KZT."
100000004687282100,terminal,0.6346641459074733,1,0.48997661739209786,"Вероятный конечный получатель в наблюдаемом графе: вход: 1 контр., 1 пер., 20000 KZT; выход: 0 контр., 0 пер., 0 KZT."
100000003034546100,terminal,0.6346641459074733,18,0.566477096450406,"Вероятный конечный получатель в наблюдаемом графе: вход: 1 контр., 2 пер., 486715 KZT; выход: 0 контр., 0 пер., 0 KZT."
100000003798151100,terminal,0.6346641459074733,1,0.6968983255771511,"Вероятный конечный получатель в наблюдаемом графе: вход: 1 контр., 3 пер., 350000 KZT; выход: 0 контр., 0 пер., 0 KZT."
100000008710791100,distributor,0.8952958185053381,9,0.7797658317364722,"Признаки распределения средств: вход: 3 контр., 3 пер., 181510 KZT; выход: 23 контр., 25 пер., 5521511 KZT."
100000008688476100,terminal,0.6346641459074733,3,0.37328691030203487,"Вероятный конечный получатель в наблюдаемом графе: вход: 1 контр., 1 пер., 24000 KZT; выход: 0 контр., 0 пер., 0 KZT."
100000003242289100,distributor,0.8952958185053381,16,0.826231750159686,"Признаки распределения средств: вход: 3 контр., 8 пер., 550791 KZT; выход: 23 контр., 26 пер., 2377741 KZT."
100000006564102100,terminal,0.6346641459074733,2,0.6257331873346108,"Вероятный конечный получатель в наблюдаемом графе: вход: 1 контр., 1 пер., 233235 KZT; выход: 0 контр., 0 пер., 0 KZT."
100000001526235100,distributor,0.8853870106761565,26,0.8686574961219088,"Признаки распределения средств: вход: 3 контр., 4 пер., 82000 KZT; выход: 8 контр., 9 пер., 432750 KZT."
100000004398811100,distributor,0.8599644128113879,2,0.6801637923168171,"Признаки распределения средств: вход: 1 контр., 1 пер., 426000 KZT; выход: 3 контр., 4 пер., 1040672 KZT."
100000002957787100,distributor,0.8974977758007118,0,0.8890243179122181,"Признаки распределения средств: вход: 4 контр., 7 пер., 84956 KZT; выход: 34 контр., 41 пер., 1276154 KZT."
100000002621915100,terminal,0.6346641459074733,1,0.5605504608084679,"Вероятный конечный получатель в наблюдаемом графе: вход: 1 контр., 1 пер., 5000 KZT; выход: 0 контр., 0 пер., 0 KZT."
100000008283183100,terminal,0.6346641459074733,3,0.39119171457249746,"Вероятный конечный получатель в наблюдаемом графе: вход: 1 контр., 1 пер., 29000 KZT; выход: 0 контр., 0 пер., 0 KZT."
100000003843844100,coordinator,0.7767237544483986,14,0.5909641618760835,"Структурно значимый посредник, рекомендуется проверка: вход: 1 контр., 1 пер., 16680 KZT; выход: 1 контр., 1 пер., 238000 KZT."
100000000954884100,terminal,0.6346641459074733,34,0.43405078018067345,"Вероятный конечный получатель в наблюдаемом графе: вход: 1 контр., 1 пер., 34000 KZT; выход: 0 контр., 0 пер., 0 KZT."
100000005893892100,terminal,0.6346641459074733,4,0.36139816589104845,"Вероятный конечный получатель в наблюдаемом графе: вход: 1 контр., 1 пер., 102780 KZT; выход: 0 контр., 0 пер., 0 KZT."
100000001819396100,terminal,0.6346641459074733,27,0.5228894059676978,"Вероятный конечный получатель в наблюдаемом графе: вход: 1 контр., 1 пер., 166080 KZT; выход: 0 контр., 0 пер., 0 KZT."
100000008472324100,terminal,0.6346641459074733,4,0.4182575964960306,"Вероятный конечный получатель в наблюдаемом графе: вход: 1 контр., 1 пер., 205200 KZT; выход: 0 контр., 0 пер., 0 KZT."
100000002646745100,terminal,0.6346641459074733,6,0.27039796058034493,"Вероятный конечный получатель в наблюдаемом графе: вход: 1 контр., 1 пер., 12300 KZT; выход: 0 контр., 0 пер., 0 KZT."
100000008405209100,terminal,0.6346641459074733,16,0.3889423076923077,"Вероятный конечный получатель в наблюдаемом графе: вход: 1 контр., 1 пер., 54400 KZT; выход: 0 контр., 0 пер., 0 KZT."
100000004417753100,terminal,0.835442615658363,2,0.6201237567296285,"Вероятный конечный получатель в наблюдаемом графе: вход: 2 контр., 2 пер., 192099 KZT; выход: 0 контр., 0 пер., 0 KZT."
100000003457710100,coordinator,0.7767237544483986,4,0.654796742403504,"Структурно значимый посредник, рекомендуется проверка: вход: 1 контр., 1 пер., 326555 KZT; выход: 1 контр., 2 пер., 1306000 KZT."
100000007333038100,peripheral,0.48398576512455516,13,0.42780026690391465,"Слабо выраженная роль в наблюдаемом графе: вход: 1 контр., 1 пер., 17500 KZT; выход: 2 контр., 2 пер., 34994 KZT."
100000006444163100,terminal,0.6346641459074733,32,0.41462188612099643,"Вероятный конечный получатель в наблюдаемом графе: вход: 1 контр., 1 пер., 6026 KZT; выход: 0 контр., 0 пер., 0 KZT."
100000008706947100,terminal,0.6346641459074733,6,0.288645291541199,"Вероятный конечный получатель в наблюдаемом графе: вход: 1 контр., 1 пер., 17200 KZT; выход: 0 контр., 0 пер., 0 KZT."
100000008761219100,coordinator,0.8055938612099645,17,0.6170832192718315,"Структурно значимый посредник, рекомендуется проверка: вход: 2 контр., 2 пер., 50000 KZT; выход: 2 контр., 2 пер., 375000 KZT."
100000005022552100,peripheral,0.5744661921708185,1,0.5639950041062141,"Слабо выраженная роль в наблюдаемом графе: вход: 1 контр., 3 пер., 241000 KZT; выход: 1 контр., 1 пер., 5000 KZT."
100000008735832100,terminal,0.6346641459074733,6,0.2911052559540104,"Вероятный конечный получатель в наблюдаемом графе: вход: 1 контр., 1 пер., 17600 KZT; выход: 0 контр., 0 пер., 0 KZT."
100000005661528100,terminal,0.6346641459074733,8,0.3397313851628798,"Вероятный конечный получатель в наблюдаемом графе: вход: 1 контр., 1 пер., 25000 KZT; выход: 0 контр., 0 пер., 0 KZT."
100000002529880100,terminal,0.835442615658363,10,0.5112089378592938,"Вероятный конечный получатель в наблюдаемом графе: вход: 2 контр., 2 пер., 147000 KZT; выход: 0 контр., 0 пер., 0 KZT."
100000001969496100,terminal,0.6346641459074733,15,0.339360114973994,"Вероятный конечный получатель в наблюдаемом графе: вход: 1 контр., 1 пер., 22740 KZT; выход: 0 контр., 0 пер., 0 KZT."
100000003215448100,coordinator,0.8016459074733095,8,0.6661415275116342,"Структурно значимый посредник, рекомендуется проверка: вход: 1 контр., 1 пер., 91309 KZT; выход: 2 контр., 4 пер., 124000 KZT."
100000006894637100,terminal,0.6346641459074733,0,0.3626690391459075,"Вероятный конечный получатель в наблюдаемом графе: вход: 1 контр., 1 пер., 52831 KZT; выход: 0 контр., 0 пер., 0 KZT."
100000002936322100,terminal,0.835442615658363,21,0.6146913495756913,"Вероятный конечный получатель в наблюдаемом графе: вход: 2 контр., 2 пер., 787133 KZT; выход: 0 контр., 0 пер., 0 KZT."
100000005061890100,terminal,0.6346641459074733,2,0.6324650971803997,"Вероятный конечный получатель в наблюдаемом графе: вход: 1 контр., 1 пер., 90000 KZT; выход: 0 контр., 0 пер., 0 KZT."
100000004017410100,distributor,0.8762789145907474,46,0.8520034902819601,"Признаки распределения средств: вход: 2 контр., 6 пер., 193650 KZT; выход: 5 контр., 11 пер., 1330915 KZT."
100000002983426100,terminal,0.6346641459074733,7,0.5049712565015056,"Вероятный конечный получатель в наблюдаемом графе: вход: 1 контр., 1 пер., 88945 KZT; выход: 0 контр., 0 пер., 0 KZT."
100000005530114100,consolidator,0.835442615658363,16,0.7434440870517383,"Признаки аккумуляции средств: вход: 2 контр., 2 пер., 136970 KZT; выход: 1 контр., 1 пер., 25000 KZT."
100000001169666100,coordinator,0.7792259786476868,7,0.701519299206132,"Структурно значимый посредник, рекомендуется проверка: вход: 1 контр., 2 пер., 220000 KZT; выход: 1 контр., 1 пер., 24000 KZT."
100000001784279100,terminal,0.6346641459074733,0,0.326952846975089,"Вероятный конечный получатель в наблюдаемом графе: вход: 1 контр., 1 пер., 35674 KZT; выход: 0 контр., 0 пер., 0 KZT."
100000008744364100,terminal,0.6346641459074733,6,0.3171061456337257,"Вероятный конечный получатель в наблюдаемом графе: вход: 1 контр., 1 пер., 23700 KZT; выход: 0 контр., 0 пер., 0 KZT."
100000008714412100,terminal,0.6346641459074733,7,0.503125171092253,"Вероятный конечный получатель в наблюдаемом графе: вход: 1 контр., 1 пер., 169000 KZT; выход: 0 контр., 0 пер., 0 KZT."
100000007754369100,terminal,0.6346641459074733,0,0.40009786476868325,"Вероятный конечный получатель в наблюдаемом графе: вход: 1 контр., 1 пер., 82424 KZT; выход: 0 контр., 0 пер., 0 KZT."
100000003122817100,terminal,0.6346641459074733,27,0.6040815767862031,"Вероятный конечный получатель в наблюдаемом графе: вход: 1 контр., 1 пер., 444680 KZT; выход: 0 контр., 0 пер., 0 KZT."
100000003711830100,terminal,0.6346641459074733,8,0.4016197303586093,"Вероятный конечный получатель в наблюдаемом графе: вход: 1 контр., 1 пер., 50000 KZT; выход: 0 контр., 0 пер., 0 KZT."
100000001110358100,terminal,0.835442615658363,0,0.40876334519572954,"Вероятный конечный получатель в наблюдаемом графе: вход: 2 контр., 2 пер., 32000 KZT; выход: 0 контр., 0 пер., 0 KZT."
100000006530134100,terminal,0.835442615658363,4,0.4870209416917602,"Вероятный конечный получатель в наблюдаемом графе: вход: 2 контр., 2 пер., 144663 KZT; выход: 0 контр., 0 пер., 0 KZT."
100000001639766100,terminal,0.6346641459074733,5,0.6160426361894333,"Вероятный конечный получатель в наблюдаемом графе: вход: 1 контр., 1 пер., 20000 KZT; выход: 0 контр., 0 пер., 0 KZT."
100000003242795100,terminal,0.6346641459074733,4,0.3655396249657815,"Вероятный конечный получатель в наблюдаемом графе: вход: 1 контр., 1 пер., 111000 KZT; выход: 0 контр., 0 пер., 0 KZT."
100000004970752100,terminal,0.6346641459074733,0,0.6112544483985765,"Вероятный конечный получатель в наблюдаемом графе: вход: 1 контр., 1 пер., 10000 KZT; выход: 0 контр., 0 пер., 0 KZT."
100000004564736100,terminal,0.6346641459074733,23,0.49635128661374217,"Вероятный конечный получатель в наблюдаемом графе: вход: 1 контр., 2 пер., 15000 KZT; выход: 0 контр., 0 пер., 0 KZT."
100000005873152100,transit,0.8580516014234876,12,0.5737383657267998,"Признаки транзита, доля дальнейшего перевода 1.00: вход: 1 контр., 1 пер., 10000 KZT; выход: 1 контр., 1 пер., 10000 KZT."
100000001637376100,coordinator,0.769661921708185,4,0.5641250342184507,"Структурно значимый посредник, рекомендуется проверка: вход: 1 контр., 1 пер., 116700 KZT; выход: 1 контр., 2 пер., 234250 KZT."
100000006710485100,terminal,0.6346641459074733,6,0.30145890364084316,"Вероятный конечный получатель в наблюдаемом графе: вход: 1 контр., 1 пер., 20000 KZT; выход: 0 контр., 0 пер., 0 KZT."
100000003582677100,distributor,0.8705738434163701,2,0.6098939228031754,"Признаки распределения средств: вход: 2 контр., 2 пер., 29757 KZT; выход: 4 контр., 5 пер., 56000 KZT."
100000008713685100,terminal,0.6346641459074733,6,0.38452162606077195,"Вероятный конечный получатель в наблюдаемом графе: вход: 1 контр., 1 пер., 49700 KZT; выход: 0 контр., 0 пер., 0 KZT."
100000008070101100,terminal,0.6346641459074733,9,0.39831268820147825,"Вероятный конечный получатель в наблюдаемом графе: вход: 1 контр., 1 пер., 100000 KZT; выход: 0 контр., 0 пер., 0 KZT."
100000004475818100,distributor,0.8599644128113879,4,0.6579536225933023,"Признаки распределения средств: вход: 1 контр., 1 пер., 13000 KZT; выход: 3 контр., 3 пер., 53989 KZT."
100000007197866100,transit,0.8481761565836299,8,0.46979811114152753,"Признаки транзита, доля дальнейшего перевода 0.75: вход: 1 контр., 1 пер., 20000 KZT; выход: 1 контр., 1 пер., 15000 KZT."
100000006965162100,terminal,0.6346641459074733,28,0.39489614700246367,"Вероятный конечный получатель в наблюдаемом графе: вход: 1 контр., 1 пер., 10000 KZT; выход: 0 контр., 0 пер., 0 KZT."
100000005995391100,terminal,0.6346641459074733,6,0.288645291541199,"Вероятный конечный получатель в наблюдаемом графе: вход: 1 контр., 1 пер., 17200 KZT; выход: 0 контр., 0 пер., 0 KZT."
100000003834495100,consolidator,0.8711743772241993,0,0.7606049822064056,"Признаки аккумуляции средств: вход: 3 контр., 5 пер., 602441 KZT; выход: 1 контр., 1 пер., 20000 KZT."
100000001223977100,coordinator,0.7825066725978648,49,0.5646123049548316,"Структурно значимый посредник, рекомендуется проверка: вход: 1 контр., 1 пер., 5000 KZT; выход: 1 контр., 1 пер., 18000 KZT."
100000001046057100,terminal,0.6346641459074733,10,0.5000345606350944,"Вероятный конечный получатель в наблюдаемом графе: вход: 1 контр., 1 пер., 83420 KZT; выход: 0 контр., 0 пер., 0 KZT."
100000002989353100,peripheral,0.6233096085409252,13,0.5254359430604982,"Слабо выраженная роль в наблюдаемом графе: вход: 1 контр., 2 пер., 500000 KZT; выход: 2 контр., 2 пер., 321160 KZT."
100000006714366100,coordinator,0.769661921708185,14,0.472174126288895,"Структурно значимый посредник, рекомендуется проверка: вход: 1 контр., 1 пер., 10500 KZT; выход: 1 контр., 1 пер., 5000 KZT."
100000001063678100,coordinator,0.8038145017793594,23,0.691671571311251,"Структурно значимый посредник, рекомендуется проверка: вход: 1 контр., 1 пер., 35000 KZT; выход: 2 контр., 2 пер., 90000 KZT."
100000004889043100,terminal,0.835442615658363,0,0.5038612099644129,"Вероятный конечный получатель в наблюдаемом графе: вход: 2 контр., 4 пер., 272000 KZT; выход: 0 контр., 0 пер., 0 KZT."
100000002984403100,transit,0.8539145907473309,26,0.6081918970709006,"Признаки транзита, доля дальнейшего перевода 1.25: вход: 1 контр., 1 пер., 20000 KZT; выход: 1 контр., 1 пер., 25000 KZT."
100000003951827100,peripheral,0.4314056939501779,0,0.3586921708185054,"Слабо выраженная роль в наблюдаемом графе: вход: 1 контр., 1 пер., 9000 KZT; выход: 2 контр., 2 пер., 17000 KZT."
100000000933075100,coordinator,0.7849088078291815,11,0.8078620312072269,"Структурно значимый посредник, рекомендуется проверка: вход: 1 контр., 1 пер., 40000 KZT; выход: 2 контр., 2 пер., 55000 KZT."
100000008502995100,terminal,0.6346641459074733,0,0.635547153024911,"Вероятный конечный получатель в наблюдаемом графе: вход: 1 контр., 2 пер., 25000 KZT; выход: 0 контр., 0 пер., 0 KZT."
100000008086440100,distributor,0.8762789145907474,8,0.7364425358153116,"Признаки распределения средств: вход: 1 контр., 1 пер., 199733 KZT; выход: 5 контр., 6 пер., 161300 KZT."
100000008465789100,distributor,0.8926935053380782,10,0.6279601240989141,"Признаки распределения средств: вход: 1 контр., 1 пер., 30099 KZT; выход: 16 контр., 17 пер., 1858100 KZT."
100000002550141100,terminal,0.6346641459074733,8,0.47741821790309336,"Вероятный конечный получатель в наблюдаемом графе: вход: 1 контр., 1 пер., 100586 KZT; выход: 0 контр., 0 пер., 0 KZT."
100000008739887100,coordinator,0.8016459074733095,8,0.7416219545578977,"Структурно значимый посредник, рекомендуется проверка: вход: 2 контр., 3 пер., 214000 KZT; выход: 2 контр., 2 пер., 307000 KZT."
100000008532050100,terminal,0.6346641459074733,4,0.4879150698056392,"Вероятный конечный получатель в наблюдаемом графе: вход: 1 контр., 1 пер., 455156 KZT; выход: 0 контр., 0 пер., 0 KZT."
100000008422226100,terminal,0.6346641459074733,0,0.37889234875444844,"Вероятный конечный получатель в наблюдаемом графе: вход: 1 контр., 1 пер., 87450 KZT; выход: 0 контр., 0 пер., 0 KZT."
100000002369874100,terminal,0.8860876334519574,9,0.6076409800164249,"Вероятный конечный получатель в наблюдаемом графе: вход: 4 контр., 4 пер., 600000 KZT; выход: 0 контр., 0 пер., 0 KZT."
100000003321895100,coordinator,0.8038145017793594,62,0.6663516287982479,"Структурно значимый посредник, рекомендуется проверка: вход: 1 контр., 1 пер., 24000 KZT; выход: 2 контр., 3 пер., 553830 KZT."
100000001875239100,terminal,0.8711743772241993,9,0.6038064604434712,"Вероятный конечный получатель в наблюдаемом графе: вход: 3 контр., 3 пер., 712000 KZT; выход: 0 контр., 0 пер., 0 KZT."
100000002216999100,terminal,0.6346641459074733,6,0.31676361894333427,"Вероятный конечный получатель в наблюдаемом графе: вход: 1 контр., 1 пер., 23677 KZT; выход: 0 контр., 0 пер., 0 KZT."
100000002653948100,terminal,0.6346641459074733,4,0.3439915822611552,"Вероятный конечный получатель в наблюдаемом графе: вход: 1 контр., 1 пер., 85200 KZT; выход: 0 контр., 0 пер., 0 KZT."
100000008632060100,distributor,0.886788256227758,0,0.5851290035587189,"Признаки распределения средств: вход: 1 контр., 1 пер., 6000 KZT; выход: 9 контр., 12 пер., 339200 KZT."
100000008746449100,distributor,0.8878892348754448,9,0.5705324390911579,"Признаки распределения средств: вход: 1 контр., 1 пер., 10000 KZT; выход: 10 контр., 10 пер., 1009000 KZT."
100000003031761100,terminal,0.6346641459074733,21,0.5354653709280044,"Вероятный конечный получатель в наблюдаемом графе: вход: 1 контр., 1 пер., 460408 KZT; выход: 0 контр., 0 пер., 0 KZT."
100000008388049100,terminal,0.6346641459074733,13,0.515502669039146,"Вероятный конечный получатель в наблюдаемом графе: вход: 1 контр., 1 пер., 496400 KZT; выход: 0 контр., 0 пер., 0 KZT."
100000002677201100,coordinator,0.769661921708185,10,0.6618317136600055,"Структурно значимый посредник, рекомендуется проверка: вход: 1 контр., 1 пер., 150000 KZT; выход: 1 контр., 1 пер., 87750 KZT."
100000002901457100,distributor,0.8599644128113879,0,0.774506227758007,"Признаки распределения средств: вход: 1 контр., 1 пер., 340000 KZT; выход: 3 контр., 3 пер., 119000 KZT."
100000001160401100,terminal,0.6346641459074733,0,0.448741103202847,"Вероятный конечный получатель в наблюдаемом графе: вход: 1 контр., 2 пер., 47190 KZT; выход: 0 контр., 0 пер., 0 KZT."
100000002842321100,terminal,0.6346641459074733,4,0.3958688064604435,"Вероятный конечный получатель в наблюдаемом графе: вход: 1 контр., 1 пер., 160000 KZT; выход: 0 контр., 0 пер., 0 KZT."
100000002547110100,terminal,0.8944951067615659,10,0.7067027101012866,"Вероятный конечный получатель в наблюдаемом графе: вход: 6 контр., 10 пер., 1500000 KZT; выход: 0 контр., 0 пер., 0 KZT."
100000001600934100,peripheral,0.5597864768683274,8,0.6929653709280045,"Слабо выраженная роль в наблюдаемом графе: вход: 1 контр., 2 пер., 180300 KZT; выход: 1 контр., 1 пер., 11000 KZT."
100000002818726100,terminal,0.6346641459074733,14,0.3007728807372936,"Вероятный конечный получатель в наблюдаемом графе: вход: 1 контр., 1 пер., 10879 KZT; выход: 0 контр., 0 пер., 0 KZT."
100000008712827100,terminal,0.6346641459074733,6,0.42512660826717763,"Вероятный конечный получатель в наблюдаемом графе: вход: 1 контр., 1 пер., 76000 KZT; выход: 0 контр., 0 пер., 0 KZT."
100000008259451100,terminal,0.6346641459074733,15,0.4291643854366274,"Вероятный конечный получатель в наблюдаемом графе: вход: 1 контр., 1 пер., 55000 KZT; выход: 0 контр., 0 пер., 0 KZT."
100000003060517100,terminal,0.6346641459074733,16,0.5824298521762935,"Вероятный конечный получатель в наблюдаемом графе: вход: 1 контр., 1 пер., 315955 KZT; выход: 0 контр., 0 пер., 0 KZT."
100000002621434100,terminal,0.6346641459074733,9,0.36029222556802626,"Вероятный конечный получатель в наблюдаемом графе: вход: 1 контр., 1 пер., 81000 KZT; выход: 0 контр., 0 пер., 0 KZT."
100000001860090100,terminal,0.6346641459074733,5,0.49380509170544756,"Вероятный конечный получатель в наблюдаемом графе: вход: 1 контр., 1 пер., 5000 KZT; выход: 0 контр., 0 пер., 0 KZT."
100000004689658100,coordinator,0.769661921708185,8,0.7560392143443745,"Структурно значимый посредник, рекомендуется проверка: вход: 1 контр., 1 пер., 456100 KZT; выход: 1 контр., 1 пер., 7092 KZT."
100000003486970100,terminal,0.6346641459074733,4,0.3899212975636463,"Вероятный конечный получатель в наблюдаемом графе: вход: 1 контр., 1 пер., 150000 KZT; выход: 0 контр., 0 пер., 0 KZT."
100000004659919100,coordinator,0.7825066725978648,49,0.7934423761292088,"Структурно значимый посредник, рекомендуется проверка: вход: 1 контр., 2 пер., 110000 KZT; выход: 1 контр., 1 пер., 39000 KZT."
100000006111439100,distributor,0.8705738434163701,4,0.699288142166256,"Признаки распределения средств: вход: 3 контр., 3 пер., 20570 KZT; выход: 4 контр., 4 пер., 24000 KZT."
100000002521039100,terminal,0.6346641459074733,0,0.5043460854092527,"Вероятный конечный получатель в наблюдаемом графе: вход: 1 контр., 1 пер., 349370 KZT; выход: 0 контр., 0 пер., 0 KZT."
100000008493007100,transit,0.918038256227758,6,0.47719066520667947,"Признаки транзита, доля дальнейшего перевода 1.00: вход: 1 контр., 1 пер., 26150 KZT; выход: 1 контр., 1 пер., 26150 KZT."
100000007793871100,terminal,0.6346641459074733,7,0.6280539967150288,"Вероятный конечный получатель в наблюдаемом графе: вход: 1 контр., 3 пер., 26000 KZT; выход: 0 контр., 0 пер., 0 KZT."
100000001650895100,coordinator,0.7792259786476868,7,0.6651491924445662,"Структурно значимый посредник, рекомендуется проверка: вход: 1 контр., 1 пер., 153500 KZT; выход: 1 контр., 1 пер., 10000 KZT."
100000002567887100,terminal,0.6346641459074733,4,0.31468998083766764,"Вероятный конечный получатель в наблюдаемом графе: вход: 1 контр., 1 пер., 50915 KZT; выход: 0 контр., 0 пер., 0 KZT."
100000008055972100,terminal,0.6346641459074733,6,0.33332945524226665,"Вероятный конечный получатель в наблюдаемом графе: вход: 1 контр., 1 пер., 28300 KZT; выход: 0 контр., 0 пер., 0 KZT."
100000008684452100,terminal,0.6346641459074733,6,0.3907493840678894,"Вероятный конечный получатель в наблюдаемом графе: вход: 1 контр., 1 пер., 51800 KZT; выход: 0 контр., 0 пер., 0 KZT."
100000000764836100,coordinator,0.8016459074733095,8,0.732093484807008,"Структурно значимый посредник, рекомендуется проверка: вход: 1 контр., 1 пер., 251716 KZT; выход: 2 контр., 2 пер., 50000 KZT."
100000003072676100,terminal,0.6346641459074733,16,0.3621318094716671,"Вероятный конечный получатель в наблюдаемом графе: вход: 1 контр., 1 пер., 31545 KZT; выход: 0 контр., 0 пер., 0 KZT."
100000008757369100,coordinator,0.769661921708185,0,0.5047686832740215,"Структурно значимый посредник, рекомендуется проверка: вход: 1 контр., 1 пер., 25961 KZT; выход: 1 контр., 3 пер., 58398 KZT."
100000007618425100,terminal,0.6346641459074733,16,0.3824031617848344,"Вероятный конечный получатель в наблюдаемом графе: вход: 1 контр., 1 пер., 39348 KZT; выход: 0 контр., 0 пер., 0 KZT."
100000004671609100,terminal,0.6346641459074733,13,0.44287811387900355,"Вероятный конечный получатель в наблюдаемом графе: вход: 1 контр., 1 пер., 100000 KZT; выход: 0 контр., 0 пер., 0 KZT."
100000004676985100,transit,0.8752096345749504,0,0.4604137010676157,"Признаки транзита, доля дальнейшего перевода 0.84: вход: 1 контр., 1 пер., 32260 KZT; выход: 1 контр., 1 пер., 27102 KZT."
100000002531406100,transit,0.9053654530522858,21,0.6703230221735561,"Признаки транзита, доля дальнейшего перевода 0.96: вход: 1 контр., 1 пер., 520000 KZT; выход: 1 контр., 1 пер., 500000 KZT."
100000002877262100,terminal,0.6346641459074733,10,0.4437845606350944,"Вероятный конечный получатель в наблюдаемом графе: вход: 1 контр., 1 пер., 100000 KZT; выход: 0 контр., 0 пер., 0 KZT."
100000007591246100,peripheral,0.5383007117437721,14,0.5054318368464276,"Слабо выраженная роль в наблюдаемом графе: вход: 1 контр., 1 пер., 12190 KZT; выход: 1 контр., 1 пер., 120000 KZT."
100000008712184100,terminal,0.6346641459074733,6,0.2935963591568574,"Вероятный конечный получатель в наблюдаемом графе: вход: 1 контр., 1 пер., 18000 KZT; выход: 0 контр., 0 пер., 0 KZT."
100000002975437100,peripheral,0.6120996441281139,31,0.6116965507801808,"Слабо выраженная роль в наблюдаемом графе: вход: 1 контр., 2 пер., 530000 KZT; выход: 1 контр., 1 пер., 8500 KZT."
100000005008589100,terminal,0.6346641459074733,0,0.43802046263345196,"Вероятный конечный получатель в наблюдаемом графе: вход: 1 контр., 1 пер., 42807 KZT; выход: 0 контр., 0 пер., 0 KZT."
100000000782285100,terminal,0.6346641459074733,32,0.41754893238434154,"Вероятный конечный получатель в наблюдаемом графе: вход: 1 контр., 1 пер., 6151 KZT; выход: 0 контр., 0 пер., 0 KZT."
100000005198498100,terminal,0.6346641459074733,6,0.3346372844237613,"Вероятный конечный получатель в наблюдаемом графе: вход: 1 контр., 1 пер., 28800 KZT; выход: 0 контр., 0 пер., 0 KZT."
100000008517538100,distributor,0.8933941281138791,9,0.7231999954375399,"Признаки распределения средств: вход: 3 контр., 6 пер., 155500 KZT; выход: 17 контр., 18 пер., 1439000 KZT."
100000005756535100,terminal,0.6346641459074733,3,0.5904191760197098,"Вероятный конечный получатель в наблюдаемом графе: вход: 1 контр., 1 пер., 20000 KZT; выход: 0 контр., 0 пер., 0 KZT."
100000004917367100,terminal,0.835442615658363,4,0.4548857103750343,"Вероятный конечный получатель в наблюдаемом графе: вход: 2 контр., 2 пер., 120000 KZT; выход: 0 контр., 0 пер., 0 KZT."
100000001222263100,coordinator,0.769661921708185,4,0.6967451409800165,"Структурно значимый посредник, рекомендуется проверка: вход: 1 контр., 1 пер., 745570 KZT; выход: 1 контр., 5 пер., 420000 KZT."
100000001149815100,terminal,0.6346641459074733,6,0.2686853271283876,"Вероятный конечный получатель в наблюдаемом графе: вход: 1 контр., 1 пер., 12000 KZT; выход: 0 контр., 0 пер., 0 KZT."
100000006020215100,transit,0.8993220640569395,14,0.5910990966329045,"Признаки транзита, доля дальнейшего перевода 1.13: вход: 1 контр., 1 пер., 30000 KZT; выход: 2 контр., 2 пер., 33800 KZT."
100000000673868100,distributor,0.8762789145907474,30,0.8737030066611916,"Признаки распределения средств: вход: 1 контр., 5 пер., 2030650 KZT; выход: 5 контр., 19 пер., 383000 KZT."
100000008749900100,terminal,0.6346641459074733,6,0.28780454421023816,"Вероятный конечный получатель в наблюдаемом графе: вход: 1 контр., 1 пер., 17150 KZT; выход: 0 контр., 0 пер., 0 KZT."
100000002862113100,terminal,0.6346641459074733,15,0.40998289077470573,"Вероятный конечный получатель в наблюдаемом графе: вход: 1 контр., 2 пер., 47405 KZT; выход: 0 контр., 0 пер., 0 KZT."
100000001066017100,distributor,0.8705738434163701,0,0.6628336298932385,"Признаки распределения средств: вход: 2 контр., 3 пер., 136123 KZT; выход: 4 контр., 4 пер., 82500 KZT."
100000008436257100,terminal,0.835442615658363,16,0.41174479879551057,"Вероятный конечный получатель в наблюдаемом графе: вход: 2 контр., 2 пер., 35000 KZT; выход: 0 контр., 0 пер., 0 KZT."
100000003016438100,coordinator,0.769661921708185,10,0.6994473720229948,"Структурно значимый посредник, рекомендуется проверка: вход: 1 контр., 1 пер., 200000 KZT; выход: 1 контр., 3 пер., 300000 KZT."
100000002534091100,terminal,0.6346641459074733,2,0.3889716214983119,"Вероятный конечный получатель в наблюдаемом графе: вход: 1 контр., 1 пер., 22200 KZT; выход: 0 контр., 0 пер., 0 KZT."
100000006882208100,terminal,0.6346641459074733,1,0.6150136873802354,"Вероятный конечный получатель в наблюдаемом графе: вход: 1 контр., 1 пер., 18000 KZT; выход: 0 контр., 0 пер., 0 KZT."
100000005362848100,terminal,0.6346641459074733,7,0.38814296468655896,"Вероятный конечный получатель в наблюдаемом графе: вход: 1 контр., 1 пер., 29000 KZT; выход: 0 контр., 0 пер., 0 KZT."
100000001073568100,coordinator,0.7849088078291815,15,0.7924517519846701,"Структурно значимый посредник, рекомендуется проверка: вход: 1 контр., 4 пер., 707465 KZT; выход: 2 контр., 3 пер., 219503 KZT."
100000008687733100,terminal,0.6346641459074733,6,0.277404188338352,"Вероятный конечный получатель в наблюдаемом графе: вход: 1 контр., 1 пер., 14650 KZT; выход: 0 контр., 0 пер., 0 KZT."
100000007229557100,terminal,0.8711743772241993,17,0.6391294826170272,"Вероятный конечный получатель в наблюдаемом графе: вход: 3 контр., 3 пер., 878000 KZT; выход: 0 контр., 0 пер., 0 KZT."
100000001052789100,terminal,0.6346641459074733,19,0.41430604982206404,"Вероятный конечный получатель в наблюдаемом графе: вход: 1 контр., 1 пер., 70975 KZT; выход: 0 контр., 0 пер., 0 KZT."
100000006967370100,coordinator,0.769661921708185,16,0.5428746920339447,"Структурно значимый посредник, рекомендуется проверка: вход: 1 контр., 1 пер., 33225 KZT; выход: 1 контр., 1 пер., 13526 KZT."
100000001837130100,terminal,0.6346641459074733,0,0.4714368327402135,"Вероятный конечный получатель в наблюдаемом графе: вход: 1 контр., 1 пер., 172900 KZT; выход: 0 контр., 0 пер., 0 KZT."
100000005820746100,peripheral,0.6415925266903915,24,0.7010426361894333,"Слабо выраженная роль в наблюдаемом графе: вход: 1 контр., 2 пер., 1989000 KZT; выход: 1 контр., 1 пер., 60000 KZT."
100000002883402100,terminal,0.8711743772241993,9,0.5181436490555708,"Вероятный конечный получатель в наблюдаемом графе: вход: 3 контр., 3 пер., 300000 KZT; выход: 0 контр., 0 пер., 0 KZT."
100000008582730100,transit,0.8580516014234876,19,0.6316792704626335,"Признаки транзита, доля дальнейшего перевода 1.00: вход: 1 контр., 1 пер., 5000 KZT; выход: 1 контр., 1 пер., 5000 KZT."
100000003116106100,terminal,0.6346641459074733,4,0.4958554612647139,"Вероятный конечный получатель в наблюдаемом графе: вход: 1 контр., 2 пер., 494050 KZT; выход: 0 контр., 0 пер., 0 KZT."
100000001818442100,terminal,0.6346641459074733,7,0.4252915411990145,"Вероятный конечный получатель в наблюдаемом графе: вход: 1 контр., 1 пер., 42215 KZT; выход: 0 контр., 0 пер., 0 KZT."
100000008690762100,terminal,0.6346641459074733,6,0.3290323022173556,"Вероятный конечный получатель в наблюдаемом графе: вход: 1 контр., 1 пер., 26750 KZT; выход: 0 контр., 0 пер., 0 KZT."
100000008712991100,terminal,0.6346641459074733,6,0.41295134136326306,"Вероятный конечный получатель в наблюдаемом графе: вход: 1 контр., 1 пер., 66100 KZT; выход: 0 контр., 0 пер., 0 KZT."
100000003292191100,terminal,0.6346641459074733,17,0.439988023542294,"Вероятный конечный получатель в наблюдаемом графе: вход: 1 контр., 1 пер., 112000 KZT; выход: 0 контр., 0 пер., 0 KZT."
100000005367284100,coordinator,0.8016459074733095,0,0.5347553380782919,"Структурно значимый посредник, рекомендуется проверка: вход: 1 контр., 1 пер., 13700 KZT; выход: 2 контр., 5 пер., 48300 KZT."
100000003216073100,peripheral,0.5282918149466191,21,0.4050427730632358,"Слабо выраженная роль в наблюдаемом графе: вход: 1 контр., 1 пер., 37001 KZT; выход: 1 контр., 1 пер., 70000 KZT."
100000006169033100,distributor,0.8599644128113879,40,0.7662609499041882,"Признаки распределения средств: вход: 1 контр., 1 пер., 49000 KZT; выход: 3 контр., 10 пер., 1140271 KZT."
100000004407753100,peripheral,0.5904137010676156,28,0.6698761292088694,"Слабо выраженная роль в наблюдаемом графе: вход: 1 контр., 4 пер., 250000 KZT; выход: 1 контр., 1 пер., 100000 KZT."
100000004420041100,distributor,0.8833852313167261,11,0.6853116160233597,"Признаки распределения средств: вход: 1 контр., 1 пер., 69638 KZT; выход: 7 контр., 11 пер., 651830 KZT."
100000004715209100,distributor,0.8762789145907474,50,0.5215784971256502,"Признаки распределения средств: вход: 1 контр., 1 пер., 5000 KZT; выход: 5 контр., 17 пер., 350450 KZT."
100000004580254100,terminal,0.835442615658363,16,0.4730259375855462,"Вероятный конечный получатель в наблюдаемом графе: вход: 2 контр., 2 пер., 27940 KZT; выход: 0 контр., 0 пер., 0 KZT."
100000001056414100,terminal,0.6346641459074733,13,0.45290480427046265,"Вероятный конечный получатель в наблюдаемом графе: вход: 1 контр., 1 пер., 250000 KZT; выход: 0 контр., 0 пер., 0 KZT."
100000008686494100,terminal,0.6346641459074733,6,0.28230854776895703,"Вероятный конечный получатель в наблюдаемом графе: вход: 1 контр., 1 пер., 15700 KZT; выход: 0 контр., 0 пер., 0 KZT."
100000002822472100,terminal,0.835442615658363,13,0.5409119217081851,"Вероятный конечный получатель в наблюдаемом графе: вход: 2 контр., 2 пер., 266722 KZT; выход: 0 контр., 0 пер., 0 KZT."
100000001831496100,peripheral,0.5970862989323843,12,0.43566303951090435,"Слабо выраженная роль в наблюдаемом графе: вход: 1 контр., 1 пер., 25000 KZT; выход: 1 контр., 1 пер., 373000 KZT."
100000008732488100,coordinator,0.769661921708185,8,0.6625294278675062,"Структурно значимый посредник, рекомендуется проверка: вход: 1 контр., 1 пер., 137000 KZT; выход: 1 контр., 1 пер., 10000 KZT."
100000004007197100,terminal,0.6346641459074733,25,0.26317638470663385,"Вероятный конечный получатель в наблюдаемом графе: вход: 1 контр., 1 пер., 10048 KZT; выход: 0 контр., 0 пер., 0 KZT."
100000002815005100,terminal,0.6346641459074733,9,0.5474230084861758,"Вероятный конечный получатель в наблюдаемом графе: вход: 1 контр., 1 пер., 476500 KZT; выход: 0 контр., 0 пер., 0 KZT."
100000005756189100,transit,0.8495607719682453,4,0.48003695592663564,"Признаки транзита, доля дальнейшего перевода 0.75: вход: 1 контр., 1 пер., 65000 KZT; выход: 1 контр., 1 пер., 49050 KZT."
100000004877085100,distributor,0.8599644128113879,14,0.6046785746874714,"Признаки распределения средств: вход: 1 контр., 1 пер., 25000 KZT; выход: 3 контр., 9 пер., 95600 KZT."
100000002713074100,consolidator,0.835442615658363,16,0.7717981795784287,"Признаки аккумуляции средств: вход: 2 контр., 2 пер., 700000 KZT; выход: 1 контр., 2 пер., 430000 KZT."
100000002356167100,coordinator,0.8016459074733095,4,0.6361023473857105,"Структурно значимый посредник, рекомендуется проверка: вход: 1 контр., 1 пер., 300000 KZT; выход: 2 контр., 3 пер., 29500 KZT."
100000004140487100,distributor,0.8878892348754448,2,0.6152142075006845,"Признаки распределения средств: вход: 1 контр., 1 пер., 24510 KZT; выход: 10 контр., 19 пер., 262600 KZT."
100000003147719100,terminal,0.6346641459074733,9,0.3791623323295921,"Вероятный конечный получатель в наблюдаемом графе: вход: 1 контр., 1 пер., 100000 KZT; выход: 0 контр., 0 пер., 0 KZT."
100000008745884100,terminal,0.6346641459074733,6,0.30145890364084316,"Вероятный конечный получатель в наблюдаемом графе: вход: 1 контр., 1 пер., 20000 KZT; выход: 0 контр., 0 пер., 0 KZT."
100000002559089100,terminal,0.835442615658363,13,0.6324288256227759,"Вероятный конечный получатель в наблюдаемом графе: вход: 2 контр., 2 пер., 715000 KZT; выход: 0 контр., 0 пер., 0 KZT."
100000004984689100,terminal,0.6346641459074733,8,0.40811216808102924,"Вероятный конечный получатель в наблюдаемом графе: вход: 1 контр., 1 пер., 53030 KZT; выход: 0 контр., 0 пер., 0 KZT."
100000004340038100,coordinator,0.769661921708185,14,0.5148342686376495,"Структурно значимый посредник, рекомендуется проверка: вход: 1 контр., 1 пер., 9978 KZT; выход: 1 контр., 1 пер., 49000 KZT."
100000005052998100,peripheral,0.45796263345195726,0,0.3681094306049823,"Слабо выраженная роль в наблюдаемом графе: вход: 1 контр., 1 пер., 9500 KZT; выход: 1 контр., 1 пер., 28400 KZT."
100000007597382100,terminal,0.6346641459074733,4,0.2629061730084862,"Вероятный конечный получатель в наблюдаемом графе: вход: 1 контр., 1 пер., 15700 KZT; выход: 0 контр., 0 пер., 0 KZT."
100000008697670100,terminal,0.6346641459074733,6,0.3234273200109499,"Вероятный конечный получатель в наблюдаемом графе: вход: 1 контр., 1 пер., 25350 KZT; выход: 0 контр., 0 пер., 0 KZT."
100000008460102100,distributor,0.896797153024911,7,0.582302958755361,"Признаки распределения средств: вход: 1 контр., 1 пер., 17500 KZT; выход: 31 контр., 34 пер., 476570 KZT."
100000004399686100,terminal,0.6346641459074733,24,0.6864296468655899,"Вероятный конечный получатель в наблюдаемом графе: вход: 1 контр., 2 пер., 806000 KZT; выход: 0 контр., 0 пер., 0 KZT."
100000008688155100,terminal,0.6346641459074733,6,0.31572046947714205,"Вероятный конечный получатель в наблюдаемом графе: вход: 1 контр., 1 пер., 23600 KZT; выход: 0 контр., 0 пер., 0 KZT."
100000004386331100,transit,0.8937166370106762,11,0.7026885436627429,"Признаки транзита, доля дальнейшего перевода 0.88: вход: 1 контр., 1 пер., 20000 KZT; выход: 2 контр., 2 пер., 17500 KZT."
100000007999728100,terminal,0.6346641459074733,15,0.3419446345469477,"Вероятный конечный получатель в наблюдаемом графе: вход: 1 контр., 1 пер., 23250 KZT; выход: 0 контр., 0 пер., 0 KZT."
100000001597424100,terminal,0.6346641459074733,15,0.4116643854366274,"Вероятный конечный получатель в наблюдаемом графе: вход: 1 контр., 1 пер., 48100 KZT; выход: 0 контр., 0 пер., 0 KZT."
100000003677936100,coordinator,0.769661921708185,5,0.6365319600328497,"Структурно значимый посредник, рекомендуется проверка: вход: 1 контр., 1 пер., 71000 KZT; выход: 1 контр., 2 пер., 13000 KZT."
100000002943472100,terminal,0.6346641459074733,10,0.49593313714754994,"Вероятный конечный получатель в наблюдаемом графе: вход: 1 контр., 1 пер., 170000 KZT; выход: 0 контр., 0 пер., 0 KZT."
100000004892144100,consolidator,0.835442615658363,24,0.798097796331782,"Признаки аккумуляции средств: вход: 2 контр., 7 пер., 4500000 KZT; выход: 1 контр., 1 пер., 180300 KZT."
100000008077552100,terminal,0.6346641459074733,8,0.5457055844511361,"Вероятный конечный получатель в наблюдаемом графе: вход: 1 контр., 1 пер., 214000 KZT; выход: 0 контр., 0 пер., 0 KZT."
100000002914245100,terminal,0.6346641459074733,21,0.42006501505611826,"Вероятный конечный получатель в наблюдаемом графе: вход: 1 контр., 1 пер., 140611 KZT; выход: 0 контр., 0 пер., 0 KZT."
100000004906181100,distributor,0.8833852313167261,35,0.5804347454147276,"Признаки распределения средств: вход: 1 контр., 1 пер., 100000 KZT; выход: 7 контр., 33 пер., 2473418 KZT."
100000008514970100,peripheral,0.5984875444839857,21,0.579949356693129,"Слабо выраженная роль в наблюдаемом графе: вход: 1 контр., 1 пер., 379966 KZT; выход: 1 контр., 1 пер., 31000 KZT."
100000008258458100,coordinator,0.8016459074733095,64,0.5810802764850808,"Структурно значимый посредник, рекомендуется проверка: вход: 1 контр., 1 пер., 19000 KZT; выход: 2 контр., 4 пер., 1557988 KZT."
100000003484058100,coordinator,0.769661921708185,15,0.6597293320558445,"Структурно значимый посредник, рекомендуется проверка: вход: 1 контр., 1 пер., 110000 KZT; выход: 1 контр., 1 пер., 6000 KZT."
100000003574895100,transit,0.8377070490321424,0,0.44957740213523134,"Признаки транзита, доля дальнейшего перевода 0.72: вход: 1 контр., 1 пер., 27968 KZT; выход: 1 контр., 1 пер., 20000 KZT."
100000000896111100,terminal,0.6346641459074733,24,0.5885070490008212,"Вероятный конечный получатель в наблюдаемом графе: вход: 1 контр., 1 пер., 287100 KZT; выход: 0 контр., 0 пер., 0 KZT."
100000008715887100,terminal,0.6346641459074733,6,0.2935963591568574,"Вероятный конечный получатель в наблюдаемом графе: вход: 1 контр., 1 пер., 18000 KZT; выход: 0 контр., 0 пер., 0 KZT."
100000000560751100,terminal,0.6346641459074733,14,0.5968508759923351,"Вероятный конечный получатель в наблюдаемом графе: вход: 1 контр., 1 пер., 25000 KZT; выход: 0 контр., 0 пер., 0 KZT."
100000008708207100,terminal,0.835442615658363,9,0.6116845743224748,"Вероятный конечный получатель в наблюдаемом графе: вход: 2 контр., 2 пер., 465000 KZT; выход: 0 контр., 0 пер., 0 KZT."
100000003152964100,coordinator,0.7767237544483986,8,0.6734546947714208,"Структурно значимый посредник, рекомендуется проверка: вход: 1 контр., 1 пер., 141847 KZT; выход: 1 контр., 1 пер., 5500 KZT."
100000004991812100,terminal,0.6346641459074733,23,0.4646386531617849,"Вероятный конечный получатель в наблюдаемом графе: вход: 1 контр., 1 пер., 10000 KZT; выход: 0 контр., 0 пер., 0 KZT."
100000000291908100,coordinator,0.7813389679715302,48,0.8098035860936217,"Структурно значимый посредник, рекомендуется проверка: вход: 1 контр., 5 пер., 295500 KZT; выход: 1 контр., 1 пер., 13300 KZT."
100000003132484100,terminal,0.6346641459074733,18,0.6241743087872981,"Вероятный конечный получатель в наблюдаемом графе: вход: 1 контр., 1 пер., 90000 KZT; выход: 0 контр., 0 пер., 0 KZT."
100000004077081100,distributor,0.8705738434163701,2,0.6346715028743499,"Признаки распределения средств: вход: 1 контр., 1 пер., 140000 KZT; выход: 4 контр., 6 пер., 615000 KZT."
100000004770073100,transit,0.9229251680071799,0,0.4127713523131673,"Признаки транзита, доля дальнейшего перевода 1.00: вход: 1 контр., 1 пер., 5462 KZT; выход: 1 контр., 1 пер., 5467 KZT."
100000003163886100,terminal,0.6346641459074733,53,0.6773946071721874,"Вероятный конечный получатель в наблюдаемом графе: вход: 1 контр., 1 пер., 500000 KZT; выход: 0 контр., 0 пер., 0 KZT."
100000000795374100,terminal,0.6346641459074733,8,0.4016197303586093,"Вероятный конечный получатель в наблюдаемом графе: вход: 1 контр., 1 пер., 50000 KZT; выход: 0 контр., 0 пер., 0 KZT."
100000002391278100,peripheral,0.5086076512455516,5,0.5484002874349849,"Слабо выраженная роль в наблюдаемом графе: вход: 1 контр., 5 пер., 30000 KZT; выход: 1 контр., 2 пер., 52700 KZT."
100000004635886100,terminal,0.6346641459074733,1,0.3552049685190255,"Вероятный конечный получатель в наблюдаемом графе: вход: 1 контр., 1 пер., 23000 KZT; выход: 0 контр., 0 пер., 0 KZT."
100000000413678100,distributor,0.8599644128113879,8,0.6830928916871978,"Признаки распределения средств: вход: 2 контр., 2 пер., 306500 KZT; выход: 3 контр., 18 пер., 528198 KZT."
100000008659950100,terminal,0.6346641459074733,10,0.5369963044073364,"Вероятный конечный получатель в наблюдаемом графе: вход: 1 контр., 1 пер., 246000 KZT; выход: 0 контр., 0 пер., 0 KZT."
100000003964910100,terminal,0.835442615658363,16,0.6644983575143718,"Вероятный конечный получатель в наблюдаемом графе: вход: 2 контр., 2 пер., 1000000 KZT; выход: 0 контр., 0 пер., 0 KZT."
100000008764654100,terminal,0.6346641459074733,6,0.32616753353408157,"Вероятный конечный получатель в наблюдаемом графе: вход: 1 контр., 1 пер., 26150 KZT; выход: 0 контр., 0 пер., 0 KZT."
100000005830339100,consolidator,0.8915925266903915,2,0.7615072086869239,"Признаки аккумуляции средств: вход: 5 контр., 12 пер., 476341 KZT; выход: 1 контр., 1 пер., 339251 KZT."
100000002032323100,coordinator,0.7792259786476868,10,0.7862133862578702,"Структурно значимый посредник, рекомендуется проверка: вход: 1 контр., 1 пер., 300000 KZT; выход: 1 контр., 2 пер., 1050000 KZT."
100000008668099100,terminal,0.6346641459074733,6,0.28230854776895703,"Вероятный конечный получатель в наблюдаемом графе: вход: 1 контр., 1 пер., 15700 KZT; выход: 0 контр., 0 пер., 0 KZT."
100000008634520100,terminal,0.6346641459074733,10,0.430612852450041,"Вероятный конечный получатель в наблюдаемом графе: вход: 1 контр., 1 пер., 90000 KZT; выход: 0 контр., 0 пер., 0 KZT."
100000002103448100,terminal,0.6346641459074733,6,0.33035570079386806,"Вероятный конечный получатель в наблюдаемом графе: вход: 1 контр., 1 пер., 27000 KZT; выход: 0 контр., 0 пер., 0 KZT."
100000005996909100,terminal,0.6346641459074733,1,0.4309078154941144,"Вероятный конечный получатель в наблюдаемом графе: вход: 1 контр., 1 пер., 5500 KZT; выход: 0 контр., 0 пер., 0 KZT."
100000007392365100,distributor,0.8804826512455517,39,0.5392413769504517,"Признаки распределения средств: вход: 1 контр., 1 пер., 9613 KZT; выход: 6 контр., 9 пер., 1765600 KZT."
100000008279405100,terminal,0.6346641459074733,8,0.5538105666575418,"Вероятный конечный получатель в наблюдаемом графе: вход: 1 контр., 2 пер., 234738 KZT; выход: 0 контр., 0 пер., 0 KZT."
100000008343874100,coordinator,0.8049266014234875,21,0.6866441965507802,"Структурно значимый посредник, рекомендуется проверка: вход: 2 контр., 2 пер., 283535 KZT; выход: 2 контр., 5 пер., 176400 KZT."
100000002548759100,terminal,0.835442615658363,9,0.5421516561730085,"Вероятный конечный получатель в наблюдаемом графе: вход: 2 контр., 2 пер., 375000 KZT; выход: 0 контр., 0 пер., 0 KZT."
100000003069463100,coordinator,0.7767237544483986,27,0.4680317547221462,"Структурно значимый посредник, рекомендуется проверка: вход: 1 контр., 1 пер., 11500 KZT; выход: 1 контр., 1 пер., 17920 KZT."
100000008474391100,terminal,0.6346641459074733,23,0.5216671229126745,"Вероятный конечный получатель в наблюдаемом графе: вход: 1 контр., 1 пер., 20000 KZT; выход: 0 контр., 0 пер., 0 KZT."
100000003097324100,terminal,0.835442615658363,17,0.5657976320832193,"Вероятный конечный получатель в наблюдаемом графе: вход: 2 контр., 2 пер., 294000 KZT; выход: 0 контр., 0 пер., 0 KZT."
100000001852140100,terminal,0.6346641459074733,57,0.6035645359978101,"Вероятный конечный получатель в наблюдаемом графе: вход: 1 контр., 1 пер., 30000 KZT; выход: 0 контр., 0 пер., 0 KZT."
100000003293377100,terminal,0.6346641459074733,4,0.31275937585546126,"Вероятный конечный получатель в наблюдаемом графе: вход: 1 контр., 1 пер., 50000 KZT; выход: 0 контр., 0 пер., 0 KZT."
100000006048193100,terminal,0.6346641459074733,0,0.4051423487544484,"Вероятный конечный получатель в наблюдаемом графе: вход: 1 контр., 1 пер., 41559 KZT; выход: 0 контр., 0 пер., 0 KZT."
100000002435265100,terminal,0.6346641459074733,0,0.4155738434163701,"Вероятный конечный получатель в наблюдаемом графе: вход: 1 контр., 3 пер., 132628 KZT; выход: 0 контр., 0 пер., 0 KZT."
100000004587414100,terminal,0.835442615658363,4,0.5720298384889133,"Вероятный конечный получатель в наблюдаемом графе: вход: 2 контр., 2 пер., 533603 KZT; выход: 0 контр., 0 пер., 0 KZT."
100000001726614100,terminal,0.6346641459074733,0,0.447864768683274,"Вероятный конечный получатель в наблюдаемом графе: вход: 1 контр., 1 пер., 138717 KZT; выход: 0 контр., 0 пер., 0 KZT."
100000003934614100,consolidator,0.835442615658363,46,0.5005977963317821,"Признаки аккумуляции средств: вход: 2 контр., 2 пер., 17000 KZT; выход: 1 контр., 2 пер., 11500 KZT."
100000008772246100,terminal,0.6346641459074733,6,0.37348292499315633,"Вероятный конечный получатель в наблюдаемом графе: вход: 1 контр., 1 пер., 44500 KZT; выход: 0 контр., 0 пер., 0 KZT."
100000002603371100,terminal,0.6346641459074733,0,0.2977446619217082,"Вероятный конечный получатель в наблюдаемом графе: вход: 1 контр., 1 пер., 9300 KZT; выход: 0 контр., 0 пер., 0 KZT."
100000004445291100,terminal,0.6346641459074733,26,0.4421821105940323,"Вероятный конечный получатель в наблюдаемом графе: вход: 1 контр., 2 пер., 19500 KZT; выход: 0 контр., 0 пер., 0 KZT."
100000008571243100,terminal,0.6346641459074733,7,0.47868122091431703,"Вероятный конечный получатель в наблюдаемом графе: вход: 1 контр., 1 пер., 134000 KZT; выход: 0 контр., 0 пер., 0 KZT."
100000001138283100,coordinator,0.7849088078291815,8,0.6318354776895703,"Структурно значимый посредник, рекомендуется проверка: вход: 1 контр., 1 пер., 81805 KZT; выход: 2 контр., 2 пер., 50000 KZT."
100000002593344100,terminal,0.835442615658363,9,0.6088820832192718,"Вероятный конечный получатель в наблюдаемом графе: вход: 2 контр., 2 пер., 431000 KZT; выход: 0 контр., 0 пер., 0 KZT."
100000007390016100,transit,0.7614762589577341,4,0.776976457705995,"Признаки транзита, доля дальнейшего перевода 0.68: вход: 1 контр., 13 пер., 511000 KZT; выход: 1 контр., 14 пер., 346500 KZT."
100000001285440100,terminal,0.835442615658363,17,0.5549924719408705,"Вероятный конечный получатель в наблюдаемом графе: вход: 2 контр., 2 пер., 243000 KZT; выход: 0 контр., 0 пер., 0 KZT."
100000006746688100,terminal,0.6346641459074733,6,0.3657760744593485,"Вероятный конечный получатель в наблюдаемом графе: вход: 1 контр., 1 пер., 41000 KZT; выход: 0 контр., 0 пер., 0 KZT."
100000006471232100,terminal,0.6346641459074733,6,0.36826717766219547,"Вероятный конечный получатель в наблюдаемом графе: вход: 1 контр., 1 пер., 41800 KZT; выход: 0 контр., 0 пер., 0 KZT."
100000008662805100,terminal,0.6346641459074733,6,0.2859673555981385,"Вероятный конечный получатель в наблюдаемом графе: вход: 1 контр., 1 пер., 16500 KZT; выход: 0 контр., 0 пер., 0 KZT."
100000004292885100,terminal,0.6346641459074733,6,0.46505988228852996,"Вероятный конечный получатель в наблюдаемом графе: вход: 1 контр., 1 пер., 112700 KZT; выход: 0 контр., 0 пер., 0 KZT."
100000008190442100,terminal,0.6346641459074733,6,0.27301361894333426,"Вероятный конечный получатель в наблюдаемом графе: вход: 1 контр., 1 пер., 13000 KZT; выход: 0 контр., 0 пер., 0 KZT."
100000007131370100,transit,0.8580516014234876,1,0.7018152888037229,"Признаки транзита, доля дальнейшего перевода 1.00: вход: 1 контр., 1 пер., 30000 KZT; выход: 1 контр., 1 пер., 30000 KZT."
100000008717802100,terminal,0.6346641459074733,6,0.32616753353408157,"Вероятный конечный получатель в наблюдаемом графе: вход: 1 контр., 1 пер., 26150 KZT; выход: 0 контр., 0 пер., 0 KZT."
100000005357034100,terminal,0.6346641459074733,0,0.2541503558718861,"Вероятный конечный получатель в наблюдаемом графе: вход: 1 контр., 1 пер., 9754 KZT; выход: 0 контр., 0 пер., 0 KZT."
100000005532138100,terminal,0.6346641459074733,5,0.3682579386805366,"Вероятный конечный получатель в наблюдаемом графе: вход: 1 контр., 1 пер., 25046 KZT; выход: 0 контр., 0 пер., 0 KZT."
100000005264874100,peripheral,0.5286921708185053,36,0.5548208664111689,"Слабо выраженная роль в наблюдаемом графе: вход: 1 контр., 1 пер., 30000 KZT; выход: 2 контр., 3 пер., 78000 KZT."
100000008193258100,coordinator,0.769661921708185,16,0.5935997810019162,"Структурно значимый посредник, рекомендуется проверка: вход: 1 контр., 2 пер., 75000 KZT; выход: 1 контр., 1 пер., 30000 KZT."
100000003190207100,coordinator,0.769661921708185,20,0.6369180011862396,"Структурно значимый посредник, рекомендуется проверка: вход: 1 контр., 1 пер., 5000 KZT; выход: 1 контр., 8 пер., 377000 KZT."
100000004321983100,peripheral,0.4723754448398576,5,0.49229263618943336,"Слабо выраженная роль в наблюдаемом графе: вход: 1 контр., 1 пер., 10840 KZT; выход: 2 контр., 3 пер., 36200 KZT."
100000002633108100,terminal,0.6346641459074733,15,0.5930122502053107,"Вероятный конечный получатель в наблюдаемом графе: вход: 1 контр., 3 пер., 320000 KZT; выход: 0 контр., 0 пер., 0 KZT."
100000005941908100,terminal,0.6346641459074733,15,0.5955078018067342,"Вероятный конечный получатель в наблюдаемом графе: вход: 1 контр., 1 пер., 10000 KZT; выход: 0 контр., 0 пер., 0 KZT."
100000001835625100,terminal,0.6346641459074733,4,0.33371578154941145,"Вероятный конечный получатель в наблюдаемом графе: вход: 1 контр., 1 пер., 75130 KZT; выход: 0 контр., 0 пер., 0 KZT."
100000008671081100,terminal,0.6346641459074733,6,0.3583650424308787,"Вероятный конечный получатель в наблюдаемом графе: вход: 1 контр., 1 пер., 37200 KZT; выход: 0 контр., 0 пер., 0 KZT."
100000002908521100,terminal,0.6346641459074733,6,0.37348292499315633,"Вероятный конечный получатель в наблюдаемом графе: вход: 1 контр., 1 пер., 44500 KZT; выход: 0 контр., 0 пер., 0 KZT."
100000000749118100,coordinator,0.769661921708185,0,0.4513656583629893,"Структурно значимый посредник, рекомендуется проверка: вход: 1 контр., 1 пер., 10330 KZT; выход: 1 контр., 1 пер., 16500 KZT."
100000008652094100,terminal,0.6346641459074733,0,0.3084875444839858,"Вероятный конечный получатель в наблюдаемом графе: вход: 1 контр., 1 пер., 35000 KZT; выход: 0 контр., 0 пер., 0 KZT."
100000007647294100,terminal,0.6346641459074733,34,0.6683924171913496,"Вероятный конечный получатель в наблюдаемом графе: вход: 1 контр., 1 пер., 385000 KZT; выход: 0 контр., 0 пер., 0 KZT."
100000003270419100,terminal,0.6346641459074733,14,0.6860590610457158,"Вероятный конечный получатель в наблюдаемом графе: вход: 1 контр., 1 пер., 150000 KZT; выход: 0 контр., 0 пер., 0 KZT."
100000003050771100,terminal,0.6346641459074733,14,0.5890380052924535,"Вероятный конечный получатель в наблюдаемом графе: вход: 1 контр., 1 пер., 229000 KZT; выход: 0 контр., 0 пер., 0 KZT."
100000008427027100,terminal,0.6346641459074733,71,0.6255351765672051,"Вероятный конечный получатель в наблюдаемом графе: вход: 1 контр., 1 пер., 300000 KZT; выход: 0 контр., 0 пер., 0 KZT."
100000004291560100,terminal,0.6346641459074733,0,0.3257072953736655,"Вероятный конечный получатель в наблюдаемом графе: вход: 1 контр., 1 пер., 47190 KZT; выход: 0 контр., 0 пер., 0 KZT."
100000003594472100,terminal,0.6346641459074733,31,0.3438050917054476,"Вероятный конечный получатель в наблюдаемом графе: вход: 1 контр., 1 пер., 20000 KZT; выход: 0 контр., 0 пер., 0 KZT."
100000002575080100,transit,0.9116376950451683,1,0.7107031891595949,"Признаки транзита, доля дальнейшего перевода 0.96: вход: 1 контр., 1 пер., 13000 KZT; выход: 1 контр., 1 пер., 12500 KZT."
100000008038077100,terminal,0.6346641459074733,4,0.4968519025458527,"Вероятный конечный получатель в наблюдаемом графе: вход: 1 контр., 2 пер., 499850 KZT; выход: 0 контр., 0 пер., 0 KZT."
100000003899325100,terminal,0.6346641459074733,8,0.40808102929099366,"Вероятный конечный получатель в наблюдаемом графе: вход: 1 контр., 1 пер., 50120 KZT; выход: 0 контр., 0 пер., 0 KZT."
100000001155773100,terminal,0.6346641459074733,6,0.3093525869148645,"Вероятный конечный получатель в наблюдаемом графе: вход: 1 контр., 1 пер., 21500 KZT; выход: 0 контр., 0 пер., 0 KZT."
100000000611474100,terminal,0.6346641459074733,23,0.6110310019162333,"Вероятный конечный получатель в наблюдаемом графе: вход: 1 контр., 1 пер., 32000 KZT; выход: 0 контр., 0 пер., 0 KZT."
100000006704530100,distributor,0.8599644128113879,27,0.772239939775527,"Признаки распределения средств: вход: 1 контр., 1 пер., 450500 KZT; выход: 3 контр., 5 пер., 428000 KZT."
100000003996562100,terminal,0.6346641459074733,32,0.4320818505338079,"Вероятный конечный получатель в наблюдаемом графе: вход: 1 контр., 1 пер., 7700 KZT; выход: 0 контр., 0 пер., 0 KZT."
100000002646887100,terminal,0.6346641459074733,10,0.3719162332329592,"Вероятный конечный получатель в наблюдаемом графе: вход: 1 контр., 1 пер., 24354 KZT; выход: 0 контр., 0 пер., 0 KZT."
100000002556775100,terminal,0.6346641459074733,4,0.4507509238981659,"Вероятный конечный получатель в наблюдаемом графе: вход: 1 контр., 1 пер., 300000 KZT; выход: 0 контр., 0 пер., 0 KZT."
100000002722108100,terminal,0.6346641459074733,13,0.5613834519572954,"Вероятный конечный получатель в наблюдаемом графе: вход: 1 контр., 2 пер., 800000 KZT; выход: 0 контр., 0 пер., 0 KZT."
100000002737980100,terminal,0.6346641459074733,1,0.3910145770599507,"Вероятный конечный получатель в наблюдаемом графе: вход: 1 контр., 1 пер., 32900 KZT; выход: 0 контр., 0 пер., 0 KZT."
100000002913340100,terminal,0.6346641459074733,6,0.31572046947714205,"Вероятный конечный получатель в наблюдаемом графе: вход: 1 контр., 1 пер., 23600 KZT; выход: 0 контр., 0 пер., 0 KZT."
100000003610172100,terminal,0.6346641459074733,4,0.3304462085956748,"Вероятный конечный получатель в наблюдаемом графе: вход: 1 контр., 1 пер., 70000 KZT; выход: 0 контр., 0 пер., 0 KZT."
100000001052945100,distributor,0.8599644128113879,55,0.6500591979195183,"Признаки распределения средств: вход: 1 контр., 1 пер., 56520 KZT; выход: 3 контр., 6 пер., 1595700 KZT."
100000002369510100,terminal,0.6346641459074733,6,0.35803808513550506,"Вероятный конечный получатель в наблюдаемом графе: вход: 1 контр., 1 пер., 37150 KZT; выход: 0 контр., 0 пер., 0 KZT."
100000001954534100,coordinator,0.769661921708185,0,0.6965836298932384,"Структурно значимый посредник, рекомендуется проверка: вход: 1 контр., 1 пер., 13000 KZT; выход: 1 контр., 1 пер., 40000 KZT."
100000008488166100,terminal,0.6346641459074733,6,0.24866308513550506,"Вероятный конечный получатель в наблюдаемом графе: вход: 1 контр., 1 пер., 5600 KZT; выход: 0 контр., 0 пер., 0 KZT."
100000005100475100,terminal,0.6346641459074733,5,0.5093922803175472,"Вероятный конечный получатель в наблюдаемом графе: вход: 1 контр., 1 пер., 40000 KZT; выход: 0 контр., 0 пер., 0 KZT."
100000002708624100,terminal,0.6346641459074733,26,0.46672837393922806,"Вероятный конечный получатель в наблюдаемом графе: вход: 1 контр., 1 пер., 25000 KZT; выход: 0 контр., 0 пер., 0 KZT."
100000004591973100,coordinator,0.78350756227758,11,0.7396436148371202,"Структурно значимый посредник, рекомендуется проверка: вход: 1 контр., 1 пер., 10000 KZT; выход: 1 контр., 1 пер., 100000 KZT."
100000000802149100,terminal,0.6346641459074733,0,0.4242927046263345,"Вероятный конечный получатель в наблюдаемом графе: вход: 1 контр., 1 пер., 104128 KZT; выход: 0 контр., 0 пер., 0 KZT."
100000003095610100,terminal,0.6346641459074733,7,0.36724883657268,"Вероятный конечный получатель в наблюдаемом графе: вход: 1 контр., 1 пер., 23665 KZT; выход: 0 контр., 0 пер., 0 KZT."
100000004183610100,coordinator,0.7767237544483986,14,0.748495300666119,"Структурно значимый посредник, рекомендуется проверка: вход: 1 контр., 1 пер., 22000 KZT; выход: 1 контр., 3 пер., 915000 KZT."
100000005198906100,coordinator,0.769661921708185,4,0.5977549274568849,"Структурно значимый посредник, рекомендуется проверка: вход: 1 контр., 1 пер., 227970 KZT; выход: 1 контр., 1 пер., 60000 KZT."
100000008599354100,peripheral,0.5665925266903915,0,0.5402268683274022,"Слабо выраженная роль в наблюдаемом графе: вход: 1 контр., 1 пер., 177000 KZT; выход: 1 контр., 2 пер., 38200 KZT."
100000001303311100,terminal,0.8915925266903915,17,0.673867027101013,"Вероятный конечный получатель в наблюдаемом графе: вход: 5 контр., 5 пер., 1324000 KZT; выход: 0 контр., 0 пер., 0 KZT."
100000008776420100,terminal,0.6346641459074733,6,0.4172484943881741,"Вероятный конечный получатель в наблюдаемом графе: вход: 1 контр., 1 пер., 69500 KZT; выход: 0 контр., 0 пер., 0 KZT."
100000004737764100,terminal,0.6346641459074733,2,0.7166643854366275,"Вероятный конечный получатель в наблюдаемом графе: вход: 1 контр., 1 пер., 600000 KZT; выход: 0 контр., 0 пер., 0 KZT."
100000003154105100,distributor,0.8833852313167261,22,0.823659663290446,"Признаки распределения средств: вход: 1 контр., 1 пер., 60000 KZT; выход: 7 контр., 9 пер., 338000 KZT."
100000008708025100,terminal,0.6346641459074733,28,0.39489614700246367,"Вероятный конечный получатель в наблюдаемом графе: вход: 1 контр., 1 пер., 10000 KZT; выход: 0 контр., 0 пер., 0 KZT."
100000008740793100,terminal,0.6346641459074733,6,0.3073908431426225,"Вероятный конечный получатель в наблюдаемом графе: вход: 1 контр., 1 пер., 21000 KZT; выход: 0 контр., 0 пер., 0 KZT."
100000008459449100,terminal,0.6346641459074733,0,0.4313612099644128,"Вероятный конечный получатель в наблюдаемом графе: вход: 1 контр., 1 пер., 53700 KZT; выход: 0 контр., 0 пер., 0 KZT."
100000008677518100,terminal,0.6346641459074733,6,0.38240418833835205,"Вероятный конечный получатель в наблюдаемом графе: вход: 1 контр., 1 пер., 48700 KZT; выход: 0 контр., 0 пер., 0 KZT."
100000002212494100,terminal,0.6346641459074733,31,0.5489118532712838,"Вероятный конечный получатель в наблюдаемом графе: вход: 1 контр., 1 пер., 160000 KZT; выход: 0 контр., 0 пер., 0 KZT."
100000001825934100,peripheral,0.5395017793594306,36,0.5623987133862579,"Слабо выраженная роль в наблюдаемом графе: вход: 1 контр., 1 пер., 40000 KZT; выход: 1 контр., 1 пер., 97000 KZT."
100000003736419100,coordinator,0.769661921708185,0,0.527873665480427,"Структурно значимый посредник, рекомендуется проверка: вход: 1 контр., 1 пер., 23300 KZT; выход: 1 контр., 1 пер., 10000 KZT."
100000008430691100,coordinator,0.7849088078291815,70,0.6359800164248562,"Структурно значимый посредник, рекомендуется проверка: вход: 1 контр., 1 пер., 20000 KZT; выход: 2 контр., 2 пер., 604900 KZT."
100000003073635100,terminal,0.6346641459074733,8,0.49533636736928555,"Вероятный конечный получатель в наблюдаемом графе: вход: 1 контр., 1 пер., 129231 KZT; выход: 0 контр., 0 пер., 0 KZT."
100000001686328100,terminal,0.6346641459074733,9,0.5077922255680263,"Вероятный конечный получатель в наблюдаемом графе: вход: 1 контр., 1 пер., 140000 KZT; выход: 0 контр., 0 пер., 0 KZT."
100000008707810100,terminal,0.6346641459074733,6,0.327490932110594,"Вероятный конечный получатель в наблюдаемом графе: вход: 1 контр., 1 пер., 26200 KZT; выход: 0 контр., 0 пер., 0 KZT."
100000001236706100,consolidator,0.8711743772241993,14,0.829918788210603,"Признаки аккумуляции средств: вход: 3 контр., 3 пер., 142700 KZT; выход: 2 контр., 2 пер., 36000 KZT."
100000008536546100,terminal,0.835442615658363,17,0.5485778811935396,"Вероятный конечный получатель в наблюдаемом графе: вход: 2 контр., 2 пер., 250000 KZT; выход: 0 контр., 0 пер., 0 KZT."
100000007140834100,terminal,0.6346641459074733,5,0.6065942376129209,"Вероятный конечный получатель в наблюдаемом графе: вход: 1 контр., 2 пер., 10200 KZT; выход: 0 контр., 0 пер., 0 KZT."
100000007022818100,terminal,0.6346641459074733,6,0.288645291541199,"Вероятный конечный получатель в наблюдаемом графе: вход: 1 контр., 1 пер., 17200 KZT; выход: 0 контр., 0 пер., 0 KZT."
100000007484343100,terminal,0.835442615658363,0,0.35912811387900356,"Вероятный конечный получатель в наблюдаемом графе: вход: 2 контр., 2 пер., 26757 KZT; выход: 0 контр., 0 пер., 0 KZT."
100000001379511100,terminal,0.6346641459074733,10,0.4562178346564467,"Вероятный конечный получатель в наблюдаемом графе: вход: 1 контр., 1 пер., 55000 KZT; выход: 0 контр., 0 пер., 0 KZT."
100000004569484100,distributor,0.8705738434163701,7,0.7292624783283145,"Признаки распределения средств: вход: 2 контр., 3 пер., 98312 KZT; выход: 4 контр., 4 пер., 156000 KZT."
100000002948492100,terminal,0.6346641459074733,15,0.34359499041883385,"Вероятный конечный получатель в наблюдаемом графе: вход: 1 контр., 1 пер., 23660 KZT; выход: 0 контр., 0 пер., 0 KZT."
100000002116705100,terminal,0.6346641459074733,6,0.2911052559540104,"Вероятный конечный получатель в наблюдаемом графе: вход: 1 контр., 1 пер., 17600 KZT; выход: 0 контр., 0 пер., 0 KZT."
100000002481974100,coordinator,0.8016459074733095,8,0.7406596176658454,"Структурно значимый посредник, рекомендуется проверка: вход: 2 контр., 2 пер., 89447 KZT; выход: 2 контр., 4 пер., 318000 KZT."
100000003920950100,terminal,0.6346641459074733,5,0.6098193265808923,"Вероятный конечный получатель в наблюдаемом графе: вход: 1 контр., 1 пер., 323290 KZT; выход: 0 контр., 0 пер., 0 KZT."
100000000733451100,coordinator,0.78350756227758,14,0.8128740076649329,"Структурно значимый посредник, рекомендуется проверка: вход: 1 контр., 2 пер., 70000 KZT; выход: 1 контр., 1 пер., 300000 KZT."
100000005182219100,terminal,0.835442615658363,4,0.5559933616205859,"Вероятный конечный получатель в наблюдаемом графе: вход: 2 контр., 2 пер., 55000 KZT; выход: 0 контр., 0 пер., 0 KZT."
100000008633099100,transit,0.8312098529057996,5,0.4961449493566932,"Признаки транзита, доля дальнейшего перевода 0.69: вход: 1 контр., 1 пер., 19468 KZT; выход: 1 контр., 1 пер., 13500 KZT."
100000001380107100,terminal,0.6346641459074733,53,0.2694275253216534,"Вероятный конечный получатель в наблюдаемом графе: вход: 1 контр., 1 пер., 6000 KZT; выход: 0 контр., 0 пер., 0 KZT."
100000008755168100,terminal,0.6346641459074733,6,0.2911052559540104,"Вероятный конечный получатель в наблюдаемом графе: вход: 1 контр., 1 пер., 17600 KZT; выход: 0 контр., 0 пер., 0 KZT."
100000002628576100,transit,0.8553698090408969,4,0.6886045715849987,"Признаки транзита, доля дальнейшего перевода 0.74: вход: 2 контр., 3 пер., 727882 KZT; выход: 2 контр., 2 пер., 539000 KZT."
100000001611488100,terminal,0.835442615658363,4,0.7324969203394471,"Вероятный конечный получатель в наблюдаемом графе: вход: 2 контр., 3 пер., 779300 KZT; выход: 0 контр., 0 пер., 0 KZT."
100000005375968100,coordinator,0.8038145017793594,0,0.6350667259786478,"Структурно значимый посредник, рекомендуется проверка: вход: 1 контр., 1 пер., 170082 KZT; выход: 2 контр., 4 пер., 86000 KZT."
100000003581109100,terminal,0.6346641459074733,0,0.31801601423487547,"Вероятный конечный получатель в наблюдаемом графе: вход: 1 контр., 1 пер., 42750 KZT; выход: 0 контр., 0 пер., 0 KZT."
100000002933386100,coordinator,0.7792259786476868,2,0.8010549548316452,"Структурно значимый посредник, рекомендуется проверка: вход: 1 контр., 1 пер., 15000 KZT; выход: 1 контр., 1 пер., 58000 KZT."
100000002284426100,terminal,0.6346641459074733,4,0.34772823706542566,"Вероятный конечный получатель в наблюдаемом графе: вход: 1 контр., 2 пер., 90000 KZT; выход: 0 контр., 0 пер., 0 KZT."
100000008579978100,coordinator,0.769661921708185,4,0.4982353545031481,"Структурно значимый посредник, рекомендуется проверка: вход: 1 контр., 1 пер., 34000 KZT; выход: 1 контр., 6 пер., 77000 KZT."
100000001549194100,terminal,0.6346641459074733,15,0.4073360936216808,"Вероятный конечный получатель в наблюдаемом графе: вход: 1 контр., 1 пер., 46500 KZT; выход: 0 контр., 0 пер., 0 KZT."
100000001427082100,distributor,0.8762789145907474,22,0.7520493430057487,"Признаки распределения средств: вход: 1 контр., 1 пер., 5000 KZT; выход: 5 контр., 6 пер., 124900 KZT."
100000004657034100,terminal,0.6346641459074733,4,0.3851259238981659,"Вероятный конечный получатель в наблюдаемом графе: вход: 1 контр., 1 пер., 141250 KZT; выход: 0 контр., 0 пер., 0 KZT."
100000003796063100,distributor,0.8918927935943061,4,0.8994275253216535,"Признаки распределения средств: вход: 1 контр., 1 пер., 35000 KZT; выход: 15 контр., 23 пер., 959150 KZT."
100000005268319100,distributor,0.8762789145907474,4,0.6008495300666119,"Признаки распределения средств: вход: 1 контр., 2 пер., 19713 KZT; выход: 5 контр., 10 пер., 91000 KZT."
100000008744799100,terminal,0.6346641459074733,6,0.27114529154119904,"Вероятный конечный получатель в наблюдаемом графе: вход: 1 контр., 1 пер., 12600 KZT; выход: 0 контр., 0 пер., 0 KZT."
100000008677215100,terminal,0.6346641459074733,23,0.3807285108130304,"Вероятный конечный получатель в наблюдаемом графе: вход: 1 контр., 1 пер., 9000 KZT; выход: 0 контр., 0 пер., 0 KZT."
100000007593823100,distributor,0.8904915480427047,0,0.6068045670225386,"Признаки распределения средств: вход: 3 контр., 3 пер., 25000 KZT; выход: 13 контр., 21 пер., 162900 KZT."
100000001282143100,terminal,0.8915925266903915,13,0.6553336298932385,"Вероятный конечный получатель в наблюдаемом графе: вход: 5 контр., 6 пер., 1700000 KZT; выход: 0 контр., 0 пер., 0 KZT."
100000008029279100,terminal,0.6346641459074733,8,0.3003719545578976,"Вероятный конечный получатель в наблюдаемом графе: вход: 1 контр., 1 пер., 17000 KZT; выход: 0 контр., 0 пер., 0 KZT."
100000000594783100,peripheral,0.644661921708185,24,0.7108913906378319,"Слабо выраженная роль в наблюдаемом графе: вход: 1 контр., 10 пер., 2635000 KZT; выход: 2 контр., 2 пер., 152500 KZT."
100000002705460100,terminal,0.6346641459074733,1,0.6525670681631536,"Вероятный конечный получатель в наблюдаемом графе: вход: 1 контр., 1 пер., 95000 KZT; выход: 0 контр., 0 пер., 0 KZT."
100000002952756100,terminal,0.6346641459074733,7,0.5409854913769505,"Вероятный конечный получатель в наблюдаемом графе: вход: 1 контр., 1 пер., 47000 KZT; выход: 0 контр., 0 пер., 0 KZT."
100000004634420100,terminal,0.6346641459074733,6,0.32616753353408157,"Вероятный конечный получатель в наблюдаемом графе: вход: 1 контр., 1 пер., 26150 KZT; выход: 0 контр., 0 пер., 0 KZT."
100000000583220100,coordinator,0.769661921708185,67,0.6063299571128753,"Структурно значимый посредник, рекомендуется проверка: вход: 1 контр., 1 пер., 5000 KZT; выход: 1 контр., 4 пер., 761255 KZT."
100000003286537100,terminal,0.835442615658363,9,0.4971249657815494,"Вероятный конечный получатель в наблюдаемом графе: вход: 2 контр., 2 пер., 153000 KZT; выход: 0 контр., 0 пер., 0 KZT."
100000002958345100,terminal,0.6346641459074733,13,0.4714012455516014,"Вероятный конечный получатель в наблюдаемом графе: вход: 1 контр., 1 пер., 307000 KZT; выход: 0 контр., 0 пер., 0 KZT."
100000005055454100,terminal,0.6346641459074733,29,0.5231439912400766,"Вероятный конечный получатель в наблюдаемом графе: вход: 1 контр., 1 пер., 6500 KZT; выход: 0 контр., 0 пер., 0 KZT."
100000008738526100,coordinator,0.769661921708185,17,0.5048946071721873,"Структурно значимый посредник, рекомендуется проверка: вход: 1 контр., 1 пер., 15000 KZT; выход: 1 контр., 1 пер., 140000 KZT."
100000001298099100,terminal,0.6346641459074733,7,0.3461367369285519,"Вероятный конечный получатель в наблюдаемом графе: вход: 1 контр., 1 пер., 19000 KZT; выход: 0 контр., 0 пер., 0 KZT."
100000006491272100,terminal,0.6346641459074733,6,0.327490932110594,"Вероятный конечный получатель в наблюдаемом графе: вход: 1 контр., 1 пер., 26200 KZT; выход: 0 контр., 0 пер., 0 KZT."
100000000552584100,peripheral,0.6438612099644128,24,0.7093700383246646,"Слабо выраженная роль в наблюдаемом графе: вход: 1 контр., 3 пер., 2500000 KZT; выход: 1 контр., 1 пер., 57500 KZT."
100000005187208100,terminal,0.6346641459074733,4,0.4292317957842869,"Вероятный конечный получатель в наблюдаемом графе: вход: 1 контр., 1 пер., 14160 KZT; выход: 0 контр., 0 пер., 0 KZT."
100000003528285100,coordinator,0.8388011565836299,2,0.8350852039419655,"Структурно значимый посредник, рекомендуется проверка: вход: 4 контр., 5 пер., 118870 KZT; выход: 4 контр., 6 пер., 548000 KZT."
100000001484381100,terminal,0.835442615658363,7,0.5401402956474131,"Вероятный конечный получатель в наблюдаемом графе: вход: 2 контр., 4 пер., 95585 KZT; выход: 0 контр., 0 пер., 0 KZT."
100000002508637100,peripheral,0.5859430604982206,21,0.5603941965507803,"Слабо выраженная роль в наблюдаемом графе: вход: 1 контр., 1 пер., 306410 KZT; выход: 1 контр., 1 пер., 8000 KZT."
100000003149149100,terminal,0.6346641459074733,4,0.4331730769230769,"Вероятный конечный получатель в наблюдаемом графе: вход: 1 контр., 1 пер., 245000 KZT; выход: 0 контр., 0 пер., 0 KZT."
100000001538095100,terminal,0.835442615658363,13,0.5722375444839859,"Вероятный конечный получатель в наблюдаемом графе: вход: 2 контр., 2 пер., 280000 KZT; выход: 0 контр., 0 пер., 0 KZT."
100000008695133100,terminal,0.6346641459074733,6,0.35708835203941963,"Вероятный конечный получатель в наблюдаемом графе: вход: 1 контр., 1 пер., 36610 KZT; выход: 0 контр., 0 пер., 0 KZT."
100000008749405100,terminal,0.6346641459074733,6,0.35803808513550506,"Вероятный конечный получатель в наблюдаемом графе: вход: 1 контр., 1 пер., 37150 KZT; выход: 0 контр., 0 пер., 0 KZT."
100000005815602100,coordinator,0.769661921708185,1,0.800089310156036,"Структурно значимый посредник, рекомендуется проверка: вход: 1 контр., 1 пер., 20000 KZT; выход: 1 контр., 1 пер., 165000 KZT."
100000006641671100,consolidator,0.835442615658363,8,0.7013016698603887,"Признаки аккумуляции средств: вход: 2 контр., 2 пер., 22000 KZT; выход: 1 контр., 3 пер., 25000 KZT."
100000002945031100,terminal,0.6346641459074733,14,0.32487430422483804,"Вероятный конечный получатель в наблюдаемом графе: вход: 1 контр., 1 пер., 15000 KZT; выход: 0 контр., 0 пер., 0 KZT."
100000003497735100,terminal,0.6346641459074733,19,0.46976423487544483,"Вероятный конечный получатель в наблюдаемом графе: вход: 1 контр., 1 пер., 125000 KZT; выход: 0 контр., 0 пер., 0 KZT."
100000004644615100,peripheral,0.6006227758007117,7,0.5899934984943882,"Слабо выраженная роль в наблюдаемом графе: вход: 1 контр., 1 пер., 50810 KZT; выход: 2 контр., 14 пер., 379665 KZT."
100000002755292100,terminal,0.6346641459074733,4,0.41775937585546125,"Вероятный конечный получатель в наблюдаемом графе: вход: 1 контр., 1 пер., 203400 KZT; выход: 0 контр., 0 пер., 0 KZT."
100000005142492100,peripheral,0.49826512455516014,5,0.6631200383246647,"Слабо выраженная роль в наблюдаемом графе: вход: 1 контр., 1 пер., 10000 KZT; выход: 1 контр., 1 пер., 57000 KZT."
100000002893020100,terminal,0.6346641459074733,7,0.34355221735559816,"Вероятный конечный получатель в наблюдаемом графе: вход: 1 контр., 1 пер., 18340 KZT; выход: 0 контр., 0 пер., 0 KZT."
100000004500444100,consolidator,0.835442615658363,15,0.7529188338352039,"Признаки аккумуляции средств: вход: 2 контр., 7 пер., 180000 KZT; выход: 1 контр., 5 пер., 74000 KZT."
100000008454065100,terminal,0.6346641459074733,15,0.34596153846153843,"Вероятный конечный получатель в наблюдаемом графе: вход: 1 контр., 1 пер., 24050 KZT; выход: 0 контр., 0 пер., 0 KZT."
100000008416433100,terminal,0.6346641459074733,15,0.3280878729811114,"Вероятный конечный получатель в наблюдаемом графе: вход: 1 контр., 1 пер., 20000 KZT; выход: 0 контр., 0 пер., 0 KZT."
100000005265073100,coordinator,0.769661921708185,20,0.5398583926453143,"Структурно значимый посредник, рекомендуется проверка: вход: 1 контр., 1 пер., 5000 KZT; выход: 1 контр., 1 пер., 9000 KZT."
100000006734214100,consolidator,0.8915925266903915,4,0.8562157815494116,"Признаки аккумуляции средств: вход: 5 контр., 10 пер., 610000 KZT; выход: 3 контр., 4 пер., 36000 KZT."
100000002611334100,coordinator,0.769661921708185,0,0.6240302491103202,"Структурно значимый посредник, рекомендуется проверка: вход: 1 контр., 1 пер., 48288 KZT; выход: 1 контр., 1 пер., 15500 KZT."
100000006225798100,consolidator,0.8711743772241993,16,0.7549209553791404,"Признаки аккумуляции средств: вход: 3 контр., 4 пер., 722000 KZT; выход: 2 контр., 2 пер., 26300 KZT."
100000002849158100,consolidator,0.8711743772241993,9,0.7479657131125101,"Признаки аккумуляции средств: вход: 3 контр., 3 пер., 723000 KZT; выход: 1 контр., 3 пер., 1313000 KZT."
100000008686214100,terminal,0.6346641459074733,2,0.40036841865133677,"Вероятный конечный получатель в наблюдаемом графе: вход: 1 контр., 1 пер., 25000 KZT; выход: 0 контр., 0 пер., 0 KZT."
100000004931931100,coordinator,0.769661921708185,0,0.552161921708185,"Структурно значимый посредник, рекомендуется проверка: вход: 1 контр., 1 пер., 23938 KZT; выход: 1 контр., 1 пер., 45000 KZT."
100000007510875100,terminal,0.6346641459074733,18,0.4667810703531344,"Вероятный конечный получатель в наблюдаемом графе: вход: 1 контр., 1 пер., 5000 KZT; выход: 0 контр., 0 пер., 0 KZT."
100000005233755100,coordinator,0.769661921708185,16,0.5118915959485355,"Структурно значимый посредник, рекомендуется проверка: вход: 1 контр., 1 пер., 25000 KZT; выход: 1 контр., 1 пер., 5000 KZT."
100000008042075100,terminal,0.6346641459074733,24,0.3007579386805365,"Вероятный конечный получатель в наблюдаемом графе: вход: 1 контр., 1 пер., 5000 KZT; выход: 0 контр., 0 пер., 0 KZT."
100000001680944100,terminal,0.6346641459074733,17,0.5719230769230769,"Вероятный конечный получатель в наблюдаемом графе: вход: 1 контр., 1 пер., 393000 KZT; выход: 0 контр., 0 пер., 0 KZT."
100000008417029100,terminal,0.6346641459074733,9,0.4719203394470298,"Вероятный конечный получатель в наблюдаемом графе: вход: 1 контр., 1 пер., 100000 KZT; выход: 0 контр., 0 пер., 0 KZT."
100000004975919100,transit,0.8345516900491369,8,0.4955187517109225,"Признаки транзита, доля дальнейшего перевода 0.67: вход: 1 контр., 1 пер., 22351 KZT; выход: 2 контр., 2 пер., 15000 KZT."
100000003087877100,terminal,0.6346641459074733,21,0.38126608267177664,"Вероятный конечный получатель в наблюдаемом графе: вход: 1 контр., 1 пер., 91486 KZT; выход: 0 контр., 0 пер., 0 KZT."
100000008295429100,terminal,0.6346641459074733,4,0.4645609772789488,"Вероятный конечный получатель в наблюдаемом графе: вход: 1 контр., 1 пер., 352000 KZT; выход: 0 контр., 0 пер., 0 KZT."
100000003254277100,transit,0.9017852074472702,0,0.49391459074733096,"Признаки транзита, доля дальнейшего перевода 0.91: вход: 1 контр., 1 пер., 49200 KZT; выход: 1 контр., 1 пер., 44997 KZT."
100000005314565100,terminal,0.6346641459074733,0,0.5948176156583629,"Вероятный конечный получатель в наблюдаемом графе: вход: 1 контр., 3 пер., 218500 KZT; выход: 0 контр., 0 пер., 0 KZT."
100000002951898100,terminal,0.6346641459074733,15,0.39438235696687657,"Вероятный конечный получатель в наблюдаемом графе: вход: 1 контр., 1 пер., 39990 KZT; выход: 0 контр., 0 пер., 0 KZT."
100000001009583100,terminal,0.6346641459074733,4,0.47253250752805914,"Вероятный конечный получатель в наблюдаемом графе: вход: 1 контр., 1 пер., 393740 KZT; выход: 0 контр., 0 пер., 0 KZT."
100000004064431100,peripheral,0.45509341637010675,25,0.3435189113970253,"Слабо выраженная роль в наблюдаемом графе: вход: 1 контр., 1 пер., 26000 KZT; выход: 1 контр., 1 пер., 10000 KZT."
100000001927599100,terminal,0.835442615658363,7,0.5640237476047085,"Вероятный конечный получатель в наблюдаемом графе: вход: 2 контр., 2 пер., 188000 KZT; выход: 0 контр., 0 пер., 0 KZT."
100000007737775100,terminal,0.6346641459074733,12,0.3807623870791131,"Вероятный конечный получатель в наблюдаемом графе: вход: 1 контр., 1 пер., 6000 KZT; выход: 0 контр., 0 пер., 0 KZT."
100000003157679100,terminal,0.8860876334519574,9,0.6313375992335069,"Вероятный конечный получатель в наблюдаемом графе: вход: 4 контр., 4 пер., 541000 KZT; выход: 0 контр., 0 пер., 0 KZT."
100000001229743100,transit,0.8374618708693441,0,0.43108096085409253,"Признаки транзита, доля дальнейшего перевода 1.29: вход: 1 контр., 1 пер., 7000 KZT; выход: 1 контр., 1 пер., 9000 KZT."
100000003795588100,terminal,0.6346641459074733,0,0.5562900355871887,"Вероятный конечный получатель в наблюдаемом графе: вход: 1 контр., 2 пер., 400000 KZT; выход: 0 контр., 0 пер., 0 KZT."
100000002301828100,terminal,0.6346641459074733,16,0.3714423076923077,"Вероятный конечный получатель в наблюдаемом графе: вход: 1 контр., 1 пер., 46977 KZT; выход: 0 контр., 0 пер., 0 KZT."
100000005409156100,terminal,0.835442615658363,4,0.6288892690938955,"Вероятный конечный получатель в наблюдаемом графе: вход: 2 контр., 2 пер., 260080 KZT; выход: 0 контр., 0 пер., 0 KZT."
100000002513028100,distributor,0.8599644128113879,58,0.6403127566383794,"Признаки распределения средств: вход: 1 контр., 1 пер., 9500 KZT; выход: 3 контр., 24 пер., 332709 KZT."
100000003218308100,terminal,0.6346641459074733,0,0.2602846975088968,"Вероятный конечный получатель в наблюдаемом графе: вход: 1 контр., 1 пер., 11165 KZT; выход: 0 контр., 0 пер., 0 KZT."
100000008489604100,terminal,0.6346641459074733,6,0.26687927730632355,"Вероятный конечный получатель в наблюдаемом графе: вход: 1 контр., 1 пер., 11000 KZT; выход: 0 контр., 0 пер., 0 KZT."
100000004450649100,coordinator,0.8169372775800712,4,0.6836668491650699,"Структурно значимый посредник, рекомендуется проверка: вход: 2 контр., 2 пер., 192528 KZT; выход: 2 контр., 2 пер., 46527 KZT."
100000008767065100,terminal,0.6346641459074733,17,0.2533421160689844,"Вероятный конечный получатель в наблюдаемом графе: вход: 1 контр., 1 пер., 10000 KZT; выход: 0 контр., 0 пер., 0 KZT."
100000003035737100,consolidator,0.835442615658363,4,0.757643717492472,"Признаки аккумуляции средств: вход: 2 контр., 3 пер., 809170 KZT; выход: 1 контр., 1 пер., 6545 KZT."
100000002748761100,terminal,0.6346641459074733,13,0.5609386120996441,"Вероятный конечный получатель в наблюдаемом графе: вход: 1 контр., 3 пер., 796800 KZT; выход: 0 контр., 0 пер., 0 KZT."
100000008432942100,terminal,0.6346641459074733,0,0.3209741992882562,"Вероятный конечный получатель в наблюдаемом графе: вход: 1 контр., 2 пер., 44542 KZT; выход: 0 контр., 0 пер., 0 KZT."
100000004278574100,coordinator,0.769661921708185,4,0.46100893101560364,"Структурно значимый посредник, рекомендуется проверка: вход: 1 контр., 1 пер., 25000 KZT; выход: 1 контр., 1 пер., 12500 KZT."
100000000926766100,peripheral,0.42620106761565835,26,0.43579865863673695,"Слабо выраженная роль в наблюдаемом графе: вход: 1 контр., 1 пер., 18750 KZT; выход: 1 контр., 1 пер., 6000 KZT."
100000008661550100,terminal,0.6346641459074733,6,0.3116879961675335,"Вероятный конечный получатель в наблюдаемом графе: вход: 1 контр., 1 пер., 22800 KZT; выход: 0 контр., 0 пер., 0 KZT."
100000000783406100,terminal,0.6346641459074733,34,0.2785503353408158,"Вероятный конечный получатель в наблюдаемом графе: вход: 1 контр., 1 пер., 6066 KZT; выход: 0 контр., 0 пер., 0 KZT."
100000008730371100,terminal,0.835442615658363,0,0.729061387900356,"Вероятный конечный получатель в наблюдаемом графе: вход: 2 контр., 3 пер., 520000 KZT; выход: 0 контр., 0 пер., 0 KZT."
100000002878467100,terminal,0.835442615658363,10,0.542939364905557,"Вероятный конечный получатель в наблюдаемом графе: вход: 2 контр., 2 пер., 200000 KZT; выход: 0 контр., 0 пер., 0 KZT."
100000003171587100,coordinator,0.8049266014234875,4,0.7340360662469204,"Структурно значимый посредник, рекомендуется проверка: вход: 2 контр., 2 пер., 700000 KZT; выход: 2 контр., 7 пер., 431300 KZT."
100000002696152100,coordinator,0.7944728647686833,12,0.828271283876266,"Структурно значимый посредник, рекомендуется проверка: вход: 1 контр., 3 пер., 21800 KZT; выход: 2 контр., 8 пер., 69000 KZT."
100000002109656100,terminal,0.6346641459074733,13,0.5172775800711744,"Вероятный конечный получатель в наблюдаемом графе: вход: 1 контр., 1 пер., 500000 KZT; выход: 0 контр., 0 пер., 0 KZT."
100000001317336100,coordinator,0.8049266014234875,31,0.7500728852997536,"Структурно значимый посредник, рекомендуется проверка: вход: 1 контр., 1 пер., 131196 KZT; выход: 2 контр., 3 пер., 1752000 KZT."
100000005222360100,coordinator,0.8114768683274021,15,0.7904054886394744,"Структурно значимый посредник, рекомендуется проверка: вход: 1 контр., 1 пер., 5000 KZT; выход: 1 контр., 1 пер., 27000 KZT."
100000001445848100,peripheral,0.6254448398576512,34,0.6687927730632357,"Слабо выраженная роль в наблюдаемом графе: вход: 1 контр., 13 пер., 546000 KZT; выход: 1 контр., 14 пер., 351850 KZT."
100000008720856100,coordinator,0.769661921708185,4,0.6564515466739667,"Структурно значимый посредник, рекомендуется проверка: вход: 1 контр., 1 пер., 18105 KZT; выход: 1 контр., 2 пер., 46000 KZT."
100000002448088100,consolidator,0.8711743772241993,22,0.7146516561730085,"Признаки аккумуляции средств: вход: 3 контр., 3 пер., 20000 KZT; выход: 1 контр., 1 пер., 25000 KZT."
100000003109805100,terminal,0.6346641459074733,16,0.3504547632083219,"Вероятный конечный получатель в наблюдаемом графе: вход: 1 контр., 1 пер., 36929 KZT; выход: 0 контр., 0 пер., 0 KZT."
100000008223661100,distributor,0.8762789145907474,10,0.7054082261155215,"Признаки распределения средств: вход: 2 контр., 2 пер., 202000 KZT; выход: 5 контр., 5 пер., 262580 KZT."
100000004096559100,terminal,0.6346641459074733,5,0.6656956611004654,"Вероятный конечный получатель в наблюдаемом графе: вход: 1 контр., 1 пер., 46200 KZT; выход: 0 контр., 0 пер., 0 KZT."
100000002257794100,terminal,0.6346641459074733,25,0.6811049137695045,"Вероятный конечный получатель в наблюдаемом графе: вход: 1 контр., 1 пер., 154000 KZT; выход: 0 контр., 0 пер., 0 KZT."
100000003112578100,terminal,0.6346641459074733,13,0.3729092526690392,"Вероятный конечный получатель в наблюдаемом графе: вход: 1 контр., 1 пер., 101080 KZT; выход: 0 контр., 0 пер., 0 KZT."
100000007020162100,terminal,0.6346641459074733,15,0.47275424308787295,"Вероятный конечный получатель в наблюдаемом графе: вход: 1 контр., 1 пер., 86395 KZT; выход: 0 контр., 0 пер., 0 KZT."
100000001934935100,terminal,0.6346641459074733,0,0.40735320284697507,"Вероятный конечный получатель в наблюдаемом графе: вход: 1 контр., 1 пер., 118935 KZT; выход: 0 контр., 0 пер., 0 KZT."
100000002663511100,terminal,0.6346641459074733,0,0.5132740213523131,"Вероятный конечный получатель в наблюдаемом графе: вход: 1 контр., 1 пер., 268940 KZT; выход: 0 контр., 0 пер., 0 KZT."
100000003338583100,terminal,0.6346641459074733,25,0.31857229217994343,"Вероятный конечный получатель в наблюдаемом графе: вход: 1 контр., 1 пер., 21765 KZT; выход: 0 контр., 0 пер., 0 KZT."
100000002904919100,coordinator,0.769661921708185,0,0.5418861209964414,"Структурно значимый посредник, рекомендуется проверка: вход: 1 контр., 1 пер., 60325 KZT; выход: 1 контр., 1 пер., 5500 KZT."
100000005127767100,terminal,0.6346641459074733,37,0.49181477552696423,"Вероятный конечный получатель в наблюдаемом графе: вход: 1 контр., 1 пер., 7000 KZT; выход: 0 контр., 0 пер., 0 KZT."
100000004066647100,terminal,0.6346641459074733,19,0.38450622775800714,"Вероятный конечный получатель в наблюдаемом графе: вход: 1 контр., 1 пер., 51000 KZT; выход: 0 контр., 0 пер., 0 KZT."
100000002394199100,peripheral,0.5915480427046262,5,0.7123905009581166,"Слабо выраженная роль в наблюдаемом графе: вход: 1 контр., 3 пер., 277398 KZT; выход: 1 контр., 1 пер., 76777 KZT."
100000003968044100,distributor,0.8599644128113879,8,0.6339291906195821,"Признаки распределения средств: вход: 1 контр., 1 пер., 40000 KZT; выход: 3 контр., 4 пер., 311000 KZT."
100000001808684100,transit,0.7917292873739008,5,0.7145835614563372,"Признаки транзита, доля дальнейшего перевода 0.78: вход: 1 контр., 3 пер., 48400 KZT; выход: 1 контр., 2 пер., 37700 KZT."
100000008097580100,terminal,0.835442615658363,8,0.6336637695045169,"Вероятный конечный получатель в наблюдаемом графе: вход: 2 контр., 4 пер., 32000 KZT; выход: 0 контр., 0 пер., 0 KZT."
100000008687617100,terminal,0.6346641459074733,6,0.3712876402956474,"Вероятный конечный получатель в наблюдаемом графе: вход: 1 контр., 2 пер., 43350 KZT; выход: 0 контр., 0 пер., 0 KZT."
100000005667841100,terminal,0.835442615658363,10,0.5338468382151657,"Вероятный конечный получатель в наблюдаемом графе: вход: 2 контр., 2 пер., 186000 KZT; выход: 0 контр., 0 пер., 0 KZT."
100000001329153100,terminal,0.6346641459074733,0,0.4280604982206406,"Вероятный конечный получатель в наблюдаемом графе: вход: 1 контр., 1 пер., 150687 KZT; выход: 0 контр., 0 пер., 0 KZT."
100000007689942100,coordinator,0.7849088078291815,19,0.7719639679715303,"Структурно значимый посредник, рекомендуется проверка: вход: 1 контр., 1 пер., 5000 KZT; выход: 2 контр., 2 пер., 25000 KZT."
100000006476758100,terminal,0.6346641459074733,12,0.5374572269367643,"Вероятный конечный получатель в наблюдаемом графе: вход: 1 контр., 1 пер., 5200 KZT; выход: 0 контр., 0 пер., 0 KZT."
100000002184107100,terminal,0.6346641459074733,34,0.2785503353408158,"Вероятный конечный получатель в наблюдаемом графе: вход: 1 контр., 1 пер., 6066 KZT; выход: 0 контр., 0 пер., 0 KZT."
100000008663723100,terminal,0.6346641459074733,6,0.2813743840678894,"Вероятный конечный получатель в наблюдаемом графе: вход: 1 контр., 1 пер., 15600 KZT; выход: 0 контр., 0 пер., 0 KZT."
100000000254336100,consolidator,0.835442615658363,0,0.5691548042704626,"Признаки аккумуляции средств: вход: 2 контр., 2 пер., 97177 KZT; выход: 1 контр., 1 пер., 60000 KZT."
100000008750464100,terminal,0.6346641459074733,6,0.25722625239529157,"Вероятный конечный получатель в наблюдаемом графе: вход: 1 контр., 1 пер., 8500 KZT; выход: 0 контр., 0 пер., 0 KZT."
100000001530709100,terminal,0.6346641459074733,0,0.3387544483985765,"Вероятный конечный получатель в наблюдаемом графе: вход: 1 контр., 1 пер., 53961 KZT; выход: 0 контр., 0 пер., 0 KZT."
100000000656682100,transit,0.8951902473560223,0,0.5359875444839858,"Признаки транзита, доля дальнейшего перевода 1.13: вход: 1 контр., 1 пер., 71000 KZT; выход: 2 контр., 3 пер., 80000 KZT."
100000008755754100,terminal,0.6346641459074733,13,0.3453825622775801,"Вероятный конечный получатель в наблюдаемом графе: вход: 1 контр., 1 пер., 7000 KZT; выход: 0 контр., 0 пер., 0 KZT."
100000002691583100,terminal,0.6346641459074733,27,0.5674623597043525,"Вероятный конечный получатель в наблюдаемом графе: вход: 1 контр., 1 пер., 285200 KZT; выход: 0 контр., 0 пер., 0 KZT."
100000005241556100,terminal,0.6346641459074733,21,0.6336949082945526,"Вероятный конечный получатель в наблюдаемом графе: вход: 1 контр., 1 пер., 100000 KZT; выход: 0 контр., 0 пер., 0 KZT."
100000004713684100,terminal,0.6346641459074733,0,0.31231761565836297,"Вероятный конечный получатель в наблюдаемом графе: вход: 1 контр., 1 пер., 37500 KZT; выход: 0 контр., 0 пер., 0 KZT."
100000006919124100,terminal,0.6346641459074733,0,0.2910809608540925,"Вероятный конечный получатель в наблюдаемом графе: вход: 1 контр., 1 пер., 25000 KZT; выход: 0 контр., 0 пер., 0 KZT."
100000003006633100,terminal,0.6346641459074733,34,0.314064125376403,"Вероятный конечный получатель в наблюдаемом графе: вход: 1 контр., 1 пер., 10000 KZT; выход: 0 контр., 0 пер., 0 KZT."
100000008306857100,terminal,0.6346641459074733,13,0.3914679715302491,"Вероятный конечный получатель в наблюдаемом графе: вход: 1 контр., 1 пер., 125000 KZT; выход: 0 контр., 0 пер., 0 KZT."
100000003671721100,terminal,0.6346641459074733,7,0.5716483027648508,"Вероятный конечный получатель в наблюдаемом графе: вход: 1 контр., 1 пер., 5000 KZT; выход: 0 контр., 0 пер., 0 KZT."
100000002613929100,terminal,0.6346641459074733,18,0.6297170134136325,"Вероятный конечный получатель в наблюдаемом графе: вход: 1 контр., 1 пер., 28560 KZT; выход: 0 контр., 0 пер., 0 KZT."
100000008669310100,terminal,0.6346641459074733,0,0.34812722419928827,"Вероятный конечный получатель в наблюдаемом графе: вход: 1 контр., 2 пер., 59567 KZT; выход: 0 контр., 0 пер., 0 KZT."
100000006573438100,terminal,0.6346641459074733,40,0.3370082808650424,"Вероятный конечный получатель в наблюдаемом графе: вход: 1 контр., 1 пер., 5000 KZT; выход: 0 контр., 0 пер., 0 KZT."
100000006165886100,consolidator,0.835442615658363,0,0.5482384341637012,"Признаки аккумуляции средств: вход: 2 контр., 2 пер., 184481 KZT; выход: 1 контр., 1 пер., 75000 KZT."
100000008491390100,terminal,0.6346641459074733,0,0.310355871886121,"Вероятный конечный получатель в наблюдаемом графе: вход: 1 контр., 1 пер., 36000 KZT; выход: 0 контр., 0 пер., 0 KZT."
100000005186131100,transit,0.92317615658363,0,0.41009341637010677,"Признаки транзита, доля дальнейшего перевода 1.00: вход: 1 контр., 1 пер., 10000 KZT; выход: 1 контр., 1 пер., 10000 KZT."
100000001550419100,terminal,0.6346641459074733,15,0.34038769504516836,"Вероятный конечный получатель в наблюдаемом графе: вход: 1 контр., 1 пер., 23000 KZT; выход: 0 контр., 0 пер., 0 KZT."
100000004979283100,terminal,0.6346641459074733,7,0.4200290856830003,"Вероятный конечный получатель в наблюдаемом графе: вход: 1 контр., 1 пер., 40132 KZT; выход: 0 контр., 0 пер., 0 KZT."
100000002537811100,coordinator,0.78350756227758,12,0.8232045578976184,"Структурно значимый посредник, рекомендуется проверка: вход: 1 контр., 1 пер., 52000 KZT; выход: 1 контр., 1 пер., 15000 KZT."
100000002990675100,terminal,0.6346641459074733,4,0.3153750342184506,"Вероятный конечный получатель в наблюдаемом графе: вход: 1 контр., 1 пер., 51143 KZT; выход: 0 контр., 0 пер., 0 KZT."
100000008763688100,terminal,0.6346641459074733,6,0.3073908431426225,"Вероятный конечный получатель в наблюдаемом графе: вход: 1 контр., 1 пер., 21000 KZT; выход: 0 контр., 0 пер., 0 KZT."
100000002809896100,terminal,0.6346641459074733,7,0.41448638105666574,"Вероятный конечный получатель в наблюдаемом графе: вход: 1 контр., 1 пер., 38000 KZT; выход: 0 контр., 0 пер., 0 KZT."
100000008716072100,terminal,0.6346641459074733,6,0.2697751847796332,"Вероятный конечный получатель в наблюдаемом графе: вход: 1 контр., 1 пер., 12100 KZT; выход: 0 контр., 0 пер., 0 KZT."
100000001279272100,coordinator,0.8239435053380783,0,0.7188701067615659,"Структурно значимый посредник, рекомендуется проверка: вход: 1 контр., 1 пер., 250000 KZT; выход: 2 контр., 2 пер., 136758 KZT."
100000001714173100,terminal,0.6346641459074733,17,0.6895787708732549,"Вероятный конечный получатель в наблюдаемом графе: вход: 1 контр., 6 пер., 638905 KZT; выход: 0 контр., 0 пер., 0 KZT."
100000008729597100,terminal,0.6346641459074733,8,0.4501228442376129,"Вероятный конечный получатель в наблюдаемом графе: вход: 1 контр., 1 пер., 83090 KZT; выход: 0 контр., 0 пер., 0 KZT."
100000002255058100,terminal,0.6346641459074733,2,0.6354232822337805,"Вероятный конечный получатель в наблюдаемом графе: вход: 1 контр., 2 пер., 491500 KZT; выход: 0 контр., 0 пер., 0 KZT."
100000006111442100,terminal,0.6346641459074733,10,0.4064491513824254,"Вероятный конечный получатель в наблюдаемом графе: вход: 1 контр., 1 пер., 64000 KZT; выход: 0 контр., 0 пер., 0 KZT."
100000008686247100,peripheral,0.4356094306049822,24,0.43285313441007395,"Слабо выраженная роль в наблюдаемом графе: вход: 1 контр., 2 пер., 22000 KZT; выход: 1 контр., 1 пер., 5000 KZT."
100000001893287100,peripheral,0.554982206405694,5,0.6490364084314262,"Слабо выраженная роль в наблюдаемом графе: вход: 1 контр., 3 пер., 18000 KZT; выход: 1 контр., 14 пер., 152700 KZT."
100000005172860100,terminal,0.6346641459074733,0,0.33679270462633454,"Вероятный конечный получатель в наблюдаемом графе: вход: 1 контр., 1 пер., 15209 KZT; выход: 0 контр., 0 пер., 0 KZT."
100000001788284100,distributor,0.8762789145907474,26,0.6400735696687654,"Признаки распределения средств: вход: 1 контр., 1 пер., 8000 KZT; выход: 5 контр., 8 пер., 296700 KZT."
100000008755580100,terminal,0.6346641459074733,6,0.28352296058034493,"Вероятный конечный получатель в наблюдаемом графе: вход: 1 контр., 1 пер., 16000 KZT; выход: 0 контр., 0 пер., 0 KZT."
100000003896956100,coordinator,0.7767237544483986,1,0.4968642211880646,"Структурно значимый посредник, рекомендуется проверка: вход: 1 контр., 1 пер., 10000 KZT; выход: 1 контр., 2 пер., 27000 KZT."
100000002475601100,terminal,0.6346641459074733,21,0.4668977552696414,"Вероятный конечный получатель в наблюдаемом графе: вход: 1 контр., 1 пер., 232301 KZT; выход: 0 контр., 0 пер., 0 KZT."
100000008619857100,peripheral,0.4642348754448398,0,0.38576512455516015,"Слабо выраженная роль в наблюдаемом графе: вход: 1 контр., 1 пер., 29000 KZT; выход: 2 контр., 2 пер., 13000 KZT."
100000001373265100,coordinator,0.769661921708185,8,0.6663283602518478,"Структурно значимый посредник, рекомендуется проверка: вход: 1 контр., 1 пер., 142482 KZT; выход: 1 контр., 1 пер., 5000 KZT."
100000004185681100,terminal,0.6346641459074733,2,0.5670602929099371,"Вероятный конечный получатель в наблюдаемом графе: вход: 1 контр., 1 пер., 10000 KZT; выход: 0 контр., 0 пер., 0 KZT."
100000003031633100,terminal,0.6346641459074733,9,0.5334728305502328,"Вероятный конечный получатель в наблюдаемом графе: вход: 1 контр., 2 пер., 414000 KZT; выход: 0 контр., 0 пер., 0 KZT."
100000002632742100,terminal,0.835442615658363,10,0.5529971940870517,"Вероятный конечный получатель в наблюдаемом графе: вход: 2 контр., 2 пер., 235500 KZT; выход: 0 контр., 0 пер., 0 KZT."
100000005847078100,terminal,0.6346641459074733,6,0.28504876129208867,"Вероятный конечный получатель в наблюдаемом графе: вход: 1 контр., 1 пер., 16300 KZT; выход: 0 контр., 0 пер., 0 KZT."
100000002807334100,terminal,0.6346641459074733,4,0.3189871338625787,"Вероятный конечный получатель в наблюдаемом графе: вход: 1 контр., 1 пер., 54715 KZT; выход: 0 контр., 0 пер., 0 KZT."
100000008748795100,terminal,0.6346641459074733,0,0.32533362989323844,"Вероятный конечный получатель в наблюдаемом графе: вход: 1 контр., 1 пер., 47057 KZT; выход: 0 контр., 0 пер., 0 KZT."
100000003899899100,consolidator,0.835442615658363,1,0.8237236517930467,"Признаки аккумуляции средств: вход: 2 контр., 5 пер., 218500 KZT; выход: 1 контр., 1 пер., 10000 KZT."
100000002308091100,terminal,0.6346641459074733,13,0.6629003558718862,"Вероятный конечный получатель в наблюдаемом графе: вход: 1 контр., 1 пер., 186720 KZT; выход: 0 контр., 0 пер., 0 KZT."
100000008680912100,peripheral,0.4819839857651245,32,0.5637855871886122,"Слабо выраженная роль в наблюдаемом графе: вход: 1 контр., 2 пер., 45112 KZT; выход: 1 контр., 1 пер., 5991 KZT."
100000008742053100,distributor,0.8897909252669038,13,0.5656450177935943,"Признаки распределения средств: вход: 1 контр., 1 пер., 10000 KZT; выход: 12 контр., 12 пер., 2789000 KZT."
100000008473765100,terminal,0.6346641459074733,8,0.35249828907747055,"Вероятный конечный получатель в наблюдаемом графе: вход: 1 контр., 1 пер., 30000 KZT; выход: 0 контр., 0 пер., 0 KZT."
100000007472293100,distributor,0.8599644128113879,17,0.5252860662469204,"Признаки распределения средств: вход: 1 контр., 1 пер., 5000 KZT; выход: 3 контр., 3 пер., 345900 KZT."
100000008753061100,terminal,0.6346641459074733,6,0.33357856556255133,"Вероятный конечный получатель в наблюдаемом графе: вход: 1 контр., 2 пер., 28400 KZT; выход: 0 контр., 0 пер., 0 KZT."
100000008501413100,transit,0.922914590747331,12,0.6185159457979742,"Признаки транзита, доля дальнейшего перевода 1.02: вход: 1 контр., 1 пер., 5000 KZT; выход: 1 контр., 1 пер., 5100 KZT."
100000002748581100,terminal,0.6346641459074733,15,0.39771420750068437,"Вероятный конечный получатель в наблюдаемом графе: вход: 1 контр., 1 пер., 41180 KZT; выход: 0 контр., 0 пер., 0 KZT."
100000001384826100,coordinator,0.769661921708185,4,0.6340627566383795,"Структурно значимый посредник, рекомендуется проверка: вход: 1 контр., 1 пер., 364260 KZT; выход: 1 контр., 1 пер., 10000 KZT."
100000004099450100,terminal,0.6346641459074733,0,0.39524021352313166,"Вероятный конечный получатель в наблюдаемом графе: вход: 1 контр., 1 пер., 31000 KZT; выход: 0 контр., 0 пер., 0 KZT."
100000002926970100,terminal,0.6346641459074733,7,0.49967766219545584,"Вероятный конечный получатель в наблюдаемом графе: вход: 1 контр., 1 пер., 85000 KZT; выход: 0 контр., 0 пер., 0 KZT."
100000002753146100,terminal,0.6346641459074733,13,0.5618905693950178,"Вероятный конечный получатель в наблюдаемом графе: вход: 1 контр., 3 пер., 803540 KZT; выход: 0 контр., 0 пер., 0 KZT."
100000003943247100,terminal,0.6346641459074733,0,0.3152135231316726,"Вероятный конечный получатель в наблюдаемом графе: вход: 1 контр., 1 пер., 40000 KZT; выход: 0 контр., 0 пер., 0 KZT."
100000002872399100,terminal,0.6346641459074733,5,0.7235337393922803,"Вероятный конечный получатель в наблюдаемом графе: вход: 1 контр., 9 пер., 1090000 KZT; выход: 0 контр., 0 пер., 0 KZT."
100000008417359100,peripheral,0.5469750889679715,16,0.4042092116068985,"Слабо выраженная роль в наблюдаемом графе: вход: 1 контр., 2 пер., 40810 KZT; выход: 2 контр., 3 пер., 110760 KZT."
100000002614095100,terminal,0.6346641459074733,6,0.24735525595401042,"Вероятный конечный получатель в наблюдаемом графе: вход: 1 контр., 1 пер., 5300 KZT; выход: 0 контр., 0 пер., 0 KZT."
100000004717647100,distributor,0.8762789145907474,43,0.8597481522036683,"Признаки распределения средств: вход: 1 контр., 2 пер., 300000 KZT; выход: 5 контр., 10 пер., 2240000 KZT."
100000008537380100,terminal,0.6346641459074733,6,0.25520223104297834,"Вероятный конечный получатель в наблюдаемом графе: вход: 1 контр., 1 пер., 8000 KZT; выход: 0 контр., 0 пер., 0 KZT."
100000001534244100,consolidator,0.835442615658363,9,0.7257281686285244,"Признаки аккумуляции средств: вход: 2 контр., 2 пер., 366000 KZT; выход: 1 контр., 1 пер., 45000 KZT."
100000008767950100,terminal,0.6346641459074733,6,0.2899531207226937,"Вероятный конечный получатель в наблюдаемом графе: вход: 1 контр., 1 пер., 17350 KZT; выход: 0 контр., 0 пер., 0 KZT."
100000004613582100,peripheral,0.388767793594306,5,0.5561671913495757,"Слабо выраженная роль в наблюдаемом графе: вход: 1 контр., 1 пер., 5000 KZT; выход: 1 контр., 1 пер., 9500 KZT."
100000008121806100,distributor,0.8705738434163701,8,0.682123140797518,"Признаки распределения средств: вход: 1 контр., 1 пер., 67000 KZT; выход: 4 контр., 6 пер., 248509 KZT."
100000002369443100,terminal,0.6346641459074733,6,0.38595401040240895,"Вероятный конечный получатель в наблюдаемом графе: вход: 1 контр., 1 пер., 50000 KZT; выход: 0 контр., 0 пер., 0 KZT."
100000008655779100,coordinator,0.8070395907473309,28,0.7216332466465918,"Структурно значимый посредник, рекомендуется проверка: вход: 1 контр., 1 пер., 47000 KZT; выход: 2 контр., 2 пер., 24704 KZT."
100000008561016100,transit,0.9220492289442468,9,0.5969826170271011,"Признаки транзита, доля дальнейшего перевода 1.03: вход: 1 контр., 2 пер., 180000 KZT; выход: 1 контр., 4 пер., 185000 KZT."
100000002727288100,terminal,0.6346641459074733,1,0.5157328451501049,"Вероятный конечный получатель в наблюдаемом графе: вход: 1 контр., 1 пер., 16000 KZT; выход: 0 контр., 0 пер., 0 KZT."
100000001270349100,terminal,0.6346641459074733,5,0.573453668217903,"Вероятный конечный получатель в наблюдаемом графе: вход: 1 контр., 1 пер., 200000 KZT; выход: 0 контр., 0 пер., 0 KZT."
100000004722765100,distributor,0.8599644128113879,45,0.8269412127018888,"Признаки распределения средств: вход: 1 контр., 1 пер., 230000 KZT; выход: 3 контр., 9 пер., 2284500 KZT."
100000001677389100,coordinator,0.769661921708185,16,0.4519805639200657,"Структурно значимый посредник, рекомендуется проверка: вход: 1 контр., 1 пер., 11000 KZT; выход: 1 контр., 1 пер., 5400 KZT."
100000005857058100,terminal,0.8711743772241993,0,0.5939145907473309,"Вероятный конечный получатель в наблюдаемом графе: вход: 3 контр., 3 пер., 80222 KZT; выход: 0 контр., 0 пер., 0 KZT."
100000008760098100,peripheral,0.5968861209964412,17,0.42634033670955385,"Слабо выраженная роль в наблюдаемом графе: вход: 1 контр., 1 пер., 7000 KZT; выход: 1 контр., 1 пер., 390000 KZT."
100000002838519100,terminal,0.6346641459074733,15,0.40789659184232135,"Вероятный конечный получатель в наблюдаемом графе: вход: 1 контр., 1 пер., 46900 KZT; выход: 0 контр., 0 пер., 0 KZT."
100000002597623100,terminal,0.6346641459074733,0,0.27252224199288255,"Вероятный конечный получатель в наблюдаемом графе: вход: 1 контр., 1 пер., 16418 KZT; выход: 0 контр., 0 пер., 0 KZT."
100000003635660100,terminal,0.6346641459074733,0,0.32972419928825625,"Вероятный конечный получатель в наблюдаемом графе: вход: 1 контр., 1 пер., 18985 KZT; выход: 0 контр., 0 пер., 0 KZT."
100000008676812100,terminal,0.6346641459074733,19,0.6179181494661922,"Вероятный конечный получатель в наблюдаемом графе: вход: 1 контр., 1 пер., 230800 KZT; выход: 0 контр., 0 пер., 0 KZT."
100000003213473100,distributor,0.8889902135231318,2,0.5957168765398303,"Признаки распределения средств: вход: 1 контр., 2 пер., 57500 KZT; выход: 11 контр., 12 пер., 240000 KZT."
100000003071649100,terminal,0.6346641459074733,9,0.43567923624418287,"Вероятный конечный получатель в наблюдаемом графе: вход: 1 контр., 1 пер., 189500 KZT; выход: 0 контр., 0 пер., 0 KZT."
100000002433697100,transit,0.8812594100739118,4,0.5391339310156037,"Признаки транзита, доля дальнейшего перевода 0.85: вход: 1 контр., 1 пер., 130000 KZT; выход: 1 контр., 1 пер., 110000 KZT."
100000008612257100,terminal,0.6346641459074733,16,0.2604013824254038,"Вероятный конечный получатель в наблюдаемом графе: вход: 1 контр., 1 пер., 9500 KZT; выход: 0 контр., 0 пер., 0 KZT."
100000002736033100,coordinator,0.7767237544483986,16,0.5610552970161511,"Структурно значимый посредник, рекомендуется проверка: вход: 1 контр., 1 пер., 34530 KZT; выход: 1 контр., 1 пер., 11000 KZT."
100000008687990100,terminal,0.6346641459074733,6,0.2911052559540104,"Вероятный конечный получатель в наблюдаемом графе: вход: 1 контр., 1 пер., 17600 KZT; выход: 0 контр., 0 пер., 0 KZT."
100000008776310100,terminal,0.6346641459074733,6,0.2971461812209143,"Вероятный конечный получатель в наблюдаемом графе: вход: 1 контр., 1 пер., 19200 KZT; выход: 0 контр., 0 пер., 0 KZT."
100000007267915100,consolidator,0.835442615658363,16,0.4985375034218451,"Признаки аккумуляции средств: вход: 2 контр., 3 пер., 21000 KZT; выход: 1 контр., 1 пер., 10000 KZT."
100000004217419100,consolidator,0.835442615658363,8,0.7850338762660828,"Признаки аккумуляции средств: вход: 2 контр., 3 пер., 118200 KZT; выход: 1 контр., 1 пер., 7700 KZT."
100000002773323100,consolidator,0.835442615658363,10,0.7185265535176566,"Признаки аккумуляции средств: вход: 2 контр., 2 пер., 285000 KZT; выход: 1 контр., 2 пер., 1171644 KZT."
100000002528544100,terminal,0.6346641459074733,21,0.44815220366821795,"Вероятный конечный получатель в наблюдаемом графе: вход: 1 контр., 1 пер., 192912 KZT; выход: 0 контр., 0 пер., 0 KZT."
100000003760160100,terminal,0.6346641459074733,4,0.3622700520120449,"Вероятный конечный получатель в наблюдаемом графе: вход: 1 контр., 1 пер., 104470 KZT; выход: 0 контр., 0 пер., 0 KZT."
100000000640800100,distributor,0.8705738434163701,8,0.6950516698603888,"Признаки распределения средств: вход: 1 контр., 1 пер., 80000 KZT; выход: 4 контр., 6 пер., 518135 KZT."
100000008238112100,terminal,0.6346641459074733,4,0.41072200930741853,"Вероятный конечный получатель в наблюдаемом графе: вход: 1 контр., 1 пер., 190000 KZT; выход: 0 контр., 0 пер., 0 KZT."
100000008751349100,terminal,0.6346641459074733,27,0.2672710785655626,"Вероятный конечный получатель в наблюдаемом графе: вход: 1 контр., 1 пер., 11630 KZT; выход: 0 контр., 0 пер., 0 KZT."
100000002963189100,distributor,0.8833852313167261,15,0.8056412537640295,"Признаки распределения средств: вход: 1 контр., 3 пер., 490000 KZT; выход: 7 контр., 15 пер., 5219000 KZT."
100000008548853100,terminal,0.6346641459074733,6,0.27558256912127016,"Вероятный конечный получатель в наблюдаемом графе: вход: 1 контр., 1 пер., 14000 KZT; выход: 0 контр., 0 пер., 0 KZT."
100000003164661100,terminal,0.6346641459074733,29,0.6851546673966603,"Вероятный конечный получатель в наблюдаемом графе: вход: 1 контр., 3 пер., 596200 KZT; выход: 0 контр., 0 пер., 0 KZT."
100000000791285100,distributor,0.8599644128113879,27,0.8297043525869148,"Признаки распределения средств: вход: 1 контр., 2 пер., 1120000 KZT; выход: 3 контр., 3 пер., 650000 KZT."
100000003192309100,peripheral,0.5699288256227758,6,0.43937927730632365,"Слабо выраженная роль в наблюдаемом графе: вход: 1 контр., 1 пер., 17200 KZT; выход: 1 контр., 1 пер., 213000 KZT."
100000002891765100,terminal,0.6346641459074733,15,0.4303165206679441,"Вероятный конечный получатель в наблюдаемом графе: вход: 1 контр., 1 пер., 55576 KZT; выход: 0 контр., 0 пер., 0 KZT."
100000001740277100,peripheral,0.3862989323843416,5,0.4813584724883658,"Слабо выраженная роль в наблюдаемом графе: вход: 1 контр., 1 пер., 8700 KZT; выход: 1 контр., 1 пер., 5000 KZT."
100000002232266100,terminal,0.6346641459074733,8,0.39036305776074454,"Вероятный конечный получатель в наблюдаемом графе: вход: 1 контр., 1 пер., 45000 KZT; выход: 0 контр., 0 пер., 0 KZT."
100000006701983100,terminal,0.6346641459074733,6,0.33035570079386806,"Вероятный конечный получатель в наблюдаемом графе: вход: 1 контр., 1 пер., 27000 KZT; выход: 0 контр., 0 пер., 0 KZT."
100000002871199100,terminal,0.6346641459074733,15,0.34150869148644947,"Вероятный конечный получатель в наблюдаемом графе: вход: 1 контр., 1 пер., 23186 KZT; выход: 0 контр., 0 пер., 0 KZT."
100000002757791100,terminal,0.6346641459074733,5,0.478426977826444,"Вероятный конечный получатель в наблюдаемом графе: вход: 1 контр., 1 пер., 73050 KZT; выход: 0 контр., 0 пер., 0 KZT."
100000000572276100,peripheral,0.47384341637010674,6,0.3870661100465371,"Слабо выраженная роль в наблюдаемом графе: вход: 1 контр., 1 пер., 13075 KZT; выход: 1 контр., 1 пер., 34547 KZT."
100000001853812100,terminal,0.6346641459074733,8,0.433552559540104,"Вероятный конечный получатель в наблюдаемом графе: вход: 1 контр., 1 пер., 70000 KZT; выход: 0 контр., 0 пер., 0 KZT."
100000004726132100,coordinator,0.769661921708185,0,0.6994483985765123,"Структурно значимый посредник, рекомендуется проверка: вход: 1 контр., 1 пер., 349000 KZT; выход: 1 контр., 2 пер., 24000 KZT."
100000001785161100,terminal,0.835442615658363,30,0.4962089378592938,"Вероятный конечный получатель в наблюдаемом графе: вход: 2 контр., 2 пер., 30000 KZT; выход: 0 контр., 0 пер., 0 KZT."
100000002612809100,distributor,0.8599644128113879,36,0.639865350396934,"Признаки распределения средств: вход: 1 контр., 2 пер., 30000 KZT; выход: 3 контр., 4 пер., 114000 KZT."
100000008769097100,terminal,0.6346641459074733,6,0.3420016082671777,"Вероятный конечный получатель в наблюдаемом графе: вход: 1 контр., 1 пер., 31100 KZT; выход: 0 контр., 0 пер., 0 KZT."
100000004488265100,terminal,0.6346641459074733,8,0.3759769367643033,"Вероятный конечный получатель в наблюдаемом графе: вход: 1 контр., 1 пер., 38740 KZT; выход: 0 контр., 0 пер., 0 KZT."
100000002509598100,terminal,0.6346641459074733,13,0.47102758007117435,"Вероятный конечный получатель в наблюдаемом графе: вход: 1 контр., 1 пер., 305550 KZT; выход: 0 контр., 0 пер., 0 KZT."
100000008706846100,terminal,0.6346641459074733,6,0.2763143306871065,"Вероятный конечный получатель в наблюдаемом графе: вход: 1 контр., 1 пер., 14200 KZT; выход: 0 контр., 0 пер., 0 KZT."
100000001280798100,terminal,0.6346641459074733,7,0.36790275116342736,"Вероятный конечный получатель в наблюдаемом графе: вход: 1 контр., 1 пер., 23785 KZT; выход: 0 контр., 0 пер., 0 KZT."
100000006664478100,transit,0.8307788741507602,5,0.6931912127018888,"Признаки транзита, доля дальнейшего перевода 1.09: вход: 1 контр., 3 пер., 55000 KZT; выход: 2 контр., 2 пер., 60000 KZT."
100000003781406100,terminal,0.6346641459074733,11,0.6451885436627429,"Вероятный конечный получатель в наблюдаемом графе: вход: 1 контр., 2 пер., 45000 KZT; выход: 0 контр., 0 пер., 0 KZT."
100000008708595100,terminal,0.6346641459074733,6,0.288645291541199,"Вероятный конечный получатель в наблюдаемом графе: вход: 1 контр., 1 пер., 17200 KZT; выход: 0 контр., 0 пер., 0 KZT."
100000004611571100,terminal,0.6346641459074733,0,0.28528914590747334,"Вероятный конечный получатель в наблюдаемом графе: вход: 1 контр., 1 пер., 22550 KZT; выход: 0 контр., 0 пер., 0 KZT."
100000008576243100,terminal,0.835442615658363,0,0.7055545670225385,"Вероятный конечный получатель в наблюдаемом графе: вход: 2 контр., 4 пер., 82920 KZT; выход: 0 контр., 0 пер., 0 KZT."
100000008662216100,terminal,0.6346641459074733,6,0.327490932110594,"Вероятный конечный получатель в наблюдаемом графе: вход: 1 контр., 1 пер., 26200 KZT; выход: 0 контр., 0 пер., 0 KZT."
100000002681544100,terminal,0.835442615658363,5,0.5710426361894333,"Вероятный конечный получатель в наблюдаемом графе: вход: 2 контр., 2 пер., 166072 KZT; выход: 0 контр., 0 пер., 0 KZT."
100000007864477100,distributor,0.8804826512455517,0,0.7059030249110321,"Признаки распределения средств: вход: 2 контр., 2 пер., 76000 KZT; выход: 6 контр., 10 пер., 203500 KZT."
100000004746397100,coordinator,0.8119217081850534,4,0.6342006569942513,"Структурно значимый посредник, рекомендуется проверка: вход: 1 контр., 1 пер., 219520 KZT; выход: 1 контр., 1 пер., 7500 KZT."
100000003814002100,terminal,0.6346641459074733,4,0.29049514098001644,"Вероятный конечный получатель в наблюдаемом графе: вход: 1 контр., 1 пер., 30000 KZT; выход: 0 контр., 0 пер., 0 KZT."
100000003962994100,terminal,0.6346641459074733,37,0.5143081029290995,"Вероятный конечный получатель в наблюдаемом графе: вход: 1 контр., 1 пер., 10000 KZT; выход: 0 контр., 0 пер., 0 KZT."
100000003366471100,consolidator,0.835442615658363,8,0.7289707090062962,"Признаки аккумуляции средств: вход: 2 контр., 5 пер., 329789 KZT; выход: 1 контр., 1 пер., 20000 KZT."
100000003561031100,coordinator,0.769661921708185,8,0.45611038872159865,"Структурно значимый посредник, рекомендуется проверка: вход: 1 контр., 1 пер., 13300 KZT; выход: 1 контр., 1 пер., 5000 KZT."
100000001690439100,terminal,0.6346641459074733,4,0.5463892690938955,"Вероятный конечный получатель в наблюдаемом графе: вход: 1 контр., 1 пер., 14200 KZT; выход: 0 контр., 0 пер., 0 KZT."
100000002954780100,terminal,0.6346641459074733,9,0.4038865316178483,"Вероятный конечный получатель в наблюдаемом графе: вход: 1 контр., 1 пер., 133400 KZT; выход: 0 контр., 0 пер., 0 KZT."
100000008720668100,terminal,0.6346641459074733,6,0.28352296058034493,"Вероятный конечный получатель в наблюдаемом графе: вход: 1 контр., 1 пер., 16000 KZT; выход: 0 контр., 0 пер., 0 KZT."
100000002459164100,terminal,0.6346641459074733,0,0.5929181494661921,"Вероятный конечный получатель в наблюдаемом графе: вход: 1 контр., 1 пер., 20000 KZT; выход: 0 контр., 0 пер., 0 KZT."
100000005082652100,terminal,0.6346641459074733,5,0.550789077470572,"Вероятный конечный получатель в наблюдаемом графе: вход: 1 контр., 1 пер., 30000 KZT; выход: 0 контр., 0 пер., 0 KZT."
100000005041905100,peripheral,0.6301156583629892,6,0.37203941965507803,"Слабо выраженная роль в наблюдаемом графе: вход: 1 контр., 1 пер., 5000 KZT; выход: 1 контр., 5 пер., 1080351 KZT."
100000008653041100,terminal,0.6346641459074733,6,0.3319904872707364,"Вероятный конечный получатель в наблюдаемом графе: вход: 1 контр., 1 пер., 28000 KZT; выход: 0 контр., 0 пер., 0 KZT."
100000008722417100,distributor,0.8599644128113879,4,0.6591383794141802,"Признаки распределения средств: вход: 1 контр., 1 пер., 331900 KZT; выход: 3 контр., 6 пер., 720000 KZT."
100000008625905100,coordinator,0.8049266014234875,56,0.8023679167807282,"Структурно значимый посредник, рекомендуется проверка: вход: 1 контр., 1 пер., 197800 KZT; выход: 2 контр., 2 пер., 635000 KZT."
100000007487729100,terminal,0.6346641459074733,0,0.37328736654804273,"Вероятный конечный получатель в наблюдаемом графе: вход: 1 контр., 1 пер., 25000 KZT; выход: 0 контр., 0 пер., 0 KZT."
100000000838385100,coordinator,0.7849088078291815,28,0.8639508623049548,"Структурно значимый посредник, рекомендуется проверка: вход: 1 контр., 8 пер., 436900 KZT; выход: 2 контр., 6 пер., 177500 KZT."
100000004750321100,terminal,0.835442615658363,7,0.5009676977826445,"Вероятный конечный получатель в наблюдаемом графе: вход: 2 контр., 2 пер., 50185 KZT; выход: 0 контр., 0 пер., 0 KZT."
100000008664774100,terminal,0.6346641459074733,6,0.28504876129208867,"Вероятный конечный получатель в наблюдаемом графе: вход: 1 контр., 1 пер., 16300 KZT; выход: 0 контр., 0 пер., 0 KZT."
100000006274203100,distributor,0.8599644128113879,4,0.8793252121543936,"Признаки распределения средств: вход: 2 контр., 41 пер., 3417512 KZT; выход: 3 контр., 3 пер., 72000 KZT."
100000002185328100,distributor,0.8705738434163701,22,0.6931258554612647,"Признаки распределения средств: вход: 1 контр., 1 пер., 15000 KZT; выход: 4 контр., 4 пер., 55000 KZT."
100000008254576100,coordinator,0.769661921708185,34,0.5246379687927731,"Структурно значимый посредник, рекомендуется проверка: вход: 1 контр., 1 пер., 8000 KZT; выход: 1 контр., 1 пер., 60000 KZT."
100000001689968100,terminal,0.8711743772241993,4,0.5992451409800166,"Вероятный конечный получатель в наблюдаемом графе: вход: 3 контр., 3 пер., 344334 KZT; выход: 0 контр., 0 пер., 0 KZT."
100000002236528100,terminal,0.6346641459074733,5,0.4642321379687928,"Вероятный конечный получатель в наблюдаемом графе: вход: 1 контр., 1 пер., 66000 KZT; выход: 0 контр., 0 пер., 0 KZT."
100000002670960100,terminal,0.6346641459074733,13,0.513038256227758,"Вероятный конечный получатель в наблюдаемом графе: вход: 1 контр., 1 пер., 480310 KZT; выход: 0 контр., 0 пер., 0 KZT."
100000003557488100,coordinator,0.7944728647686833,31,0.82344477142075,"Структурно значимый посредник, рекомендуется проверка: вход: 1 контр., 3 пер., 664992 KZT; выход: 2 контр., 4 пер., 138000 KZT."
100000003888197100,terminal,0.6346641459074733,4,0.3411579523679168,"Вероятный конечный получатель в наблюдаемом графе: вход: 1 контр., 1 пер., 83167 KZT; выход: 0 контр., 0 пер., 0 KZT."
100000002799941100,terminal,0.6346641459074733,19,0.6090925266903915,"Вероятный конечный получатель в наблюдаемом графе: вход: 1 контр., 1 пер., 600000 KZT; выход: 0 контр., 0 пер., 0 KZT."
100000001632325100,terminal,0.6346641459074733,6,0.43437482890774703,"Вероятный конечный получатель в наблюдаемом графе: вход: 1 контр., 3 пер., 85600 KZT; выход: 0 контр., 0 пер., 0 KZT."
100000008620570100,coordinator,0.7994773131672598,2,0.7383177069075645,"Структурно значимый посредник, рекомендуется проверка: вход: 2 контр., 2 пер., 145000 KZT; выход: 2 контр., 2 пер., 31800 KZT."
100000005308954100,coordinator,0.769661921708185,1,0.7091418012592389,"Структурно значимый посредник, рекомендуется проверка: вход: 1 контр., 1 пер., 69020 KZT; выход: 1 контр., 1 пер., 30000 KZT."
100000008468762100,terminal,0.835442615658363,17,0.5219853545031481,"Вероятный конечный получатель в наблюдаемом графе: вход: 2 контр., 2 пер., 170000 KZT; выход: 0 контр., 0 пер., 0 KZT."
100000002305007100,terminal,0.6346641459074733,6,0.3985029427867506,"Вероятный конечный получатель в наблюдаемом графе: вход: 1 контр., 1 пер., 56000 KZT; выход: 0 контр., 0 пер., 0 KZT."
100000008314863100,terminal,0.6346641459074733,2,0.5561350260060225,"Вероятный конечный получатель в наблюдаемом графе: вход: 1 контр., 1 пер., 12000 KZT; выход: 0 контр., 0 пер., 0 KZT."
100000005709551100,terminal,0.6346641459074733,14,0.37204957112875264,"Вероятный конечный получатель в наблюдаемом графе: вход: 1 контр., 1 пер., 24560 KZT; выход: 0 контр., 0 пер., 0 KZT."
100000008297199100,terminal,0.6346641459074733,0,0.40645017793594307,"Вероятный конечный получатель в наблюдаемом графе: вход: 1 контр., 1 пер., 42268 KZT; выход: 0 контр., 0 пер., 0 KZT."
100000003271151100,terminal,0.6346641459074733,8,0.49349028196003286,"Вероятный конечный получатель в наблюдаемом графе: вход: 1 контр., 1 пер., 127294 KZT; выход: 0 контр., 0 пер., 0 KZT."
100000007005380100,terminal,0.6346641459074733,4,0.3902326854640022,"Вероятный конечный получатель в наблюдаемом графе: вход: 1 контр., 1 пер., 9400 KZT; выход: 0 контр., 0 пер., 0 KZT."
100000004451012100,distributor,0.8599644128113879,19,0.6352580071174377,"Признаки распределения средств: вход: 1 контр., 1 пер., 91245 KZT; выход: 3 контр., 3 пер., 65740 KZT."
100000004779204100,transit,0.8202204915589993,0,0.45474644128113884,"Признаки транзита, доля дальнейшего перевода 0.66: вход: 1 контр., 1 пер., 30450 KZT; выход: 1 контр., 2 пер., 20000 KZT."
100000002793881100,terminal,0.8711743772241993,9,0.6345715849986313,"Вероятный конечный получатель в наблюдаемом графе: вход: 3 контр., 3 пер., 785600 KZT; выход: 0 контр., 0 пер., 0 KZT."
100000008671129100,terminal,0.6346641459074733,6,0.327490932110594,"Вероятный конечный получатель в наблюдаемом графе: вход: 1 контр., 1 пер., 26200 KZT; выход: 0 контр., 0 пер., 0 KZT."
100000002095257100,terminal,0.6346641459074733,11,0.5055043799616753,"Вероятный конечный получатель в наблюдаемом графе: вход: 1 контр., 1 пер., 8500 KZT; выход: 0 контр., 0 пер., 0 KZT."
100000002194329100,terminal,0.6346641459074733,0,0.29213967971530247,"Вероятный конечный получатель в наблюдаемом графе: вход: 1 контр., 1 пер., 25170 KZT; выход: 0 контр., 0 пер., 0 KZT."
100000001884825100,terminal,0.8711743772241993,9,0.6050208732548592,"Вероятный конечный получатель в наблюдаемом графе: вход: 3 контр., 3 пер., 495000 KZT; выход: 0 контр., 0 пер., 0 KZT."
100000008692291100,transit,0.9298220640569395,10,0.662939364905557,"Признаки транзита, доля дальнейшего перевода 0.97: вход: 3 контр., 3 пер., 160000 KZT; выход: 3 контр., 3 пер., 156000 KZT."
100000002697752100,terminal,0.835442615658363,8,0.5656522036682179,"Вероятный конечный получатель в наблюдаемом графе: вход: 2 контр., 2 пер., 190785 KZT; выход: 0 контр., 0 пер., 0 KZT."
100000007170072100,transit,0.9317184163701068,8,0.6435369901450863,"Признаки транзита, доля дальнейшего перевода 0.99: вход: 1 контр., 1 пер., 100000 KZT; выход: 2 контр., 9 пер., 99500 KZT."
100000002373144100,coordinator,0.769661921708185,0,0.524853202846975,"Структурно значимый посредник, рекомендуется проверка: вход: 1 контр., 1 пер., 46468 KZT; выход: 1 контр., 1 пер., 10764 KZT."
100000000287768100,terminal,0.6346641459074733,0,0.3257072953736655,"Вероятный конечный получатель в наблюдаемом графе: вход: 1 контр., 1 пер., 35168 KZT; выход: 0 контр., 0 пер., 0 KZT."
100000004508696100,distributor,0.8599644128113879,37,0.7242302559540104,"Признаки распределения средств: вход: 1 контр., 1 пер., 7000 KZT; выход: 3 контр., 4 пер., 111000 KZT."
100000008688109100,terminal,0.6346641459074733,6,0.27226628798248015,"Вероятный конечный получатель в наблюдаемом графе: вход: 1 контр., 1 пер., 12800 KZT; выход: 0 контр., 0 пер., 0 KZT."
100000008724461100,transit,0.8406148043554217,9,0.5488687380235424,"Признаки транзита, доля дальнейшего перевода 1.30: вход: 1 контр., 1 пер., 100111 KZT; выход: 1 контр., 1 пер., 130000 KZT."
100000001714413100,terminal,0.6346641459074733,4,0.43572645770599505,"Вероятный конечный получатель в наблюдаемом графе: вход: 1 контр., 1 пер., 250172 KZT; выход: 0 контр., 0 пер., 0 KZT."
100000008672493100,terminal,0.6346641459074733,6,0.27558256912127016,"Вероятный конечный получатель в наблюдаемом графе: вход: 1 контр., 1 пер., 14000 KZT; выход: 0 контр., 0 пер., 0 KZT."
100000003241965100,terminal,0.6346641459074733,7,0.3239036408431426,"Вероятный конечный получатель в наблюдаемом графе: вход: 1 контр., 1 пер., 15000 KZT; выход: 0 контр., 0 пер., 0 KZT."
100000002241986100,distributor,0.8804826512455517,38,0.6380225157404873,"Признаки распределения средств: вход: 1 контр., 1 пер., 280000 KZT; выход: 6 контр., 12 пер., 3077000 KZT."
100000004140994100,terminal,0.6346641459074733,6,0.2951532986586367,"Вероятный конечный получатель в наблюдаемом графе: вход: 1 контр., 1 пер., 18650 KZT; выход: 0 контр., 0 пер., 0 KZT."
100000008489922100,distributor,0.8977980427046264,9,0.8814517747969703,"Признаки распределения средств: вход: 3 контр., 5 пер., 262010 KZT; выход: 36 контр., 41 пер., 3789900 KZT."
100000001252290100,coordinator,0.769661921708185,4,0.5516383794141803,"Структурно значимый посредник, рекомендуется проверка: вход: 1 контр., 1 пер., 141005 KZT; выход: 1 контр., 1 пер., 5000 KZT."
100000008667799100,terminal,0.6346641459074733,6,0.34931922392554066,"Вероятный конечный получатель в наблюдаемом графе: вход: 1 контр., 1 пер., 34000 KZT; выход: 0 контр., 0 пер., 0 KZT."
100000008684951100,terminal,0.6346641459074733,6,0.288645291541199,"Вероятный конечный получатель в наблюдаемом графе: вход: 1 контр., 1 пер., 17200 KZT; выход: 0 контр., 0 пер., 0 KZT."
100000006126743100,terminal,0.6346641459074733,4,0.3194542157131125,"Вероятный конечный получатель в наблюдаемом графе: вход: 1 контр., 1 пер., 55000 KZT; выход: 0 контр., 0 пер., 0 KZT."
100000003009900100,terminal,0.6346641459074733,7,0.3310655625513277,"Вероятный конечный получатель в наблюдаемом графе: вход: 1 контр., 1 пер., 15998 KZT; выход: 0 контр., 0 пер., 0 KZT."
100000001745217100,terminal,0.6346641459074733,0,0.35740658362989325,"Вероятный конечный получатель в наблюдаемом графе: вход: 1 контр., 1 пер., 50000 KZT; выход: 0 контр., 0 пер., 0 KZT."
100000002886166100,terminal,0.6346641459074733,25,0.5304317227849256,"Вероятный конечный получатель в наблюдаемом графе: вход: 1 контр., 3 пер., 185000 KZT; выход: 0 контр., 0 пер., 0 KZT."
100000002956779100,terminal,0.6346641459074733,2,0.6236973035860937,"Вероятный конечный получатель в наблюдаемом графе: вход: 1 контр., 1 пер., 411000 KZT; выход: 0 контр., 0 пер., 0 KZT."
100000008568512100,terminal,0.6346641459074733,4,0.41486346838215166,"Вероятный конечный получатель в наблюдаемом графе: вход: 1 контр., 1 пер., 199640 KZT; выход: 0 контр., 0 пер., 0 KZT."
100000008583360100,coordinator,0.769661921708185,7,0.7048066657541746,"Структурно значимый посредник, рекомендуется проверка: вход: 1 контр., 1 пер., 112843 KZT; выход: 1 контр., 1 пер., 170000 KZT."
100000001130176100,terminal,0.6346641459074733,0,0.6110631672597866,"Вероятный конечный получатель в наблюдаемом графе: вход: 1 контр., 2 пер., 25000 KZT; выход: 0 контр., 0 пер., 0 KZT."
100000001145749100,terminal,0.6346641459074733,2,0.5418111825896523,"Вероятный конечный получатель в наблюдаемом графе: вход: 1 контр., 1 пер., 10000 KZT; выход: 0 контр., 0 пер., 0 KZT."
100000005367445100,transit,0.8580516014234876,10,0.6551502189980837,"Признаки транзита, доля дальнейшего перевода 1.00: вход: 1 контр., 1 пер., 5000 KZT; выход: 1 контр., 1 пер., 5000 KZT."
100000003917461100,coordinator,0.7983096085409253,11,0.7463429030933478,"Структурно значимый посредник, рекомендуется проверка: вход: 1 контр., 1 пер., 10000 KZT; выход: 2 контр., 5 пер., 140000 KZT."
100000008200810100,terminal,0.6346641459074733,13,0.51230871886121,"Вероятный конечный получатель в наблюдаемом графе: вход: 1 контр., 1 пер., 475000 KZT; выход: 0 контр., 0 пер., 0 KZT."
100000002554175100,terminal,0.6346641459074733,7,0.3716082671776622,"Вероятный конечный получатель в наблюдаемом графе: вход: 1 контр., 1 пер., 24621 KZT; выход: 0 контр., 0 пер., 0 KZT."
100000008751380100,terminal,0.835442615658363,9,0.551088488913222,"Вероятный конечный получатель в наблюдаемом графе: вход: 2 контр., 2 пер., 345780 KZT; выход: 0 контр., 0 пер., 0 KZT."
100000004071444100,coordinator,0.769661921708185,0,0.6745373665480427,"Структурно значимый посредник, рекомендуется проверка: вход: 1 контр., 1 пер., 247350 KZT; выход: 1 контр., 1 пер., 100000 KZT."
100000001141268100,consolidator,0.835442615658363,17,0.7402193402682726,"Признаки аккумуляции средств: вход: 2 контр., 2 пер., 480000 KZT; выход: 1 контр., 1 пер., 10000 KZT."
100000002645993100,distributor,0.8762789145907474,0,0.6032606761565837,"Признаки распределения средств: вход: 2 контр., 4 пер., 49650 KZT; выход: 5 контр., 9 пер., 86980 KZT."
100000002546921100,terminal,0.6346641459074733,15,0.3280878729811114,"Вероятный конечный получатель в наблюдаемом графе: вход: 1 контр., 1 пер., 20000 KZT; выход: 0 контр., 0 пер., 0 KZT."
100000008753897100,terminal,0.6346641459074733,6,0.31847625239529154,"Вероятный конечный получатель в наблюдаемом графе: вход: 1 контр., 1 пер., 24050 KZT; выход: 0 контр., 0 пер., 0 KZT."
100000000870121100,terminal,0.6346641459074733,14,0.4374632721963683,"Вероятный конечный получатель в наблюдаемом графе: вход: 1 контр., 1 пер., 12000 KZT; выход: 0 контр., 0 пер., 0 KZT."
100000003171006100,terminal,0.835442615658363,9,0.5925964960306598,"Вероятный конечный получатель в наблюдаемом графе: вход: 2 контр., 2 пер., 485000 KZT; выход: 0 контр., 0 пер., 0 KZT."
100000001690558100,terminal,0.6346641459074733,19,0.6239946619217082,"Вероятный конечный получатель в наблюдаемом графе: вход: 1 контр., 1 пер., 740000 KZT; выход: 0 контр., 0 пер., 0 KZT."
100000008667795100,terminal,0.6346641459074733,6,0.34931922392554066,"Вероятный конечный получатель в наблюдаемом графе: вход: 1 контр., 1 пер., 34000 KZT; выход: 0 контр., 0 пер., 0 KZT."
100000005674387100,terminal,0.6346641459074733,6,0.327490932110594,"Вероятный конечный получатель в наблюдаемом графе: вход: 1 контр., 1 пер., 26200 KZT; выход: 0 контр., 0 пер., 0 KZT."
100000003636627100,peripheral,0.5129448398576513,5,0.6709269778264441,"Слабо выраженная роль в наблюдаемом графе: вход: 1 контр., 8 пер., 77000 KZT; выход: 1 контр., 1 пер., 10000 KZT."
100000001275752100,terminal,0.6346641459074733,9,0.4156881330413359,"Вероятный конечный получатель в наблюдаемом графе: вход: 1 контр., 1 пер., 151500 KZT; выход: 0 контр., 0 пер., 0 KZT."
100000002459240100,terminal,0.6346641459074733,4,0.3899212975636463,"Вероятный конечный получатель в наблюдаемом графе: вход: 1 контр., 1 пер., 150000 KZT; выход: 0 контр., 0 пер., 0 KZT."
100000002644285100,terminal,0.6346641459074733,13,0.5172775800711744,"Вероятный конечный получатель в наблюдаемом графе: вход: 1 контр., 1 пер., 500000 KZT; выход: 0 контр., 0 пер., 0 KZT."
100000005186109100,terminal,0.6346641459074733,1,0.5864015877361072,"Вероятный конечный получатель в наблюдаемом графе: вход: 1 контр., 1 пер., 5000 KZT; выход: 0 контр., 0 пер., 0 KZT."
100000005317181100,coordinator,0.769661921708185,0,0.6898887900355872,"Структурно значимый посредник, рекомендуется проверка: вход: 1 контр., 1 пер., 141250 KZT; выход: 1 контр., 1 пер., 14500 KZT."
100000003001661100,distributor,0.8762789145907474,28,0.8180567341910758,"Признаки распределения средств: вход: 1 контр., 1 пер., 110000 KZT; выход: 5 контр., 8 пер., 439500 KZT."
100000000288317100,distributor,0.8599644128113879,8,0.6772981111415276,"Признаки распределения средств: вход: 2 контр., 2 пер., 100000 KZT; выход: 3 контр., 3 пер., 53500 KZT."
100000004368189100,peripheral,0.5990213523131672,13,0.4999332740213523,"Слабо выраженная роль в наблюдаемом графе: вход: 1 контр., 1 пер., 384600 KZT; выход: 2 контр., 2 пер., 28200 KZT."
100000004493586100,terminal,0.6346641459074733,0,0.2831405693950178,"Вероятный конечный получатель в наблюдаемом графе: вход: 1 контр., 1 пер., 7500 KZT; выход: 0 контр., 0 пер., 0 KZT."
100000004114962100,terminal,0.835442615658363,4,0.6884132904462087,"Вероятный конечный получатель в наблюдаемом графе: вход: 2 контр., 2 пер., 165000 KZT; выход: 0 контр., 0 пер., 0 KZT."
100000008088082100,transit,0.8441540196801572,14,0.5870584679259055,"Признаки транзита, доля дальнейшего перевода 1.28: вход: 1 контр., 1 пер., 39138 KZT; выход: 1 контр., 1 пер., 50000 KZT."
100000008595687100,peripheral,0.5030693950177936,1,0.47812311798521767,"Слабо выраженная роль в наблюдаемом графе: вход: 1 контр., 1 пер., 64395 KZT; выход: 1 контр., 1 пер., 10400 KZT."
100000001248999100,terminal,0.6346641459074733,16,0.30791917601970986,"Вероятный конечный получатель в наблюдаемом графе: вход: 1 контр., 1 пер., 23425 KZT; выход: 0 контр., 0 пер., 0 KZT."
100000002736316100,terminal,0.8711743772241993,0,0.6312218268090153,"Вероятный конечный получатель в наблюдаемом графе: вход: 3 контр., 3 пер., 266921 KZT; выход: 0 контр., 0 пер., 0 KZT."
100000008596924100,terminal,0.6346641459074733,5,0.5909136326307144,"Вероятный конечный получатель в наблюдаемом графе: вход: 1 контр., 1 пер., 100000 KZT; выход: 0 контр., 0 пер., 0 KZT."
100000008598972100,terminal,0.6346641459074733,21,0.40704900082124285,"Вероятный конечный получатель в наблюдаемом графе: вход: 1 контр., 1 пер., 120000 KZT; выход: 0 контр., 0 пер., 0 KZT."
100000002769809100,terminal,0.6346641459074733,19,0.5651645907473309,"Вероятный конечный получатель в наблюдаемом графе: вход: 1 контр., 1 пер., 113422 KZT; выход: 0 контр., 0 пер., 0 KZT."
100000003089553100,terminal,0.6346641459074733,10,0.4821697919518204,"Вероятный конечный получатель в наблюдаемом графе: вход: 1 контр., 1 пер., 150000 KZT; выход: 0 контр., 0 пер., 0 KZT."
100000002343825100,consolidator,0.8711743772241993,10,0.729674240350397,"Признаки аккумуляции средств: вход: 3 контр., 4 пер., 350000 KZT; выход: 2 контр., 2 пер., 89800 KZT."
100000002015633100,terminal,0.6346641459074733,4,0.35258588831097726,"Вероятный конечный получатель в наблюдаемом графе: вход: 1 контр., 1 пер., 94970 KZT; выход: 0 контр., 0 пер., 0 KZT."
100000002906470100,terminal,0.6346641459074733,19,0.47427491103202846,"Вероятный конечный получатель в наблюдаемом графе: вход: 1 контр., 1 пер., 130000 KZT; выход: 0 контр., 0 пер., 0 KZT."
100000005628518100,terminal,0.6346641459074733,19,0.6113389679715303,"Вероятный конечный получатель в наблюдаемом графе: вход: 1 контр., 3 пер., 77000 KZT; выход: 0 контр., 0 пер., 0 KZT."
100000002958139100,terminal,0.6346641459074733,9,0.46560361346838214,"Вероятный конечный получатель в наблюдаемом графе: вход: 1 контр., 2 пер., 209500 KZT; выход: 0 контр., 0 пер., 0 KZT."
100000008754747100,terminal,0.6346641459074733,6,0.37633212428141255,"Вероятный конечный получатель в наблюдаемом графе: вход: 1 контр., 1 пер., 45500 KZT; выход: 0 контр., 0 пер., 0 KZT."
100000008776720100,terminal,0.6346641459074733,6,0.32616753353408157,"Вероятный конечный получатель в наблюдаемом графе: вход: 1 контр., 1 пер., 26150 KZT; выход: 0 контр., 0 пер., 0 KZT."
100000008576528100,terminal,0.6346641459074733,4,0.2868207637558171,"Вероятный конечный получатель в наблюдаемом графе: вход: 1 контр., 1 пер., 28000 KZT; выход: 0 контр., 0 пер., 0 KZT."
100000004603109100,consolidator,0.8711743772241993,24,0.79806220914317,"Признаки аккумуляции средств: вход: 3 контр., 8 пер., 2730000 KZT; выход: 2 контр., 2 пер., 400000 KZT."
100000008721637100,coordinator,0.8151579181494661,5,0.6078397892143445,"Структурно значимый посредник, рекомендуется проверка: вход: 1 контр., 1 пер., 24041 KZT; выход: 2 контр., 2 пер., 127000 KZT."
100000004491749100,terminal,0.6346641459074733,5,0.5304954831645223,"Вероятный конечный получатель в наблюдаемом графе: вход: 1 контр., 1 пер., 50000 KZT; выход: 0 контр., 0 пер., 0 KZT."
100000005171642100,consolidator,0.835442615658363,5,0.8064919244456611,"Признаки аккумуляции средств: вход: 2 контр., 5 пер., 696800 KZT; выход: 1 контр., 4 пер., 683600 KZT."
100000008682426100,terminal,0.6346641459074733,15,0.3280878729811114,"Вероятный конечный получатель в наблюдаемом графе: вход: 1 контр., 1 пер., 20000 KZT; выход: 0 контр., 0 пер., 0 KZT."
100000006209210100,terminal,0.6346641459074733,5,0.5818967287161236,"Вероятный конечный получатель в наблюдаемом графе: вход: 1 контр., 1 пер., 229111 KZT; выход: 0 контр., 0 пер., 0 KZT."
100000003888527100,terminal,0.6346641459074733,40,0.5022573911853271,"Вероятный конечный получатель в наблюдаемом графе: вход: 1 контр., 1 пер., 30000 KZT; выход: 0 контр., 0 пер., 0 KZT."
100000008490127100,distributor,0.8804826512455517,4,0.6859844648234328,"Признаки распределения средств: вход: 1 контр., 2 пер., 431755 KZT; выход: 6 контр., 9 пер., 923000 KZT."
100000004336228100,terminal,0.6346641459074733,8,0.4053719545578976,"Вероятный конечный получатель в наблюдаемом графе: вход: 1 контр., 2 пер., 51407 KZT; выход: 0 контр., 0 пер., 0 KZT."
100000006844004100,terminal,0.6346641459074733,0,0.5960587188612101,"Вероятный конечный получатель в наблюдаемом графе: вход: 1 контр., 1 пер., 20600 KZT; выход: 0 контр., 0 пер., 0 KZT."
100000001688676100,terminal,0.6346641459074733,19,0.47627224199288254,"Вероятный конечный получатель в наблюдаемом графе: вход: 1 контр., 1 пер., 133700 KZT; выход: 0 контр., 0 пер., 0 KZT."
100000008712036100,terminal,0.6346641459074733,6,0.3073908431426225,"Вероятный конечный получатель в наблюдаемом графе: вход: 1 контр., 1 пер., 21000 KZT; выход: 0 контр., 0 пер., 0 KZT."
100000004697956100,transit,0.8580516014234876,5,0.5790497536271557,"Признаки транзита, доля дальнейшего перевода 1.00: вход: 1 контр., 1 пер., 10000 KZT; выход: 1 контр., 1 пер., 10000 KZT."
100000004921657100,peripheral,0.4448843416370106,2,0.5057124281412538,"Слабо выраженная роль в наблюдаемом графе: вход: 1 контр., 1 пер., 8300 KZT; выход: 1 контр., 1 пер., 22190 KZT."
100000000408846100,terminal,0.6346641459074733,27,0.3797132493840679,"Вероятный конечный получатель в наблюдаемом графе: вход: 1 контр., 1 пер., 40500 KZT; выход: 0 контр., 0 пер., 0 KZT."
100000003406094100,distributor,0.8599644128113879,1,0.8245065699425129,"Признаки распределения средств: вход: 1 контр., 4 пер., 70000 KZT; выход: 3 контр., 3 пер., 47000 KZT."
100000008695566100,terminal,0.6346641459074733,6,0.34833835203941965,"Вероятный конечный получатель в наблюдаемом графе: вход: 1 контр., 1 пер., 33700 KZT; выход: 0 контр., 0 пер., 0 KZT."
100000005974542100,terminal,0.6346641459074733,23,0.5944028880372296,"Вероятный конечный получатель в наблюдаемом графе: вход: 1 контр., 3 пер., 94500 KZT; выход: 0 контр., 0 пер., 0 KZT."
100000001887715100,consolidator,0.8711743772241993,17,0.8538937174924719,"Признаки аккумуляции средств: вход: 3 контр., 4 пер., 1331500 KZT; выход: 1 контр., 1 пер., 750000 KZT."
100000002472632100,consolidator,0.835442615658363,26,0.8452114700246373,"Признаки аккумуляции средств: вход: 2 контр., 3 пер., 502400 KZT; выход: 1 контр., 1 пер., 20000 KZT."
100000004629688100,peripheral,0.41138790035587186,1,0.5039282781275664,"Слабо выраженная роль в наблюдаемом графе: вход: 1 контр., 1 пер., 5000 KZT; выход: 1 контр., 2 пер., 15000 KZT."
100000002459832100,terminal,0.835442615658363,21,0.6292643033123461,"Вероятный конечный получатель в наблюдаемом графе: вход: 2 контр., 2 пер., 880606 KZT; выход: 0 контр., 0 пер., 0 KZT."
100000006100920100,terminal,0.6346641459074733,0,0.528767793594306,"Вероятный конечный получатель в наблюдаемом графе: вход: 1 контр., 1 пер., 100000 KZT; выход: 0 контр., 0 пер., 0 KZT."
100000001439416100,coordinator,0.7849088078291815,32,0.6905249110320285,"Структурно значимый посредник, рекомендуется проверка: вход: 1 контр., 1 пер., 10000 KZT; выход: 2 контр., 3 пер., 165000 KZT."
100000002121357100,consolidator,0.835442615658363,10,0.7068050232685463,"Признаки аккумуляции средств: вход: 2 контр., 2 пер., 255300 KZT; выход: 1 контр., 1 пер., 113000 KZT."
100000002970466100,coordinator,0.8016459074733095,0,0.5221752669039146,"Структурно значимый посредник, рекомендуется проверка: вход: 1 контр., 1 пер., 23317 KZT; выход: 2 контр., 3 пер., 93000 KZT."
100000002581346100,terminal,0.6346641459074733,4,0.3992317957842869,"Вероятный конечный получатель в наблюдаемом графе: вход: 1 контр., 1 пер., 166400 KZT; выход: 0 контр., 0 пер., 0 KZT."
100000008738658100,terminal,0.6346641459074733,6,0.33731522036682177,"Вероятный конечный получатель в наблюдаемом графе: вход: 1 контр., 1 пер., 29920 KZT; выход: 0 контр., 0 пер., 0 KZT."
100000005910114100,distributor,0.8941948398576514,0,0.8220062277580071,"Признаки распределения средств: вход: 3 контр., 3 пер., 326144 KZT; выход: 19 контр., 56 пер., 1469993 KZT."
100000001046626100,terminal,0.6346641459074733,4,0.3899212975636463,"Вероятный конечный получатель в наблюдаемом графе: вход: 1 контр., 1 пер., 150000 KZT; выход: 0 контр., 0 пер., 0 KZT."
100000006492770100,coordinator,0.769661921708185,0,0.6485364768683275,"Структурно значимый посредник, рекомендуется проверка: вход: 1 контр., 1 пер., 269000 KZT; выход: 1 контр., 1 пер., 20000 KZT."
100000001674850100,terminal,0.835442615658363,10,0.5459286887489735,"Вероятный конечный получатель в наблюдаемом графе: вход: 2 контр., 2 пер., 237000 KZT; выход: 0 контр., 0 пер., 0 KZT."
100000000860514100,coordinator,0.7792259786476868,26,0.6162079113057761,"Структурно значимый посредник, рекомендуется проверка: вход: 1 контр., 1 пер., 12000 KZT; выход: 1 контр., 1 пер., 50000 KZT."
100000003650146100,terminal,0.6346641459074733,1,0.38861689022721047,"Вероятный конечный получатель в наблюдаемом графе: вход: 1 контр., 1 пер., 14400 KZT; выход: 0 контр., 0 пер., 0 KZT."
100000001227106100,terminal,0.6346641459074733,4,0.3981730769230769,"Вероятный конечный получатель в наблюдаемом графе: вход: 1 контр., 1 пер., 164765 KZT; выход: 0 контр., 0 пер., 0 KZT."
100000003647799100,terminal,0.6346641459074733,4,0.3573968313714755,"Вероятный конечный получатель в наблюдаемом графе: вход: 1 контр., 1 пер., 100000 KZT; выход: 0 контр., 0 пер., 0 KZT."
100000008293431100,distributor,0.8762789145907474,0,0.5488745551601424,"Признаки распределения средств: вход: 1 контр., 1 пер., 15000 KZT; выход: 5 контр., 7 пер., 297000 KZT."
100000002975287100,terminal,0.6346641459074733,16,0.2924587667670408,"Вероятный конечный получатель в наблюдаемом графе: вход: 1 контр., 1 пер., 15000 KZT; выход: 0 контр., 0 пер., 0 KZT."
100000008507703100,terminal,0.6346641459074733,6,0.3340767862031207,"Вероятный конечный получатель в наблюдаемом графе: вход: 1 контр., 1 пер., 28500 KZT; выход: 0 контр., 0 пер., 0 KZT."
100000001733687100,terminal,0.6346641459074733,9,0.4993447166712291,"Вероятный конечный получатель в наблюдаемом графе: вход: 1 контр., 1 пер., 300000 KZT; выход: 0 контр., 0 пер., 0 KZT."
100000004552204100,coordinator,0.7849088078291815,33,0.7621129893238434,"Структурно значимый посредник, рекомендуется проверка: вход: 1 контр., 2 пер., 22500 KZT; выход: 2 контр., 2 пер., 10000 KZT."
100000008223756100,terminal,0.835442615658363,8,0.6009635915685738,"Вероятный конечный получатель в наблюдаемом графе: вход: 2 контр., 2 пер., 331682 KZT; выход: 0 контр., 0 пер., 0 KZT."
100000002956769100,terminal,0.8711743772241993,13,0.6364457295373667,"Вероятный конечный получатель в наблюдаемом графе: вход: 3 контр., 3 пер., 840000 KZT; выход: 0 контр., 0 пер., 0 KZT."
100000008555233100,terminal,0.6346641459074733,17,0.5895253900903368,"Вероятный конечный получатель в наблюдаемом графе: вход: 1 контр., 1 пер., 440600 KZT; выход: 0 контр., 0 пер., 0 KZT."
100000002346166100,terminal,0.6346641459074733,6,0.2502823022173556,"Вероятный конечный получатель в наблюдаемом графе: вход: 1 контр., 1 пер., 6000 KZT; выход: 0 контр., 0 пер., 0 KZT."
100000000878006100,terminal,0.6346641459074733,4,0.30920955379140436,"Вероятный конечный получатель в наблюдаемом графе: вход: 1 контр., 1 пер., 47003 KZT; выход: 0 контр., 0 пер., 0 KZT."
100000004997515100,coordinator,0.829070284697509,9,0.7702477415822611,"Структурно значимый посредник, рекомендуется проверка: вход: 4 контр., 4 пер., 395000 KZT; выход: 4 контр., 4 пер., 54500 KZT."
100000007653003100,terminal,0.6346641459074733,16,0.4463310977278949,"Вероятный конечный получатель в наблюдаемом графе: вход: 1 контр., 1 пер., 100000 KZT; выход: 0 контр., 0 пер., 0 KZT."
100000000661131100,terminal,0.6346641459074733,6,0.2813743840678894,"Вероятный конечный получатель в наблюдаемом графе: вход: 1 контр., 1 пер., 15600 KZT; выход: 0 контр., 0 пер., 0 KZT."
100000003880331100,distributor,0.8926935053380782,8,0.7468866342732001,"Признаки распределения средств: вход: 1 контр., 1 пер., 100000 KZT; выход: 16 контр., 31 пер., 3904908 KZT."
100000003204491100,transit,0.8416989705134723,0,0.6072909252669039,"Признаки транзита, доля дальнейшего перевода 0.71: вход: 1 контр., 1 пер., 140000 KZT; выход: 1 контр., 2 пер., 100000 KZT."
100000008463968100,terminal,0.6346641459074733,6,0.2619593484807008,"Вероятный конечный получатель в наблюдаемом графе: вход: 1 контр., 1 пер., 10000 KZT; выход: 0 контр., 0 пер., 0 KZT."
100000002712416100,terminal,0.835442615658363,13,0.49364323843416374,"Вероятный конечный получатель в наблюдаемом графе: вход: 2 контр., 2 пер., 116800 KZT; выход: 0 контр., 0 пер., 0 KZT."
100000008754997100,terminal,0.6346641459074733,6,0.2935963591568574,"Вероятный конечный получатель в наблюдаемом графе: вход: 1 контр., 1 пер., 18000 KZT; выход: 0 контр., 0 пер., 0 KZT."
100000008011573100,terminal,0.6346641459074733,16,0.2924587667670408,"Вероятный конечный получатель в наблюдаемом графе: вход: 1 контр., 1 пер., 15000 KZT; выход: 0 контр., 0 пер., 0 KZT."
100000003178549100,distributor,0.8705738434163701,16,0.7579325212154393,"Признаки распределения средств: вход: 2 контр., 2 пер., 250000 KZT; выход: 4 контр., 4 пер., 89080 KZT."
100000000534581100,consolidator,0.835442615658363,8,0.5999656674879095,"Признаки аккумуляции средств: вход: 2 контр., 2 пер., 55960 KZT; выход: 1 контр., 1 пер., 40000 KZT."
100000007138613100,consolidator,0.8711743772241993,0,0.7678514234875444,"Признаки аккумуляции средств: вход: 3 контр., 3 пер., 1002000 KZT; выход: 2 контр., 2 пер., 179000 KZT."
100000002380341100,terminal,0.6346641459074733,0,0.469817615658363,"Вероятный конечный получатель в наблюдаемом графе: вход: 1 контр., 1 пер., 57566 KZT; выход: 0 контр., 0 пер., 0 KZT."
100000008309514100,terminal,0.6346641459074733,6,0.288645291541199,"Вероятный конечный получатель в наблюдаемом графе: вход: 1 контр., 1 пер., 17200 KZT; выход: 0 контр., 0 пер., 0 KZT."
100000003134474100,terminal,0.6346641459074733,4,0.3703038598412264,"Вероятный конечный получатель в наблюдаемом графе: вход: 1 контр., 1 пер., 116000 KZT; выход: 0 контр., 0 пер., 0 KZT."
100000002373386100,terminal,0.6346641459074733,6,0.317760060224473,"Вероятный конечный получатель в наблюдаемом графе: вход: 1 контр., 1 пер., 24000 KZT; выход: 0 контр., 0 пер., 0 KZT."
100000008684767100,terminal,0.6346641459074733,6,0.3420016082671777,"Вероятный конечный получатель в наблюдаемом графе: вход: 1 контр., 1 пер., 31100 KZT; выход: 0 контр., 0 пер., 0 KZT."
100000008332511100,terminal,0.6346641459074733,5,0.6938228852997536,"Вероятный конечный получатель в наблюдаемом графе: вход: 1 контр., 1 пер., 100000 KZT; выход: 0 контр., 0 пер., 0 KZT."
100000005754335100,terminal,0.6346641459074733,40,0.534704010402409,"Вероятный конечный получатель в наблюдаемом графе: вход: 1 контр., 1 пер., 44037 KZT; выход: 0 контр., 0 пер., 0 KZT."
100000008547295100,terminal,0.6346641459074733,5,0.5916832055844511,"Вероятный конечный получатель в наблюдаемом графе: вход: 1 контр., 1 пер., 15000 KZT; выход: 0 контр., 0 пер., 0 KZT."
100000001875167100,terminal,0.6346641459074733,4,0.5589648918696962,"Вероятный конечный получатель в наблюдаемом графе: вход: 1 контр., 2 пер., 1000000 KZT; выход: 0 контр., 0 пер., 0 KZT."
100000004670388100,coordinator,0.7965858540925267,48,0.7801861483712017,"Структурно значимый посредник, рекомендуется проверка: вход: 1 контр., 1 пер., 160354 KZT; выход: 2 контр., 4 пер., 720000 KZT."
100000004097972100,coordinator,0.8016459074733095,0,0.6905427046263346,"Структурно значимый посредник, рекомендуется проверка: вход: 1 контр., 1 пер., 118878 KZT; выход: 2 контр., 2 пер., 10000 KZT."
100000000481716100,terminal,0.6346641459074733,7,0.5036886349119445,"Вероятный конечный получатель в наблюдаемом графе: вход: 1 контр., 1 пер., 8000 KZT; выход: 0 контр., 0 пер., 0 KZT."
100000005089460100,terminal,0.6346641459074733,6,0.27039796058034493,"Вероятный конечный получатель в наблюдаемом графе: вход: 1 контр., 1 пер., 12300 KZT; выход: 0 контр., 0 пер., 0 KZT."
100000003105929100,coordinator,0.7767237544483986,4,0.6612736107309062,"Структурно значимый посредник, рекомендуется проверка: вход: 1 контр., 2 пер., 429567 KZT; выход: 1 контр., 1 пер., 156354 KZT."
100000008379273100,distributor,0.8705738434163701,7,0.6017802719226206,"Признаки распределения средств: вход: 2 контр., 2 пер., 36000 KZT; выход: 4 контр., 4 пер., 38000 KZT."
100000005357705100,distributor,0.8705738434163701,8,0.6463105666575418,"Признаки распределения средств: вход: 1 контр., 1 пер., 52595 KZT; выход: 4 контр., 5 пер., 387080 KZT."
100000003111305100,terminal,0.8860876334519574,5,0.6477419244456611,"Вероятный конечный получатель в наблюдаемом графе: вход: 4 контр., 4 пер., 509338 KZT; выход: 0 контр., 0 пер., 0 KZT."
100000008503177100,terminal,0.6346641459074733,8,0.3641441965507802,"Вероятный конечный получатель в наблюдаемом графе: вход: 1 контр., 1 пер., 33951 KZT; выход: 0 контр., 0 пер., 0 KZT."
100000000955529100,peripheral,0.5162811387900356,2,0.4281486677616571,"Слабо выраженная роль в наблюдаемом графе: вход: 1 контр., 1 пер., 27000 KZT; выход: 1 контр., 1 пер., 63500 KZT."
100000008695689100,terminal,0.6346641459074733,6,0.327490932110594,"Вероятный конечный получатель в наблюдаемом графе: вход: 1 контр., 1 пер., 26200 KZT; выход: 0 контр., 0 пер., 0 KZT."
100000004184158100,terminal,0.6346641459074733,0,0.4882384341637011,"Вероятный конечный получатель в наблюдаемом графе: вход: 1 контр., 1 пер., 203805 KZT; выход: 0 контр., 0 пер., 0 KZT."
100000005475379100,distributor,0.8599644128113879,12,0.7588673692855187,"Признаки распределения средств: вход: 1 контр., 1 пер., 108370 KZT; выход: 3 контр., 3 пер., 81000 KZT."
100000003093299100,terminal,0.6346641459074733,0,0.2679448398576513,"Вероятный конечный получатель в наблюдаемом графе: вход: 1 контр., 1 пер., 15000 KZT; выход: 0 контр., 0 пер., 0 KZT."
100000008767027100,terminal,0.6346641459074733,17,0.23662058581987408,"Вероятный конечный получатель в наблюдаемом графе: вход: 1 контр., 1 пер., 5000 KZT; выход: 0 контр., 0 пер., 0 KZT."
100000004539443100,terminal,0.835442615658363,2,0.6781323569668766,"Вероятный конечный получатель в наблюдаемом графе: вход: 2 контр., 2 пер., 61990 KZT; выход: 0 контр., 0 пер., 0 KZT."
100000007863304100,terminal,0.6346641459074733,4,0.2813870448946072,"Вероятный конечный получатель в наблюдаемом графе: вход: 1 контр., 1 пер., 25000 KZT; выход: 0 контр., 0 пер., 0 KZT."
100000004959752100,terminal,0.6346641459074733,2,0.6334081576786204,"Вероятный конечный получатель в наблюдаемом графе: вход: 1 контр., 1 пер., 22200 KZT; выход: 0 контр., 0 пер., 0 KZT."
100000002214664100,peripheral,0.5108096085409253,6,0.3948196687653983,"Слабо выраженная роль в наблюдаемом графе: вход: 1 контр., 1 пер., 7950 KZT; выход: 1 контр., 2 пер., 76950 KZT."
100000008192264100,transit,0.8769259262537975,4,0.5514382014782371,"Признаки транзита, доля дальнейшего перевода 1.15: вход: 1 контр., 1 пер., 162810 KZT; выход: 1 контр., 2 пер., 187910 KZT."
100000000942301100,terminal,0.6346641459074733,0,0.43911476868327404,"Вероятный конечный получатель в наблюдаемом графе: вход: 1 контр., 2 пер., 57580 KZT; выход: 0 контр., 0 пер., 0 KZT."
100000002578653100,terminal,0.6346641459074733,45,0.40662092800437993,"Вероятный конечный получатель в наблюдаемом графе: вход: 1 контр., 1 пер., 20000 KZT; выход: 0 контр., 0 пер., 0 KZT."
100000002511581100,terminal,0.6346641459074733,6,0.2911052559540104,"Вероятный конечный получатель в наблюдаемом графе: вход: 1 контр., 1 пер., 17600 KZT; выход: 0 контр., 0 пер., 0 KZT."
100000005610717100,consolidator,0.8860876334519574,0,0.7466814946619218,"Признаки аккумуляции средств: вход: 4 контр., 6 пер., 484500 KZT; выход: 1 контр., 7 пер., 265200 KZT."
100000005704413100,distributor,0.8971975088967972,7,0.8790711971895244,"Признаки распределения средств: вход: 3 контр., 4 пер., 97835 KZT; выход: 32 контр., 35 пер., 1363593 KZT."
100000000976943100,transit,0.8631761565836299,12,0.690962565015056,"Признаки транзита, доля дальнейшего перевода 1.20: вход: 1 контр., 1 пер., 70000 KZT; выход: 1 контр., 3 пер., 84000 KZT."
100000008708061100,terminal,0.6346641459074733,6,0.2577867506159321,"Вероятный конечный получатель в наблюдаемом графе: вход: 1 контр., 1 пер., 8650 KZT; выход: 0 контр., 0 пер., 0 KZT."
100000003986141100,terminal,0.6346641459074733,16,0.2443649055570764,"Вероятный конечный получатель в наблюдаемом графе: вход: 1 контр., 1 пер., 5286 KZT; выход: 0 контр., 0 пер., 0 KZT."
100000005037490100,coordinator,0.7849088078291815,14,0.6521652294917418,"Структурно значимый посредник, рекомендуется проверка: вход: 1 контр., 1 пер., 15000 KZT; выход: 2 контр., 3 пер., 30000 KZT."
100000004257714100,terminal,0.6346641459074733,6,0.3915278538187791,"Вероятный конечный получатель в наблюдаемом графе: вход: 1 контр., 1 пер., 52220 KZT; выход: 0 контр., 0 пер., 0 KZT."
100000000569479100,terminal,0.6346641459074733,0,0.6160275800711743,"Вероятный конечный получатель в наблюдаемом графе: вход: 1 контр., 1 пер., 320000 KZT; выход: 0 контр., 0 пер., 0 KZT."
100000007303047100,terminal,0.6346641459074733,6,0.392212907199562,"Вероятный конечный получатель в наблюдаемом графе: вход: 1 контр., 1 пер., 52250 KZT; выход: 0 контр., 0 пер., 0 KZT."
100000008708743100,terminal,0.6346641459074733,6,0.28098514919244455,"Вероятный конечный получатель в наблюдаемом графе: вход: 1 контр., 1 пер., 15550 KZT; выход: 0 контр., 0 пер., 0 KZT."
100000008745863100,terminal,0.6346641459074733,6,0.3122173555981385,"Вероятный конечный получатель в наблюдаемом графе: вход: 1 контр., 1 пер., 22900 KZT; выход: 0 контр., 0 пер., 0 KZT."
100000005048668100,distributor,0.8853870106761565,8,0.5694896888402227,"Признаки распределения средств: вход: 2 контр., 2 пер., 16668 KZT; выход: 8 контр., 11 пер., 159400 KZT."
100000006522972100,terminal,0.6346641459074733,4,0.3924613331508349,"Вероятный конечный получатель в наблюдаемом графе: вход: 1 контр., 1 пер., 9515 KZT; выход: 0 контр., 0 пер., 0 KZT."
100000008759857100,peripheral,0.6277135231316726,17,0.44310190254585274,"Слабо выраженная роль в наблюдаемом графе: вход: 1 контр., 1 пер., 5000 KZT; выход: 2 контр., 3 пер., 994000 KZT."
100000005342513100,peripheral,0.5774021352313167,3,0.6895383931015605,"Слабо выраженная роль в наблюдаемом графе: вход: 1 контр., 2 пер., 235000 KZT; выход: 1 контр., 1 пер., 30000 KZT."
100000004750897100,terminal,0.6346641459074733,1,0.5462147549958938,"Вероятный конечный получатель в наблюдаемом графе: вход: 1 контр., 1 пер., 10000 KZT; выход: 0 контр., 0 пер., 0 KZT."
100000001140785100,terminal,0.835442615658363,10,0.5470496851902545,"Вероятный конечный получатель в наблюдаемом графе: вход: 2 контр., 2 пер., 215000 KZT; выход: 0 контр., 0 пер., 0 KZT."
100000002821425100,terminal,0.6346641459074733,13,0.45903914590747324,"Вероятный конечный получатель в наблюдаемом графе: вход: 1 контр., 1 пер., 275000 KZT; выход: 0 контр., 0 пер., 0 KZT."
100000003221510100,coordinator,0.8016459074733095,61,0.47910073911853274,"Структурно значимый посредник, рекомендуется проверка: вход: 1 контр., 1 пер., 24000 KZT; выход: 2 контр., 3 пер., 120000 KZT."
100000003031003100,terminal,0.8711743772241993,13,0.5463612099644128,"Вероятный конечный получатель в наблюдаемом графе: вход: 3 контр., 3 пер., 280090 KZT; выход: 0 контр., 0 пер., 0 KZT."
100000003060187100,terminal,0.6346641459074733,19,0.4414902135231316,"Вероятный конечный получатель в наблюдаемом графе: вход: 1 контр., 1 пер., 93046 KZT; выход: 0 контр., 0 пер., 0 KZT."
100000008718811100,terminal,0.6346641459074733,6,0.42176361894333425,"Вероятный конечный получатель в наблюдаемом графе: вход: 1 контр., 1 пер., 73300 KZT; выход: 0 контр., 0 пер., 0 KZT."
100000008043184100,terminal,0.6346641459074733,16,0.3807528059129483,"Вероятный конечный получатель в наблюдаемом графе: вход: 1 контр., 1 пер., 50564 KZT; выход: 0 контр., 0 пер., 0 KZT."
100000002530224100,terminal,0.6346641459074733,9,0.3918358198740761,"Вероятный конечный получатель в наблюдаемом графе: вход: 1 контр., 1 пер., 113000 KZT; выход: 0 контр., 0 пер., 0 KZT."
100000008754608100,terminal,0.6346641459074733,6,0.27039796058034493,"Вероятный конечный получатель в наблюдаемом графе: вход: 1 контр., 1 пер., 12300 KZT; выход: 0 контр., 0 пер., 0 KZT."
100000006989232100,terminal,0.6346641459074733,0,0.29235765124555163,"Вероятный конечный получатель в наблюдаемом графе: вход: 1 контр., 1 пер., 22194 KZT; выход: 0 контр., 0 пер., 0 KZT."
100000006532229100,terminal,0.6346641459074733,10,0.44901587736107307,"Вероятный конечный получатель в наблюдаемом графе: вход: 1 контр., 1 пер., 105000 KZT; выход: 0 контр., 0 пер., 0 KZT."
100000005661829100,transit,0.8956851028205131,19,0.5073398576512456,"Признаки транзита, доля дальнейшего перевода 1.07: вход: 1 контр., 1 пер., 37790 KZT; выход: 2 контр., 4 пер., 40362 KZT."
100000004553349100,terminal,0.6346641459074733,4,0.374632151656173,"Вероятный конечный получатель в наблюдаемом графе: вход: 1 контр., 1 пер., 7755 KZT; выход: 0 контр., 0 пер., 0 KZT."
100000002945626100,terminal,0.8711743772241993,9,0.605020873254859,"Вероятный конечный получатель в наблюдаемом графе: вход: 3 контр., 3 пер., 584000 KZT; выход: 0 контр., 0 пер., 0 KZT."
100000008775471100,terminal,0.6346641459074733,17,0.5914248562825076,"Вероятный конечный получатель в наблюдаемом графе: вход: 1 контр., 2 пер., 580000 KZT; выход: 0 контр., 0 пер., 0 KZT."
100000000404740100,peripheral,0.4525911921708185,26,0.556487270736381,"Периферийный узел: вход: 1 контр., 1 пер., 25000 KZT; выход: 0 контр., 0 пер., 0 KZT. Граница depth=4 — конечный статус не подтверждён."
100000004268036100,peripheral,0.4525911921708185,7,0.24302285792499315,"Периферийный узел: вход: 1 контр., 1 пер., 5500 KZT; выход: 0 контр., 0 пер., 0 KZT. Граница depth=4 — конечный статус не подтверждён."
100000001256409100,peripheral,0.4525911921708185,21,0.5237918833835203,"Периферийный узел: вход: 1 контр., 1 пер., 8000 KZT; выход: 0 контр., 0 пер., 0 KZT. Граница depth=4 — конечный статус не подтверждён."
100000005360814100,peripheral,0.4525911921708185,8,0.5738016698603887,"Периферийный узел: вход: 1 контр., 3 пер., 144000 KZT; выход: 0 контр., 0 пер., 0 KZT. Граница depth=4 — конечный статус не подтверждён."
100000002369454100,peripheral,0.4525911921708185,8,0.5145770257322749,"Периферийный узел: вход: 1 контр., 1 пер., 25000 KZT; выход: 0 контр., 0 пер., 0 KZT. Граница depth=4 — конечный статус не подтверждён."
100000004272302100,peripheral,0.4525911921708185,45,0.20573480700793872,"Периферийный узел: вход: 1 контр., 1 пер., 10000 KZT; выход: 0 контр., 0 пер., 0 KZT. Граница depth=4 — конечный статус не подтверждён."
100000008727982100,peripheral,0.4525911921708185,5,0.5472027785381879,"Периферийный узел: вход: 1 контр., 2 пер., 30000 KZT; выход: 0 контр., 0 пер., 0 KZT. Граница depth=4 — конечный статус не подтверждён."
100000000600707100,peripheral,0.4525911921708185,36,0.5929850123186422,"Периферийный узел: вход: 1 контр., 2 пер., 89000 KZT; выход: 0 контр., 0 пер., 0 KZT. Граница depth=4 — конечный статус не подтверждён."
100000004500781100,peripheral,0.4525911921708185,15,0.6204846701341363,"Периферийный узел: вход: 1 контр., 5 пер., 74000 KZT; выход: 0 контр., 0 пер., 0 KZT. Граница depth=4 — конечный статус не подтверждён."
100000008703533100,peripheral,0.4525911921708185,10,0.38040377771694495,"Периферийный узел: вход: 1 контр., 1 пер., 75000 KZT; выход: 0 контр., 0 пер., 0 KZT. Граница depth=4 — конечный статус не подтверждён."
100000004549591100,peripheral,0.4525911921708185,37,0.518742266630167,"Периферийный узел: вход: 1 контр., 1 пер., 49000 KZT; выход: 0 контр., 0 пер., 0 KZT. Граница depth=4 — конечный статус не подтверждён."
100000002700161100,peripheral,0.4525911921708185,49,0.589807144812483,"Периферийный узел: вход: 1 контр., 1 пер., 39000 KZT; выход: 0 контр., 0 пер., 0 KZT. Граница depth=4 — конечный статус не подтверждён."
100000003134550100,peripheral,0.4525911921708185,10,0.40662263892690936,"Периферийный узел: вход: 1 контр., 1 пер., 100000 KZT; выход: 0 контр., 0 пер., 0 KZT. Граница depth=4 — конечный статус не подтверждён."
100000001957974100,peripheral,0.4525911921708185,15,0.5136830687106488,"Периферийный узел: вход: 1 контр., 1 пер., 500000 KZT; выход: 0 контр., 0 пер., 0 KZT. Граница depth=4 — конечный статус не подтверждён."
100000001246806100,peripheral,0.4525911921708185,9,0.60042033944703,"Периферийный узел: вход: 1 контр., 1 пер., 130000 KZT; выход: 0 контр., 0 пер., 0 KZT. Граница depth=4 — конечный статус не подтверждён."
100000003622955100,peripheral,0.4525911921708185,12,0.5978255543388995,"Периферийный узел: вход: 1 контр., 1 пер., 15000 KZT; выход: 0 контр., 0 пер., 0 KZT. Граница depth=4 — конечный статус не подтверждён."
100000003692843100,peripheral,0.4525911921708185,62,0.5850784971256501,"Периферийный узел: вход: 1 контр., 2 пер., 510000 KZT; выход: 0 контр., 0 пер., 0 KZT. Граница depth=4 — конечный статус не подтверждён."
100000008629504100,peripheral,0.4525911921708185,0,0.37459875444839863,"Периферийный узел: вход: 1 контр., 1 пер., 20000 KZT; выход: 0 контр., 0 пер., 0 KZT. Граница depth=4 — конечный статус не подтверждён."
100000005621418100,peripheral,0.4525911921708185,27,0.3906465234054202,"Периферийный узел: вход: 1 контр., 1 пер., 30000 KZT; выход: 0 контр., 0 пер., 0 KZT. Граница depth=4 — конечный статус не подтверждён."
100000004167082100,peripheral,0.4525911921708185,14,0.4809641618760836,"Периферийный узел: вход: 1 контр., 1 пер., 13300 KZT; выход: 0 контр., 0 пер., 0 KZT. Граница depth=4 — конечный статус не подтверждён."
100000004379306100,peripheral,0.4525911921708185,8,0.5318479332055844,"Периферийный узел: вход: 1 контр., 1 пер., 15000 KZT; выход: 0 контр., 0 пер., 0 KZT. Граница depth=4 — конечный статус не подтверждён."
100000004856746100,peripheral,0.4525911921708185,46,0.33172235149192447,"Периферийный узел: вход: 1 контр., 1 пер., 20000 KZT; выход: 0 контр., 0 пер., 0 KZT. Граница depth=4 — конечный статус не подтверждён."
100000004891562100,peripheral,0.4525911921708185,7,0.5132764166438544,"Периферийный узел: вход: 1 контр., 1 пер., 103400 KZT; выход: 0 контр., 0 пер., 0 KZT. Граница depth=4 — конечный статус не подтверждён."
100000007042175100,peripheral,0.4525911921708185,0,0.5886868327402135,"Периферийный узел: вход: 1 контр., 1 пер., 60000 KZT; выход: 0 контр., 0 пер., 0 KZT. Граница depth=4 — конечный статус не подтверждён."
100000002670463100,peripheral,0.4525911921708185,7,0.39116787571858747,"Периферийный узел: вход: 1 контр., 1 пер., 31500 KZT; выход: 0 контр., 0 пер., 0 KZT. Граница depth=4 — конечный статус не подтверждён."
100000005567828100,peripheral,0.4525911921708185,7,0.4825424308787299,"Периферийный узел: вход: 1 контр., 1 пер., 94000 KZT; выход: 0 контр., 0 пер., 0 KZT. Граница depth=4 — конечный статус не подтверждён."
100000004200745100,peripheral,0.4525911921708185,11,0.6292935258691487,"Периферийный узел: вход: 1 контр., 4 пер., 130000 KZT; выход: 0 контр., 0 пер., 0 KZT. Граница depth=4 — конечный статус не подтверждён."
100000003989033100,peripheral,0.4525911921708185,7,0.658239939775527,"Периферийный узел: вход: 1 контр., 13 пер., 373400 KZT; выход: 0 контр., 0 пер., 0 KZT. Граница depth=4 — конечный статус не подтверждён."
100000005146665100,peripheral,0.4525911921708185,55,0.17610813030385986,"Периферийный узел: вход: 1 контр., 1 пер., 5500 KZT; выход: 0 контр., 0 пер., 0 KZT. Граница depth=4 — конечный статус не подтверждён."
100000003096787100,peripheral,0.4525911921708185,7,0.30321413906378314,"Периферийный узел: вход: 1 контр., 1 пер., 16400 KZT; выход: 0 контр., 0 пер., 0 KZT. Граница depth=4 — конечный статус не подтверждён."
100000003074515100,peripheral,0.4525911921708185,9,0.4124674924719409,"Периферийный узел: вход: 1 контр., 1 пер., 105000 KZT; выход: 0 контр., 0 пер., 0 KZT. Граница depth=4 — конечный статус не подтверждён."
100000004377043100,peripheral,0.4525911921708185,28,0.4345994388174103,"Периферийный узел: вход: 1 контр., 1 пер., 5700 KZT; выход: 0 контр., 0 пер., 0 KZT. Граница depth=4 — конечный статус не подтверждён."
100000008680061100,peripheral,0.4525911921708185,4,0.436943836116434,"Периферийный узел: вход: 1 контр., 2 пер., 41300 KZT; выход: 0 контр., 0 пер., 0 KZT. Граница depth=4 — конечный статус не подтверждён."
100000008471634100,peripheral,0.4525911921708185,26,0.5909445661100466,"Периферийный узел: вход: 1 контр., 1 пер., 20000 KZT; выход: 0 контр., 0 пер., 0 KZT. Граница depth=4 — конечный статус не подтверждён."
100000002119762100,peripheral,0.4525911921708185,4,0.5816107993430059,"Периферийный узел: вход: 1 контр., 6 пер., 77000 KZT; выход: 0 контр., 0 пер., 0 KZT. Граница depth=4 — конечный статус не подтверждён."
100000008628818100,peripheral,0.4525911921708185,7,0.4046153846153846,"Периферийный узел: вход: 1 контр., 1 пер., 46310 KZT; выход: 0 контр., 0 пер., 0 KZT. Граница depth=4 — конечный статус не подтверждён."
100000007510567100,peripheral,0.4525911921708185,7,0.41821858746235974,"Периферийный узел: вход: 1 контр., 1 пер., 52000 KZT; выход: 0 контр., 0 пер., 0 KZT. Граница depth=4 — конечный статус не подтверждён."
100000004780327100,peripheral,0.4525911921708185,7,0.2972354913769505,"Периферийный узел: вход: 1 контр., 1 пер., 12000 KZT; выход: 0 контр., 0 пер., 0 KZT. Граница depth=4 — конечный статус не подтверждён."
100000008376785100,peripheral,0.4525911921708185,4,0.6176383794141802,"Периферийный узел: вход: 1 контр., 2 пер., 234250 KZT; выход: 0 контр., 0 пер., 0 KZT. Граница depth=4 — конечный статус не подтверждён."
100000005745873100,peripheral,0.4525911921708185,39,0.4663490281960033,"Периферийный узел: вход: 1 контр., 1 пер., 223000 KZT; выход: 0 контр., 0 пер., 0 KZT. Граница depth=4 — конечный статус не подтверждён."
100000002594214100,peripheral,0.4525911921708185,38,0.5550456474130852,"Периферийный узел: вход: 1 контр., 1 пер., 1000000 KZT; выход: 0 контр., 0 пер., 0 KZT. Граница depth=4 — конечный статус не подтверждён."
100000001299323100,peripheral,0.4525911921708185,9,0.41667122912674515,"Периферийный узел: вход: 1 контр., 1 пер., 109000 KZT; выход: 0 контр., 0 пер., 0 KZT. Граница depth=4 — конечный статус не подтверждён."
100000003838587100,peripheral,0.4525911921708185,15,0.5319081576786203,"Периферийный узел: вход: 1 контр., 1 пер., 6000 KZT; выход: 0 контр., 0 пер., 0 KZT. Граница depth=4 — конечный статус не подтверждён."
100000000673915100,peripheral,0.4525911921708185,35,0.23020921160689845,"Периферийный узел: вход: 1 контр., 1 пер., 20200 KZT; выход: 0 контр., 0 пер., 0 KZT. Граница depth=4 — конечный статус не подтверждён."
100000003061115100,peripheral,0.4525911921708185,0,0.5773790035587187,"Периферийный узел: вход: 1 контр., 1 пер., 45000 KZT; выход: 0 контр., 0 пер., 0 KZT. Граница depth=4 — конечный статус не подтверждён."
100000004326224100,peripheral,0.4525911921708185,4,0.5863750342184506,"Периферийный узел: вход: 1 контр., 1 пер., 60000 KZT; выход: 0 контр., 0 пер., 0 KZT. Граница depth=4 — конечный статус не подтверждён."
100000004988240100,peripheral,0.4525911921708185,0,0.541511565836299,"Периферийный узел: вход: 1 контр., 1 пер., 20000 KZT; выход: 0 контр., 0 пер., 0 KZT. Граница depth=4 — конечный статус не подтверждён."
100000008525136100,peripheral,0.4525911921708185,0,0.26880634638196915,"Периферийный узел: вход: 1 контр., 1 пер., 14100 KZT; выход: 0 контр., 0 пер., 0 KZT. Граница depth=4 — конечный статус не подтверждён."
100000001991973100,peripheral,0.4525911921708185,7,0.34911271557623874,"Периферийный узел: вход: 1 контр., 1 пер., 20800 KZT; выход: 0 контр., 0 пер., 0 KZT. Граница depth=4 — конечный статус не подтверждён."
100000004569637100,peripheral,0.4525911921708185,8,0.5355578976183958,"Периферийный узел: вход: 1 контр., 1 пер., 5500 KZT; выход: 0 контр., 0 пер., 0 KZT. Граница depth=4 — конечный статус не подтверждён."
100000008675322100,peripheral,0.4525911921708185,35,0.48605885573501234,"Периферийный узел: вход: 1 контр., 4 пер., 340000 KZT; выход: 0 контр., 0 пер., 0 KZT. Граница depth=4 — конечный статус не подтверждён."
100000004235471100,peripheral,0.4525911921708185,4,0.53254941144265,"Периферийный узел: вход: 1 контр., 1 пер., 180000 KZT; выход: 0 контр., 0 пер., 0 KZT. Граница depth=4 — конечный статус не подтверждён."
100000003194831100,peripheral,0.4525911921708185,7,0.27199883657268004,"Периферийный узел: вход: 1 контр., 1 пер., 6265 KZT; выход: 0 контр., 0 пер., 0 KZT. Граница depth=4 — конечный статус не подтверждён."
100000008588665100,peripheral,0.4525911921708185,0,0.4785533807829182,"Периферийный узел: вход: 1 контр., 1 пер., 25000 KZT; выход: 0 контр., 0 пер., 0 KZT. Граница depth=4 — конечный статус не подтверждён."
100000003230329100,peripheral,0.4525911921708185,9,0.41772994798795515,"Периферийный узел: вход: 1 контр., 1 пер., 110000 KZT; выход: 0 контр., 0 пер., 0 KZT. Граница depth=4 — конечный статус не подтверждён."
100000002217806100,peripheral,0.4525911921708185,37,0.5280705584451135,"Периферийный узел: вход: 1 контр., 2 пер., 55000 KZT; выход: 0 контр., 0 пер., 0 KZT. Граница depth=4 — конечный статус не подтверждён."
100000004041294100,peripheral,0.4525911921708185,26,0.34614919244456616,"Периферийный узел: вход: 1 контр., 2 пер., 17800 KZT; выход: 0 контр., 0 пер., 0 KZT. Граница depth=4 — конечный статус не подтверждён."
100000008583971100,peripheral,0.5641347864768683,0,0.5122894424673785,"Периферийный узел: вход: 2 контр., 2 пер., 51000 KZT; выход: 0 контр., 0 пер., 0 KZT. Граница depth=4 — конечный статус не подтверждён."
100000008251939100,peripheral,0.4525911921708185,7,0.39949527785381883,"Периферийный узел: вход: 1 контр., 1 пер., 44360 KZT; выход: 0 контр., 0 пер., 0 KZT. Граница depth=4 — конечный статус не подтверждён."
100000004049912100,peripheral,0.4525911921708185,19,0.40750800711743773,"Периферийный узел: вход: 1 контр., 1 пер., 10000 KZT; выход: 0 контр., 0 пер., 0 KZT. Граница depth=4 — конечный статус не подтверждён."
100000002227960100,peripheral,0.4525911921708185,22,0.32736206542567753,"Периферийный узел: вход: 1 контр., 1 пер., 10000 KZT; выход: 0 контр., 0 пер., 0 KZT. Граница depth=4 — конечный статус не подтверждён."
100000008677368100,peripheral,0.4525911921708185,5,0.5353344511360526,"Периферийный узел: вход: 1 контр., 1 пер., 13500 KZT; выход: 0 контр., 0 пер., 0 KZT. Граница depth=4 — конечный статус не подтверждён."
100000008631800100,peripheral,0.4525911921708185,7,0.30352552696413904,"Периферийный узел: вход: 1 контр., 1 пер., 12850 KZT; выход: 0 контр., 0 пер., 0 KZT. Граница depth=4 — конечный статус не подтверждён."
100000003220685100,peripheral,0.4525911921708185,4,0.6541241445387354,"Периферийный узел: вход: 1 контр., 2 пер., 1306000 KZT; выход: 0 контр., 0 пер., 0 KZT. Граница depth=4 — конечный статус не подтверждён."
100000003072205100,peripheral,0.5641347864768683,9,0.5171338625787025,"Периферийный узел: вход: 2 контр., 2 пер., 163000 KZT; выход: 0 контр., 0 пер., 0 KZT. Граница depth=4 — конечный статус не подтверждён."
100000001202637100,peripheral,0.4525911921708185,7,0.5399258828360252,"Периферийный узел: вход: 1 контр., 1 пер., 10000 KZT; выход: 0 контр., 0 пер., 0 KZT. Граница depth=4 — конечный статус не подтверждён."
100000002835874100,peripheral,0.4525911921708185,9,0.3585662469203395,"Периферийный узел: вход: 1 контр., 1 пер., 58700 KZT; выход: 0 контр., 0 пер., 0 KZT. Граница depth=4 — конечный статус не подтверждён."
100000002707106100,peripheral,0.4525911921708185,15,0.2244303996715029,"Периферийный узел: вход: 1 контр., 2 пер., 15000 KZT; выход: 0 контр., 0 пер., 0 KZT. Граница depth=4 — конечный статус не подтверждён."
100000008343415100,peripheral,0.4525911921708185,21,0.5516833424582535,"Периферийный узел: вход: 1 контр., 3 пер., 100000 KZT; выход: 0 контр., 0 пер., 0 KZT. Граница depth=4 — конечный статус не подтверждён."
100000004981068100,peripheral,0.4525911921708185,2,0.4754677662195456,"Периферийный узел: вход: 1 контр., 1 пер., 10000 KZT; выход: 0 контр., 0 пер., 0 KZT. Граница depth=4 — конечный статус не подтверждён."
100000004241142100,peripheral,0.4525911921708185,0,0.5537313167259788,"Периферийный узел: вход: 1 контр., 1 пер., 27102 KZT; выход: 0 контр., 0 пер., 0 KZT. Граница depth=4 — конечный статус не подтверждён."
100000008190411100,peripheral,0.4525911921708185,50,0.5419334793320558,"Периферийный узел: вход: 1 контр., 12 пер., 198450 KZT; выход: 0 контр., 0 пер., 0 KZT. Граница depth=4 — конечный статус не подтверждён."
100000008699083100,peripheral,0.4525911921708185,13,0.45627135231316723,"Периферийный узел: вход: 1 контр., 1 пер., 238500 KZT; выход: 0 контр., 0 пер., 0 KZT. Граница depth=4 — конечный статус не подтверждён."
100000008136608100,peripheral,0.4525911921708185,7,0.6325682315904736,"Периферийный узел: вход: 1 контр., 1 пер., 170000 KZT; выход: 0 контр., 0 пер., 0 KZT. Граница depth=4 — конечный статус не подтверждён."
100000008695157100,peripheral,0.4525911921708185,8,0.6141077196824528,"Периферийный узел: вход: 1 контр., 3 пер., 425546 KZT; выход: 0 контр., 0 пер., 0 KZT. Граница depth=4 — конечный статус не подтверждён."
100000000369781100,peripheral,0.4525911921708185,4,0.5185325075280591,"Периферийный узел: вход: 1 контр., 1 пер., 5000 KZT; выход: 0 контр., 0 пер., 0 KZT. Граница depth=4 — конечный статус не подтверждён."
100000003133045100,peripheral,0.4525911921708185,50,0.45317458253490284,"Периферийный узел: вход: 1 контр., 1 пер., 68000 KZT; выход: 0 контр., 0 пер., 0 KZT. Граница depth=4 — конечный статус не подтверждён."
100000002474570100,peripheral,0.4525911921708185,7,0.255634067889406,"Периферийный узел: вход: 1 контр., 1 пер., 6750 KZT; выход: 0 контр., 0 пер., 0 KZT. Граница depth=4 — конечный статус не подтверждён."
100000002514975100,peripheral,0.4525911921708185,27,0.5213360251847796,"Периферийный узел: вход: 1 контр., 1 пер., 17920 KZT; выход: 0 контр., 0 пер., 0 KZT. Граница depth=4 — конечный статус не подтверждён."
100000001089055100,peripheral,0.4525911921708185,16,0.4317433159959851,"Периферийный узел: вход: 1 контр., 1 пер., 13000 KZT; выход: 0 контр., 0 пер., 0 KZT. Граница depth=4 — конечный статус не подтверждён."
100000000608031100,peripheral,0.4525911921708185,16,0.5571042294004928,"Периферийный узел: вход: 1 контр., 1 пер., 30000 KZT; выход: 0 контр., 0 пер., 0 KZT. Граница depth=4 — конечный статус не подтверждён."
100000002659103100,peripheral,0.4525911921708185,43,0.500650287434985,"Периферийный узел: вход: 1 контр., 1 пер., 165000 KZT; выход: 0 контр., 0 пер., 0 KZT. Граница depth=4 — конечный статус не подтверждён."
100000000733940100,peripheral,0.4525911921708185,31,0.5805034902819599,"Периферийный узел: вход: 1 контр., 2 пер., 752000 KZT; выход: 0 контр., 0 пер., 0 KZT. Граница depth=4 — конечный статус не подтверждён."
100000001537524100,peripheral,0.4525911921708185,13,0.4094074733096085,"Периферийный узел: вход: 1 контр., 1 пер., 150000 KZT; выход: 0 контр., 0 пер., 0 KZT. Граница depth=4 — конечный статус не подтверждён."
100000002971593100,peripheral,0.4525911921708185,4,0.5696979879551055,"Периферийный узел: вход: 1 контр., 1 пер., 49050 KZT; выход: 0 контр., 0 пер., 0 KZT. Граница depth=4 — конечный статус не подтверждён."
100000006918814100,peripheral,0.4525911921708185,2,0.3934066748790948,"Периферийный узел: вход: 1 контр., 2 пер., 20000 KZT; выход: 0 контр., 0 пер., 0 KZT. Граница depth=4 — конечный статус не подтверждён."
100000007381662100,peripheral,0.4525911921708185,2,0.3431531161602336,"Периферийный узел: вход: 1 контр., 1 пер., 11000 KZT; выход: 0 контр., 0 пер., 0 KZT. Граница depth=4 — конечный статус не подтверждён."
100000003199390100,peripheral,0.4525911921708185,4,0.5632478100191624,"Периферийный узел: вход: 1 контр., 1 пер., 260000 KZT; выход: 0 контр., 0 пер., 0 KZT. Граница depth=4 — конечный статус не подтверждён."
100000007749747100,peripheral,0.4525911921708185,10,0.5419998631261976,"Периферийный узел: вход: 1 контр., 1 пер., 50000 KZT; выход: 0 контр., 0 пер., 0 KZT. Граница depth=4 — конечный статус не подтверждён."
100000003447411100,peripheral,0.4525911921708185,8,0.4743428916871978,"Периферийный узел: вход: 1 контр., 3 пер., 302000 KZT; выход: 0 контр., 0 пер., 0 KZT. Граница depth=4 — конечный статус не подтверждён."
100000000500040100,peripheral,0.4525911921708185,2,0.39895382790400585,"Периферийный узел: вход: 1 контр., 1 пер., 20000 KZT; выход: 0 контр., 0 пер., 0 KZT. Граница depth=4 — конечный статус не подтверждён."
100000008551752100,peripheral,0.4525911921708185,39,0.5189379961675336,"Периферийный узел: вход: 1 контр., 2 пер., 406000 KZT; выход: 0 контр., 0 пер., 0 KZT. Граница depth=4 — конечный статус не подтверждён."
100000002876914100,peripheral,0.4525911921708185,7,0.2972354913769505,"Периферийный узел: вход: 1 контр., 1 пер., 12000 KZT; выход: 0 контр., 0 пер., 0 KZT. Граница depth=4 — конечный статус не подтверждён."
100000004571634100,peripheral,0.4525911921708185,12,0.478341568573775,"Периферийный узел: вход: 1 контр., 1 пер., 20000 KZT; выход: 0 контр., 0 пер., 0 KZT. Граница depth=4 — конечный статус не подтверждён."
100000004610802100,peripheral,0.4525911921708185,58,0.557749589378593,"Периферийный узел: вход: 1 контр., 18 пер., 241000 KZT; выход: 0 контр., 0 пер., 0 KZT. Граница depth=4 — конечный статус не подтверждён."
100000001311175100,peripheral,0.4525911921708185,13,0.6162491103202848,"Периферийный узел: вход: 1 контр., 1 пер., 300000 KZT; выход: 0 контр., 0 пер., 0 KZT. Граница depth=4 — конечный статус не подтверждён."
100000008740295100,peripheral,0.4525911921708185,9,0.5183126882014784,"Периферийный узел: вход: 1 контр., 1 пер., 300000 KZT; выход: 0 контр., 0 пер., 0 KZT. Граница depth=4 — конечный статус не подтверждён."
100000002596039100,peripheral,0.4525911921708185,8,0.46760801624235787,"Периферийный узел: вход: 1 контр., 1 пер., 280000 KZT; выход: 0 контр., 0 пер., 0 KZT. Граница depth=4 — конечный статус не подтверждён."
100000002126791100,peripheral,0.4525911921708185,9,0.6692771010128662,"Периферийный узел: вход: 1 контр., 3 пер., 1313000 KZT; выход: 0 контр., 0 пер., 0 KZT. Граница depth=4 — конечный статус не подтверждён."
100000005783452100,peripheral,0.5641347864768683,13,0.5191637010676158,"Периферийный узел: вход: 2 контр., 2 пер., 286500 KZT; выход: 0 контр., 0 пер., 0 KZT. Граница depth=4 — конечный статус не подтверждён."
100000006693788100,peripheral,0.4525911921708185,0,0.5323745551601424,"Периферийный узел: вход: 1 контр., 1 пер., 10764 KZT; выход: 0 контр., 0 пер., 0 KZT. Граница depth=4 — конечный статус не подтверждён."
100000002832753100,peripheral,0.4525911921708185,1,0.5819878866684915,"Периферийный узел: вход: 1 контр., 1 пер., 12500 KZT; выход: 0 контр., 0 пер., 0 KZT. Граница depth=4 — конечный статус не подтверждён."
100000002981489100,peripheral,0.4525911921708185,4,0.2456899808376677,"Периферийный узел: вход: 1 контр., 1 пер., 10000 KZT; выход: 0 контр., 0 пер., 0 KZT. Граница depth=4 — конечный статус не подтверждён."
100000003084870100,peripheral,0.4525911921708185,13,0.43125355871886123,"Периферийный узел: вход: 1 контр., 1 пер., 6500 KZT; выход: 0 контр., 0 пер., 0 KZT. Граница depth=4 — конечный статус не подтверждён."
100000002791494100,peripheral,0.4525911921708185,7,0.47205755543388994,"Периферийный узел: вход: 1 контр., 1 пер., 85860 KZT; выход: 0 контр., 0 пер., 0 KZT. Граница depth=4 — конечный статус не подтверждён."
100000003345947100,peripheral,0.4525911921708185,8,0.5695036271557624,"Периферийный узел: вход: 1 контр., 6 пер., 79500 KZT; выход: 0 контр., 0 пер., 0 KZT. Граница depth=4 — конечный статус не подтверждён."
100000002733083100,peripheral,0.4525911921708185,7,0.29695524226663017,"Периферийный узел: вход: 1 контр., 1 пер., 15200 KZT; выход: 0 контр., 0 пер., 0 KZT. Граница depth=4 — конечный статус не подтверждён."
100000003247600100,peripheral,0.4525911921708185,2,0.6362675882836025,"Периферийный узел: вход: 1 контр., 1 пер., 58000 KZT; выход: 0 контр., 0 пер., 0 KZT. Граница depth=4 — конечный статус не подтверждён."
100000001378288100,peripheral,0.4525911921708185,8,0.6140151929920613,"Периферийный узел: вход: 1 контр., 3 пер., 268000 KZT; выход: 0 контр., 0 пер., 0 KZT. Граница depth=4 — конечный статус не подтверждён."
100000002305477100,peripheral,0.4525911921708185,22,0.39700396934026827,"Периферийный узел: вход: 1 контр., 1 пер., 20000 KZT; выход: 0 контр., 0 пер., 0 KZT. Граница depth=4 — конечный статус не подтверждён."
100000006638021100,peripheral,0.5641347864768683,17,0.6339017246099098,"Периферийный узел: вход: 2 контр., 2 пер., 388500 KZT; выход: 0 контр., 0 пер., 0 KZT. Граница depth=4 — конечный статус не подтверждён."
100000008517061100,peripheral,0.4525911921708185,15,0.6026777306323571,"Периферийный узел: вход: 1 контр., 4 пер., 1844000 KZT; выход: 0 контр., 0 пер., 0 KZT. Граница depth=4 — конечный статус не подтверждён."
100000005910895100,peripheral,0.4525911921708185,12,0.5441066931289351,"Периферийный узел: вход: 1 контр., 1 пер., 5100 KZT; выход: 0 контр., 0 пер., 0 KZT. Граница depth=4 — конечный статус не подтверждён."
100000002723439100,peripheral,0.4525911921708185,12,0.5541912127018889,"Периферийный узел: вход: 1 контр., 2 пер., 18000 KZT; выход: 0 контр., 0 пер., 0 KZT. Граница depth=4 — конечный статус не подтверждён."
100000002320495100,peripheral,0.4525911921708185,16,0.5282741582261156,"Периферийный узел: вход: 1 контр., 1 пер., 13526 KZT; выход: 0 контр., 0 пер., 0 KZT. Граница depth=4 — конечный статус не подтверждён."
100000002229615100,peripheral,0.4525911921708185,22,0.584050232685464,"Периферийный узел: вход: 1 контр., 1 пер., 25000 KZT; выход: 0 контр., 0 пер., 0 KZT. Граница depth=4 — конечный статус не подтверждён."
100000008327791100,peripheral,0.4525911921708185,16,0.5261789624965781,"Периферийный узел: вход: 1 контр., 1 пер., 11000 KZT; выход: 0 контр., 0 пер., 0 KZT. Граница depth=4 — конечный статус не подтверждён."
100000002208836100,peripheral,0.4525911921708185,4,0.4919132904462086,"Периферийный узел: вход: 1 контр., 1 пер., 90000 KZT; выход: 0 контр., 0 пер., 0 KZT. Граница depth=4 — конечный статус не подтверждён."
100000001724740100,peripheral,0.4525911921708185,9,0.6143527237886668,"Периферийный узел: вход: 1 контр., 4 пер., 185000 KZT; выход: 0 контр., 0 пер., 0 KZT. Граница depth=4 — конечный статус не подтверждён."
100000004386286100,peripheral,0.4525911921708185,11,0.5561218176840952,"Периферийный узел: вход: 1 контр., 1 пер., 12500 KZT; выход: 0 контр., 0 пер., 0 KZT. Граница depth=4 — конечный статус не подтверждён."
100000001714883100,peripheral,0.4525911921708185,7,0.2576580892417192,"Периферийный узел: вход: 1 контр., 1 пер., 6900 KZT; выход: 0 контр., 0 пер., 0 KZT. Граница depth=4 — конечный статус не подтверждён."
100000008337304100,peripheral,0.4525911921708185,8,0.5200374349849439,"Периферийный узел: вход: 1 контр., 2 пер., 105465 KZT; выход: 0 контр., 0 пер., 0 KZT. Граница depth=4 — конечный статус не подтверждён."
100000000655469100,peripheral,0.4525911921708185,22,0.44750218998083774,"Периферийный узел: вход: 1 контр., 2 пер., 20000 KZT; выход: 0 контр., 0 пер., 0 KZT. Граница depth=4 — конечный статус не подтверждён."
100000008722541100,peripheral,0.4525911921708185,4,0.5677095537914044,"Периферийный узел: вход: 1 контр., 4 пер., 280000 KZT; выход: 0 контр., 0 пер., 0 KZT. Граница depth=4 — конечный статус не подтверждён."
100000004222274100,peripheral,0.4525911921708185,0,0.5518407473309609,"Периферийный узел: вход: 1 контр., 1 пер., 15500 KZT; выход: 0 контр., 0 пер., 0 KZT. Граница depth=4 — конечный статус не подтверждён."
100000006232642100,peripheral,0.4525911921708185,40,0.5723677114700246,"Периферийный узел: вход: 1 контр., 4 пер., 456000 KZT; выход: 0 контр., 0 пер., 0 KZT. Граница depth=4 — конечный статус не подтверждён."
100000004066370100,peripheral,0.4525911921708185,36,0.58881686285245,"Периферийный узел: вход: 1 контр., 2 пер., 65000 KZT; выход: 0 контр., 0 пер., 0 KZT. Граница depth=4 — конечный статус не подтверждён."
100000005685783100,peripheral,0.4525911921708185,6,0.552665754174651,"Периферийный узел: вход: 1 контр., 1 пер., 26150 KZT; выход: 0 контр., 0 пер., 0 KZT. Граница depth=4 — конечный статус не подтверждён."
100000006171671100,peripheral,0.4525911921708185,0,0.5225480427046263,"Периферийный узел: вход: 1 контр., 1 пер., 10000 KZT; выход: 0 контр., 0 пер., 0 KZT. Граница depth=4 — конечный статус не подтверждён."
100000003481025100,peripheral,0.4525911921708185,0,0.524714412811388,"Периферийный узел: вход: 1 контр., 1 пер., 9000 KZT; выход: 0 контр., 0 пер., 0 KZT. Граница depth=4 — конечный статус не подтверждён."
100000003646145100,peripheral,0.4525911921708185,33,0.5352482206405694,"Периферийный узел: вход: 1 контр., 1 пер., 5000 KZT; выход: 0 контр., 0 пер., 0 KZT. Граница depth=4 — конечный статус не подтверждён."
100000002659265100,peripheral,0.4525911921708185,9,0.48561162058581997,"Периферийный узел: вход: 1 контр., 1 пер., 141000 KZT; выход: 0 контр., 0 пер., 0 KZT. Граница depth=4 — конечный статус не подтверждён."
100000003289281100,peripheral,0.4525911921708185,0,0.6010845195729537,"Периферийный узел: вход: 1 контр., 1 пер., 40000 KZT; выход: 0 контр., 0 пер., 0 KZT. Граница depth=4 — конечный статус не подтверждён."
100000004840086100,peripheral,0.4525911921708185,0,0.6083887900355873,"Периферийный узел: вход: 1 контр., 2 пер., 100000 KZT; выход: 0 контр., 0 пер., 0 KZT. Граница depth=4 — конечный статус не подтверждён."
100000008554390100,peripheral,0.4525911921708185,7,0.3099712565015056,"Периферийный узел: вход: 1 контр., 1 пер., 14000 KZT; выход: 0 контр., 0 пер., 0 KZT. Граница depth=4 — конечный статус не подтверждён."
100000004691350100,peripheral,0.4525911921708185,48,0.5537395291541198,"Периферийный узел: вход: 1 контр., 1 пер., 13300 KZT; выход: 0 контр., 0 пер., 0 KZT. Граница depth=4 — конечный статус не подтверждён."
100000004652395100,peripheral,0.5839857651245551,0,0.5455456702253856,"Периферийный узел: вход: 3 контр., 5 пер., 101528 KZT; выход: 0 контр., 0 пер., 0 KZT. Граница depth=4 — конечный статус не подтверждён."
100000004979264100,peripheral,0.4525911921708185,10,0.5219909663290446,"Периферийный узел: вход: 1 контр., 1 пер., 39800 KZT; выход: 0 контр., 0 пер., 0 KZT. Граница depth=4 — конечный статус не подтверждён."
100000008074304100,peripheral,0.4525911921708185,4,0.4229097317273474,"Периферийный узел: вход: 1 контр., 1 пер., 5500 KZT; выход: 0 контр., 0 пер., 0 KZT. Граница depth=4 — конечный статус не подтверждён."
100000002227989100,peripheral,0.4525911921708185,22,0.48288920065699426,"Периферийный узел: вход: 1 контр., 1 пер., 20000 KZT; выход: 0 контр., 0 пер., 0 KZT. Граница depth=4 — конечный статус не подтверждён."
100000003207060100,peripheral,0.4525911921708185,0,0.5458309608540926,"Периферийный узел: вход: 1 контр., 1 пер., 53000 KZT; выход: 0 контр., 0 пер., 0 KZT. Граница depth=4 — конечный статус не подтверждён."
100000004601193100,peripheral,0.4525911921708185,12,0.6165310703531344,"Периферийный узел: вход: 1 контр., 3 пер., 84000 KZT; выход: 0 контр., 0 пер., 0 KZT. Граница depth=4 — конечный статус не подтверждён."
100000004991593100,peripheral,0.4525911921708185,8,0.4966086093621681,"Периферийный узел: вход: 1 контр., 2 пер., 45000 KZT; выход: 0 контр., 0 пер., 0 KZT. Граница depth=4 — конечный статус не подтверждён."
100000003128638100,peripheral,0.4525911921708185,9,0.5491258554612648,"Периферийный узел: вход: 1 контр., 1 пер., 300000 KZT; выход: 0 контр., 0 пер., 0 KZT. Граница depth=4 — конечный статус не подтверждён."
100000005878334100,peripheral,0.4525911921708185,21,0.5294858335614564,"Периферийный узел: вход: 1 контр., 2 пер., 76400 KZT; выход: 0 контр., 0 пер., 0 KZT. Граница depth=4 — конечный статус не подтверждён."
100000002878483100,peripheral,0.4525911921708185,7,0.248238605255954,"Периферийный узел: вход: 1 контр., 1 пер., 6000 KZT; выход: 0 контр., 0 пер., 0 KZT. Граница depth=4 — конечный статус не подтверждён."
100000000981693100,peripheral,0.4525911921708185,0,0.5346032028469752,"Периферийный узел: вход: 1 контр., 1 пер., 16500 KZT; выход: 0 контр., 0 пер., 0 KZT. Граница depth=4 — конечный статус не подтверждён."
100000006416061100,peripheral,0.4525911921708185,8,0.5242367232411717,"Периферийный узел: вход: 1 контр., 1 пер., 30000 KZT; выход: 0 контр., 0 пер., 0 KZT. Граница depth=4 — конечный статус не подтверждён."
100000008168850100,peripheral,0.4525911921708185,4,0.6145867779906926,"Периферийный узел: вход: 1 контр., 2 пер., 187910 KZT; выход: 0 контр., 0 пер., 0 KZT. Граница depth=4 — конечный статус не подтверждён."
100000004747154100,peripheral,0.4525911921708185,50,0.4523516287982481,"Периферийный узел: вход: 1 контр., 1 пер., 67000 KZT; выход: 0 контр., 0 пер., 0 KZT. Граница depth=4 — конечный статус не подтверждён."
100000008524903100,peripheral,0.4525911921708185,0,0.4402571174377224,"Периферийный узел: вход: 1 контр., 1 пер., 15000 KZT; выход: 0 контр., 0 пер., 0 KZT. Граница depth=4 — конечный статус не подтверждён."
100000005049404100,peripheral,0.4525911921708185,4,0.45992930468108406,"Периферийный узел: вход: 1 контр., 2 пер., 98000 KZT; выход: 0 контр., 0 пер., 0 KZT. Граница depth=4 — конечный статус не подтверждён."
100000002258492100,peripheral,0.4525911921708185,20,0.5260520462633452,"Периферийный узел: вход: 1 контр., 1 пер., 9000 KZT; выход: 0 контр., 0 пер., 0 KZT. Граница depth=4 — конечный статус не подтверждён."
100000005497148100,peripheral,0.4525911921708185,4,0.5332522584177388,"Периферийный узел: вход: 1 контр., 2 пер., 24000 KZT; выход: 0 контр., 0 пер., 0 KZT. Граница depth=4 — конечный статус не подтверждён."
100000004596284100,peripheral,0.4525911921708185,1,0.5906400218998084,"Периферийный узел: вход: 1 контр., 1 пер., 30000 KZT; выход: 0 контр., 0 пер., 0 KZT. Граница depth=4 — конечный статус не подтверждён."
100000007960337100,peripheral,0.4525911921708185,8,0.39586572679989057,"Периферийный узел: вход: 1 контр., 1 пер., 35500 KZT; выход: 0 контр., 0 пер., 0 KZT. Граница depth=4 — конечный статус не подтверждён."
100000003180305100,peripheral,0.4525911921708185,0,0.6000569395017794,"Периферийный узел: вход: 1 контр., 1 пер., 144000 KZT; выход: 0 контр., 0 пер., 0 KZT. Граница depth=4 — конечный статус не подтверждён."
100000007653094100,peripheral,0.4525911921708185,14,0.5603072816862851,"Периферийный узел: вход: 1 контр., 1 пер., 16000 KZT; выход: 0 контр., 0 пер., 0 KZT. Граница depth=4 — конечный статус не подтверждён."
100000008175078100,peripheral,0.4525911921708185,35,0.6030383931015604,"Периферийный узел: вход: 1 контр., 15 пер., 1846711 KZT; выход: 0 контр., 0 пер., 0 KZT. Граница depth=4 — конечный статус не подтверждён."
100000004263867100,peripheral,0.4525911921708185,7,0.27395924582534903,"Периферийный узел: вход: 1 контр., 1 пер., 9000 KZT; выход: 0 контр., 0 пер., 0 KZT. Граница depth=4 — конечный статус не подтверждён."
100000002194320100,peripheral,0.4525911921708185,56,0.5643821516561731,"Периферийный узел: вход: 1 контр., 1 пер., 275000 KZT; выход: 0 контр., 0 пер., 0 KZT. Граница depth=4 — конечный статус не подтверждён."
100000001222245100,peripheral,0.4525911921708185,4,0.6482745004106215,"Периферийный узел: вход: 1 контр., 5 пер., 420000 KZT; выход: 0 контр., 0 пер., 0 KZT. Граница depth=4 — конечный статус не подтверждён."
100000008151098100,peripheral,0.4525911921708185,27,0.39447214618122095,"Периферийный узел: вход: 1 контр., 1 пер., 30000 KZT; выход: 0 контр., 0 пер., 0 KZT. Граница depth=4 — конечный статус не подтверждён."
100000008735802100,peripheral,0.4525911921708185,0,0.5821966192170818,"Периферийный узел: вход: 1 контр., 2 пер., 85000 KZT; выход: 0 контр., 0 пер., 0 KZT. Граница depth=4 — конечный статус не подтверждён."
100000004047887100,peripheral,0.4525911921708185,38,0.24474760470845883,"Периферийный узел: вход: 1 контр., 1 пер., 30000 KZT; выход: 0 контр., 0 пер., 0 KZT. Граница depth=4 — конечный статус не подтверждён."
100000003146511100,peripheral,0.4525911921708185,14,0.38417738844785115,"Периферийный узел: вход: 1 контр., 1 пер., 10000 KZT; выход: 0 контр., 0 пер., 0 KZT. Граница depth=4 — конечный статус не подтверждён."
100000007511780100,peripheral,0.4525911921708185,32,0.6078861209964413,"Периферийный узел: вход: 1 контр., 2 пер., 155000 KZT; выход: 0 контр., 0 пер., 0 KZT. Граница depth=4 — конечный статус не подтверждён."
100000007867364100,peripheral,0.4525911921708185,19,0.5291138790035588,"Периферийный узел: вход: 1 контр., 1 пер., 41852 KZT; выход: 0 контр., 0 пер., 0 KZT. Граница depth=4 — конечный статус не подтверждён."
100000006288612100,peripheral,0.4525911921708185,11,0.36399192444566114,"Периферийный узел: вход: 1 контр., 3 пер., 30805 KZT; выход: 0 контр., 0 пер., 0 KZT. Граница depth=4 — конечный статус не подтверждён."
100000006735545100,peripheral,0.4525911921708185,8,0.29575006843690116,"Периферийный узел: вход: 1 контр., 1 пер., 5000 KZT; выход: 0 контр., 0 пер., 0 KZT. Граница depth=4 — конечный статус не подтверждён."
100000004403641100,peripheral,0.4525911921708185,13,0.4249768683274021,"Периферийный узел: вход: 1 контр., 1 пер., 171500 KZT; выход: 0 контр., 0 пер., 0 KZT. Граница depth=4 — конечный статус не подтверждён."
100000003370425100,peripheral,0.4525911921708185,14,0.5785457158499863,"Периферийный узел: вход: 1 контр., 1 пер., 20000 KZT; выход: 0 контр., 0 пер., 0 KZT. Граница depth=4 — конечный статус не подтверждён."
100000004350094100,peripheral,0.4525911921708185,19,0.590590747330961,"Периферийный узел: вход: 1 контр., 1 пер., 20000 KZT; выход: 0 контр., 0 пер., 0 KZT. Граница depth=4 — конечный статус не подтверждён."
100000004911971100,peripheral,0.4525911921708185,35,0.270222556802628,"Периферийный узел: вход: 1 контр., 3 пер., 35000 KZT; выход: 0 контр., 0 пер., 0 KZT. Граница depth=4 — конечный статус не подтверждён."
100000001202787100,peripheral,0.5641347864768683,0,0.4818327402135232,"Периферийный узел: вход: 2 контр., 2 пер., 14850 KZT; выход: 0 контр., 0 пер., 0 KZT. Граница depth=4 — конечный статус не подтверждён."
100000008469048100,peripheral,0.4525911921708185,0,0.6519475088967972,"Периферийный узел: вход: 1 контр., 7 пер., 265200 KZT; выход: 0 контр., 0 пер., 0 KZT. Граница depth=4 — конечный статус не подтверждён."
100000002635746100,peripheral,0.4525911921708185,7,0.2411856693128935,"Периферийный узел: вход: 1 контр., 1 пер., 5300 KZT; выход: 0 контр., 0 пер., 0 KZT. Граница depth=4 — конечный статус не подтверждён."
100000008321975100,peripheral,0.4525911921708185,22,0.33955290172460995,"Периферийный узел: вход: 1 контр., 1 пер., 5900 KZT; выход: 0 контр., 0 пер., 0 KZT. Граница depth=4 — конечный статус не подтверждён."
100000003078839100,peripheral,0.4525911921708185,8,0.4022705310703531,"Периферийный узел: вход: 1 контр., 2 пер., 14000 KZT; выход: 0 контр., 0 пер., 0 KZT. Граница depth=4 — конечный статус не подтверждён."
100000004006327100,peripheral,0.4525911921708185,10,0.6395977278948809,"Периферийный узел: вход: 1 контр., 3 пер., 300000 KZT; выход: 0 контр., 0 пер., 0 KZT. Граница depth=4 — конечный статус не подтверждён."
100000007865484100,peripheral,0.4525911921708185,39,0.5477057897618396,"Периферийный узел: вход: 1 контр., 2 пер., 584600 KZT; выход: 0 контр., 0 пер., 0 KZT. Граница depth=4 — конечный статус не подтверждён."
100000005367180100,peripheral,0.4525911921708185,8,0.5693790719956201,"Периферийный узел: вход: 1 контр., 1 пер., 7700 KZT; выход: 0 контр., 0 пер., 0 KZT. Граница depth=4 — конечный статус не подтверждён."
100000001669260100,peripheral,0.4525911921708185,21,0.6462162606077198,"Периферийный узел: вход: 1 контр., 1 пер., 500000 KZT; выход: 0 контр., 0 пер., 0 KZT. Граница depth=4 — конечный статус не подтверждён."
100000001297206100,peripheral,0.4525911921708185,0,0.3335578291814947,"Периферийный узел: вход: 1 контр., 1 пер., 6758 KZT; выход: 0 контр., 0 пер., 0 KZT. Граница depth=4 — конечный статус не подтверждён."
100000002645046100,peripheral,0.4525911921708185,7,0.2972354913769505,"Периферийный узел: вход: 1 контр., 1 пер., 12000 KZT; выход: 0 контр., 0 пер., 0 KZT. Граница depth=4 — конечный статус не подтверждён."
100000006308406100,peripheral,0.4525911921708185,22,0.6073865316178484,"Периферийный узел: вход: 1 контр., 2 пер., 183000 KZT; выход: 0 контр., 0 пер., 0 KZT. Граница depth=4 — конечный статус не подтверждён."
100000002728246100,peripheral,0.4525911921708185,4,0.5343910484533261,"Периферийный узел: вход: 1 контр., 1 пер., 10000 KZT; выход: 0 контр., 0 пер., 0 KZT. Граница depth=4 — конечный статус не подтверждён."
100000001590795100,peripheral,0.4525911921708185,7,0.2381029290993704,"Периферийный узел: вход: 1 контр., 1 пер., 5060 KZT; выход: 0 контр., 0 пер., 0 KZT. Граница depth=4 — конечный статус не подтверждён."
100000006257675100,peripheral,0.4525911921708185,22,0.5160475636463181,"Периферийный узел: вход: 1 контр., 2 пер., 70000 KZT; выход: 0 контр., 0 пер., 0 KZT. Граница depth=4 — конечный статус не подтверждён."
100000002130400100,peripheral,0.4525911921708185,36,0.3804716671229127,"Периферийный узел: вход: 1 контр., 1 пер., 10000 KZT; выход: 0 контр., 0 пер., 0 KZT. Граница depth=4 — конечный статус не подтверждён."
100000000557536100,peripheral,0.4525911921708185,35,0.40564515466739665,"Периферийный узел: вход: 1 контр., 7 пер., 153000 KZT; выход: 0 контр., 0 пер., 0 KZT. Граница depth=4 — конечный статус не подтверждён."
100000002689717100,peripheral,0.4525911921708185,7,0.40910826717766224,"Периферийный узел: вход: 1 контр., 1 пер., 47500 KZT; выход: 0 контр., 0 пер., 0 KZT. Граница depth=4 — конечный статус не подтверждён."
100000005189258100,peripheral,0.4525911921708185,4,0.461258782735651,"Периферийный узел: вход: 1 контр., 1 пер., 50000 KZT; выход: 0 контр., 0 пер., 0 KZT. Граница depth=4 — конечный статус не подтверждён."
100000002748511100,peripheral,0.4525911921708185,1,0.5709647549958938,"Периферийный узел: вход: 1 контр., 1 пер., 20000 KZT; выход: 0 контр., 0 пер., 0 KZT. Граница depth=4 — конечный статус не подтверждён."
100000002371892100,peripheral,0.4525911921708185,62,0.3684325896523406,"Периферийный узел: вход: 1 контр., 1 пер., 43830 KZT; выход: 0 контр., 0 пер., 0 KZT. Граница depth=4 — конечный статус не подтверждён."
100000008130868100,peripheral,0.4525911921708185,13,0.5137580071174377,"Периферийный узел: вход: 1 контр., 1 пер., 22782 KZT; выход: 0 контр., 0 пер., 0 KZT. Граница depth=4 — конечный статус не подтверждён."
100000007153161100,peripheral,0.4525911921708185,0,0.570982206405694,"Периферийный узел: вход: 1 контр., 1 пер., 44997 KZT; выход: 0 контр., 0 пер., 0 KZT. Граница depth=4 — конечный статус не подтверждён."
100000002994441100,peripheral,0.4525911921708185,8,0.5338185737749795,"Периферийный узел: вход: 1 контр., 1 пер., 5000 KZT; выход: 0 контр., 0 пер., 0 KZT. Граница depth=4 — конечный статус не подтверждён."
100000001065481100,peripheral,0.4525911921708185,14,0.5012014098001641,"Периферийный узел: вход: 1 контр., 2 пер., 16000 KZT; выход: 0 контр., 0 пер., 0 KZT. Граница depth=4 — конечный статус не подтверждён."
100000007731977100,peripheral,0.4525911921708185,2,0.4949324755908385,"Периферийный узел: вход: 1 контр., 1 пер., 50000 KZT; выход: 0 контр., 0 пер., 0 KZT. Граница depth=4 — конечный статус не подтверждён."
100000003252446100,peripheral,0.4525911921708185,10,0.4162756638379414,"Периферийный узел: вход: 1 контр., 1 пер., 108600 KZT; выход: 0 контр., 0 пер., 0 KZT. Граница depth=4 — конечный статус не подтверждён."
100000002671326100,peripheral,0.4525911921708185,10,0.6775336709553792,"Периферийный узел: вход: 1 контр., 2 пер., 1050000 KZT; выход: 0 контр., 0 пер., 0 KZT. Граница depth=4 — конечный статус не подтверждён."
100000005087923100,peripheral,0.4525911921708185,5,0.5173896112784013,"Периферийный узел: вход: 1 контр., 1 пер., 20000 KZT; выход: 0 контр., 0 пер., 0 KZT. Граница depth=4 — конечный статус не подтверждён."
100000008770483100,peripheral,0.4525911921708185,17,0.23702894880919792,"Периферийный узел: вход: 1 контр., 1 пер., 5000 KZT; выход: 0 контр., 0 пер., 0 KZT. Граница depth=4 — конечный статус не подтверждён."
100000002748040100,peripheral,0.4525911921708185,7,0.31202641664385444,"Периферийный узел: вход: 1 контр., 1 пер., 18000 KZT; выход: 0 контр., 0 пер., 0 KZT. Граница depth=4 — конечный статус не подтверждён."
100000004800648100,peripheral,0.4525911921708185,11,0.5091164796058034,"Периферийный узел: вход: 1 контр., 1 пер., 131000 KZT; выход: 0 контр., 0 пер., 0 KZT. Граница depth=4 — конечный статус не подтверждён."
100000005025629100,peripheral,0.4525911921708185,4,0.3996707044438361,"Периферийный узел: вход: 1 контр., 1 пер., 5227 KZT; выход: 0 контр., 0 пер., 0 KZT. Граница depth=4 — конечный статус не подтверждён."
100000000581682100,peripheral,0.4525911921708185,28,0.2530113605255954,"Периферийный узел: вход: 1 контр., 1 пер., 5000 KZT; выход: 0 контр., 0 пер., 0 KZT. Граница depth=4 — конечный статус не подтверждён."
100000004976946100,peripheral,0.4525911921708185,39,0.477821448124829,"Периферийный узел: вход: 1 контр., 1 пер., 246000 KZT; выход: 0 контр., 0 пер., 0 KZT. Граница depth=4 — конечный статус не подтверждён."
100000000957746100,peripheral,0.4525911921708185,16,0.429501916233233,"Периферийный узел: вход: 1 контр., 1 пер., 5300 KZT; выход: 0 контр., 0 пер., 0 KZT. Граница depth=4 — конечный статус не подтверждён."
100000003001138100,peripheral,0.4525911921708185,28,0.4178022857924993,"Периферийный узел: вход: 1 контр., 1 пер., 30000 KZT; выход: 0 контр., 0 пер., 0 KZT. Граница depth=4 — конечный статус не подтверждён."
100000001325618100,peripheral,0.4525911921708185,7,0.2773066657541746,"Периферийный узел: вход: 1 контр., 1 пер., 9300 KZT; выход: 0 контр., 0 пер., 0 KZT. Граница depth=4 — конечный статус не подтверждён."
100000003792647100,peripheral,0.4525911921708185,4,0.4787193402682727,"Периферийный узел: вход: 1 контр., 1 пер., 8000 KZT; выход: 0 контр., 0 пер., 0 KZT. Граница depth=4 — конечный статус не подтверждён."
100000004107228100,peripheral,0.4525911921708185,2,0.2550303403595219,"Периферийный узел: вход: 1 контр., 1 пер., 5000 KZT; выход: 0 контр., 0 пер., 0 KZT. Граница depth=4 — конечный статус не подтверждён."
100000003500764100,peripheral,0.4525911921708185,16,0.5325891048453326,"Периферийный узел: вход: 1 контр., 1 пер., 21000 KZT; выход: 0 контр., 0 пер., 0 KZT. Граница depth=4 — конечный статус не подтверждён."
100000004261340100,peripheral,0.4525911921708185,0,0.5070670225385528,"Периферийный узел: вход: 1 контр., 4 пер., 48500 KZT; выход: 0 контр., 0 пер., 0 KZT. Граница depth=4 — конечный статус не подтверждён."
100000008172721100,peripheral,0.4525911921708185,8,0.560811456337257,"Периферийный узел: вход: 1 контр., 1 пер., 168335 KZT; выход: 0 контр., 0 пер., 0 KZT. Граница depth=4 — конечный статус не подтверждён."
100000005079473100,peripheral,0.4525911921708185,8,0.46179989050095815,"Периферийный узел: вход: 1 контр., 1 пер., 39312 KZT; выход: 0 контр., 0 пер., 0 KZT. Граница depth=4 — конечный статус не подтверждён."
100000004850609100,peripheral,0.4525911921708185,4,0.3958866000547495,"Периферийный узел: вход: 1 контр., 1 пер., 10000 KZT; выход: 0 контр., 0 пер., 0 KZT. Граница depth=4 — конечный статус не подтверждён."
100000005042822100,peripheral,0.4525911921708185,31,0.5975408568300029,"Периферийный узел: вход: 1 контр., 1 пер., 1000000 KZT; выход: 0 контр., 0 пер., 0 KZT. Граница depth=4 — конечный статус не подтверждён."
100000002794374100,peripheral,0.4525911921708185,17,0.5232211196277033,"Периферийный узел: вход: 1 контр., 1 пер., 111000 KZT; выход: 0 контр., 0 пер., 0 KZT. Граница depth=4 — конечный статус не подтверждён."
100000002860934100,peripheral,0.4525911921708185,28,0.6318859156857377,"Периферийный узел: вход: 1 контр., 4 пер., 279500 KZT; выход: 0 контр., 0 пер., 0 KZT. Граница depth=4 — конечный статус не подтверждён."
100000003097947100,peripheral,0.4525911921708185,8,0.4601397481522036,"Периферийный узел: вход: 1 контр., 1 пер., 52980 KZT; выход: 0 контр., 0 пер., 0 KZT. Граница depth=4 — конечный статус не подтверждён."
100000004260869100,peripheral,0.4525911921708185,1,0.5827974952094169,"Периферийный узел: вход: 1 контр., 1 пер., 10000 KZT; выход: 0 контр., 0 пер., 0 KZT. Граница depth=4 — конечный статус не подтверждён."
100000008762885100,peripheral,0.4525911921708185,9,0.22267790172460994,"Периферийный узел: вход: 1 контр., 1 пер., 7000 KZT; выход: 0 контр., 0 пер., 0 KZT. Граница depth=4 — конечный статус не подтверждён."
100000002986245100,peripheral,0.4525911921708185,7,0.24557623870791132,"Периферийный узел: вход: 1 контр., 1 пер., 5750 KZT; выход: 0 контр., 0 пер., 0 KZT. Граница depth=4 — конечный статус не подтверждён."
100000001471706100,peripheral,0.4525911921708185,20,0.6317059608540926,"Периферийный узел: вход: 1 контр., 8 пер., 377000 KZT; выход: 0 контр., 0 пер., 0 KZT. Граница depth=4 — конечный статус не подтверждён."
100000002304943100,peripheral,0.4525911921708185,22,0.36480201204489465,"Периферийный узел: вход: 1 контр., 1 пер., 15000 KZT; выход: 0 контр., 0 пер., 0 KZT. Граница depth=4 — конечный статус не подтверждён."
100000002695812100,peripheral,0.4525911921708185,7,0.4850112920886942,"Периферийный узел: вход: 1 контр., 1 пер., 95000 KZT; выход: 0 контр., 0 пер., 0 KZT. Граница depth=4 — конечный статус не подтверждён."
100000008761220100,peripheral,0.4525911921708185,9,0.2277833287708733,"Периферийный узел: вход: 1 контр., 1 пер., 10000 KZT; выход: 0 контр., 0 пер., 0 KZT. Граница depth=4 — конечный статус не подтверждён."
100000004890713100,peripheral,0.4525911921708185,7,0.39155488639474406,"Периферийный узел: вход: 1 контр., 1 пер., 40485 KZT; выход: 0 контр., 0 пер., 0 KZT. Граница depth=4 — конечный статус не подтверждён."
100000003083865100,peripheral,0.4525911921708185,7,0.2942928757185874,"Периферийный узел: вход: 1 контр., 1 пер., 15000 KZT; выход: 0 контр., 0 пер., 0 KZT. Граница depth=4 — конечный статус не подтверждён."
100000004030553100,peripheral,0.4525911921708185,21,0.5690365453052285,"Периферийный узел: вход: 1 контр., 1 пер., 70000 KZT; выход: 0 контр., 0 пер., 0 KZT. Граница depth=4 — конечный статус не подтверждён."
100000002653187100,peripheral,0.4525911921708185,11,0.5069670134136327,"Периферийный узел: вход: 1 контр., 1 пер., 15000 KZT; выход: 0 контр., 0 пер., 0 KZT. Граница depth=4 — конечный статус не подтверждён."
100000006412162100,peripheral,0.4525911921708185,7,0.31679065151929925,"Периферийный узел: вход: 1 контр., 2 пер., 15000 KZT; выход: 0 контр., 0 пер., 0 KZT. Граница depth=4 — конечный статус не подтверждён."
100000004674178100,peripheral,0.4525911921708185,26,0.3573902956474131,"Периферийный узел: вход: 1 контр., 1 пер., 20000 KZT; выход: 0 контр., 0 пер., 0 KZT. Граница depth=4 — конечный статус не подтверждён."
100000004070530100,peripheral,0.4525911921708185,38,0.22105098549137694,"Периферийный узел: вход: 1 контр., 1 пер., 20000 KZT; выход: 0 контр., 0 пер., 0 KZT. Граница depth=4 — конечный статус не подтверждён."
100000006706519100,peripheral,0.4525911921708185,0,0.5163825622775802,"Периферийный узел: вход: 1 контр., 3 пер., 36000 KZT; выход: 0 контр., 0 пер., 0 KZT. Граница depth=4 — конечный статус не подтверждён."
100000005636951100,peripheral,0.4525911921708185,5,0.6039332055844511,"Периферийный узел: вход: 1 контр., 1 пер., 40000 KZT; выход: 0 контр., 0 пер., 0 KZT. Граница depth=4 — конечный статус не подтверждён."
100000003040087100,peripheral,0.4525911921708185,7,0.35861004653709283,"Периферийный узел: вход: 1 контр., 1 пер., 29000 KZT; выход: 0 контр., 0 пер., 0 KZT. Граница depth=4 — конечный статус не подтверждён."
100000008766764100,peripheral,0.4525911921708185,9,0.21199596222283054,"Периферийный узел: вход: 1 контр., 1 пер., 5000 KZT; выход: 0 контр., 0 пер., 0 KZT. Граница depth=4 — конечный статус не подтверждён."
100000000299820100,peripheral,0.4525911921708185,8,0.4959271147002464,"Периферийный узел: вход: 1 контр., 1 пер., 10000 KZT; выход: 0 контр., 0 пер., 0 KZT. Граница depth=4 — конечный статус не подтверждён."
100000008349740100,peripheral,0.4525911921708185,35,0.3324689980837668,"Периферийный узел: вход: 1 контр., 2 пер., 70000 KZT; выход: 0 контр., 0 пер., 0 KZT. Граница depth=4 — конечный статус не подтверждён."
100000008761132100,peripheral,0.4525911921708185,9,0.2277833287708733,"Периферийный узел: вход: 1 контр., 1 пер., 10000 KZT; выход: 0 контр., 0 пер., 0 KZT. Граница depth=4 — конечный статус не подтверждён."
100000002540033100,peripheral,0.4525911921708185,17,0.5469622228305503,"Периферийный узел: вход: 1 контр., 1 пер., 10000 KZT; выход: 0 контр., 0 пер., 0 KZT. Граница depth=4 — конечный статус не подтверждён."
100000001845505100,peripheral,0.4525911921708185,8,0.5711272926361894,"Периферийный узел: вход: 1 контр., 1 пер., 20000 KZT; выход: 0 контр., 0 пер., 0 KZT. Граница depth=4 — конечный статус не подтверждён."
100000003782913100,peripheral,0.4525911921708185,15,0.42066705447577335,"Периферийный узел: вход: 1 контр., 1 пер., 200000 KZT; выход: 0 контр., 0 пер., 0 KZT. Граница depth=4 — конечный статус не подтверждён."
100000008778753100,peripheral,0.4525911921708185,26,0.2940851355050644,"Периферийный узел: вход: 1 контр., 1 пер., 10000 KZT; выход: 0 контр., 0 пер., 0 KZT. Граница depth=4 — конечный статус не подтверждён."
100000008710913100,peripheral,0.4525911921708185,9,0.2474007664932932,"Периферийный узел: вход: 1 контр., 1 пер., 14000 KZT; выход: 0 контр., 0 пер., 0 KZT. Граница depth=4 — конечный статус не подтверждён."
100000005495211100,peripheral,0.4525911921708185,0,0.5592651245551602,"Периферийный узел: вход: 1 контр., 1 пер., 14500 KZT; выход: 0 контр., 0 пер., 0 KZT. Граница depth=4 — конечный статус не подтверждён."
100000004013952100,peripheral,0.4525911921708185,0,0.5246877224199289,"Периферийный узел: вход: 1 контр., 1 пер., 5500 KZT; выход: 0 контр., 0 пер., 0 KZT. Граница depth=4 — конечный статус не подтверждён."
100000007330432100,peripheral,0.4525911921708185,70,0.5964195182042157,"Периферийный узел: вход: 1 контр., 1 пер., 584900 KZT; выход: 0 контр., 0 пер., 0 KZT. Граница depth=4 — конечный статус не подтверждён."
100000000737152100,peripheral,0.4525911921708185,0,0.48293060498220647,"Периферийный узел: вход: 1 контр., 1 пер., 35000 KZT; выход: 0 контр., 0 пер., 0 KZT. Граница depth=4 — конечный статус не подтверждён."
100000004674389100,peripheral,0.4525911921708185,12,0.45226060771968246,"Периферийный узел: вход: 1 контр., 1 пер., 15000 KZT; выход: 0 контр., 0 пер., 0 KZT. Граница depth=4 — конечный статус не подтверждён."
100000002529877100,peripheral,0.4525911921708185,13,0.45329537366548045,"Периферийный узел: вход: 1 контр., 1 пер., 232000 KZT; выход: 0 контр., 0 пер., 0 KZT. Граница depth=4 — конечный статус не подтверждён."
100000004035925100,peripheral,0.4525911921708185,64,0.5754165754174652,"Периферийный узел: вход: 1 контр., 2 пер., 1111588 KZT; выход: 0 контр., 0 пер., 0 KZT. Граница depth=4 — конечный статус не подтверждён."
100000002188586100,peripheral,0.4525911921708185,7,0.38538940596769783,"Периферийный узел: вход: 1 контр., 1 пер., 38310 KZT; выход: 0 контр., 0 пер., 0 KZT. Граница depth=4 — конечный статус не подтверждён."
100000008050986100,peripheral,0.4525911921708185,4,0.4559657815494115,"Периферийный узел: вход: 1 контр., 2 пер., 95000 KZT; выход: 0 контр., 0 пер., 0 KZT. Граница depth=4 — конечный статус не подтверждён."
100000004777215100,peripheral,0.4525911921708185,22,0.5432628661374213,"Периферийный узел: вход: 1 контр., 1 пер., 60000 KZT; выход: 0 контр., 0 пер., 0 KZT. Граница depth=4 — конечный статус не подтверждён."
100000000926078100,peripheral,0.4525911921708185,8,0.607564125376403,"Периферийный узел: вход: 1 контр., 1 пер., 250000 KZT; выход: 0 контр., 0 пер., 0 KZT. Граница depth=4 — конечный статус не подтверждён."
100000003486846100,peripheral,0.4525911921708185,1,0.5558713386257871,"Периферийный узел: вход: 1 контр., 2 пер., 27000 KZT; выход: 0 контр., 0 пер., 0 KZT. Граница depth=4 — конечный статус не подтверждён."
100000002516862100,peripheral,0.4525911921708185,58,0.46994709827539016,"Периферийный узел: вход: 1 контр., 5 пер., 81710 KZT; выход: 0 контр., 0 пер., 0 KZT. Граница depth=4 — конечный статус не подтверждён."
100000008730238100,peripheral,0.4525911921708185,10,0.619450930741856,"Периферийный узел: вход: 1 контр., 1 пер., 113000 KZT; выход: 0 контр., 0 пер., 0 KZT. Граница depth=4 — конечный статус не подтверждён."
100000000803368100,peripheral,0.4525911921708185,15,0.6107293320558445,"Периферийный узел: вход: 1 контр., 1 пер., 139503 KZT; выход: 0 контр., 0 пер., 0 KZT. Граница depth=4 — конечный статус не подтверждён."
100000002528978100,peripheral,0.4525911921708185,7,0.3006918970709006,"Периферийный узел: вход: 1 контр., 1 пер., 15900 KZT; выход: 0 контр., 0 пер., 0 KZT. Граница depth=4 — конечный статус не подтверждён."
100000002597074100,peripheral,0.4525911921708185,0,0.38290391459074735,"Периферийный узел: вход: 1 контр., 1 пер., 8000 KZT; выход: 0 контр., 0 пер., 0 KZT. Граница depth=4 — конечный статус не подтверждён."
100000003631015100,peripheral,0.4525911921708185,39,0.4848632630714482,"Периферийный узел: вход: 1 контр., 1 пер., 266000 KZT; выход: 0 контр., 0 пер., 0 KZT. Граница depth=4 — конечный статус не подтверждён."
100000008255655100,peripheral,0.4525911921708185,16,0.5084343005748699,"Периферийный узел: вход: 1 контр., 1 пер., 5400 KZT; выход: 0 контр., 0 пер., 0 KZT. Граница depth=4 — конечный статус не подтверждён."
100000004265639100,peripheral,0.4525911921708185,8,0.541834588009855,"Периферийный узел: вход: 1 контр., 1 пер., 10000 KZT; выход: 0 контр., 0 пер., 0 KZT. Граница depth=4 — конечный статус не подтверждён."
100000002726055100,peripheral,0.4525911921708185,22,0.42490432521215443,"Периферийный узел: вход: 1 контр., 1 пер., 10000 KZT; выход: 0 контр., 0 пер., 0 KZT. Граница depth=4 — конечный статус не подтверждён."
100000003696422100,peripheral,0.4525911921708185,31,0.6248584724883657,"Периферийный узел: вход: 1 контр., 2 пер., 118000 KZT; выход: 0 контр., 0 пер., 0 KZT. Граница depth=4 — конечный статус не подтверждён."
100000007745062100,peripheral,0.4525911921708185,11,0.6263219956200383,"Периферийный узел: вход: 1 контр., 1 пер., 100000 KZT; выход: 0 контр., 0 пер., 0 KZT. Граница depth=4 — конечный статус не подтверждён."
100000005041147100,peripheral,0.4525911921708185,0,0.5324946619217081,"Периферийный узел: вход: 1 контр., 1 пер., 10000 KZT; выход: 0 контр., 0 пер., 0 KZT. Граница depth=4 — конечный статус не подтверждён."
100000003819173100,peripheral,0.4525911921708185,8,0.40445855005018705,"Периферийный узел: вход: 1 контр., 1 пер., 143777 KZT; выход: 0 контр., 0 пер., 0 KZT. Граница depth=4 — конечный статус не подтверждён."
100000001275557100,peripheral,0.4525911921708185,23,0.4494108951546675,"Периферийный узел: вход: 1 контр., 1 пер., 20000 KZT; выход: 0 контр., 0 пер., 0 KZT. Граница depth=4 — конечный статус не подтверждён."
100000002706810100,peripheral,0.4525911921708185,7,0.4269863810566658,"Периферийный узел: вход: 1 контр., 1 пер., 45000 KZT; выход: 0 контр., 0 пер., 0 KZT. Граница depth=4 — конечный статус не подтверждён."
100000002896506100,peripheral,0.4525911921708185,4,0.4390663153572406,"Периферийный узел: вход: 1 контр., 1 пер., 45000 KZT; выход: 0 контр., 0 пер., 0 KZT. Граница depth=4 — конечный статус не подтверждён."
100000008766031100,peripheral,0.4525911921708185,9,0.2147984533260334,"Периферийный узел: вход: 1 контр., 1 пер., 5000 KZT; выход: 0 контр., 0 пер., 0 KZT. Граница depth=4 — конечный статус не подтверждён."
100000008758607100,peripheral,0.4525911921708185,9,0.21199596222283054,"Периферийный узел: вход: 1 контр., 1 пер., 5000 KZT; выход: 0 контр., 0 пер., 0 KZT. Граница depth=4 — конечный статус не подтверждён."
100000008648783100,peripheral,0.4525911921708185,7,0.2402826444018615,"Периферийный узел: вход: 1 контр., 1 пер., 5200 KZT; выход: 0 контр., 0 пер., 0 KZT. Граница depth=4 — конечный статус не подтверждён."
100000004291663100,peripheral,0.4525911921708185,2,0.4230285610000913,"Периферийный узел: вход: 1 контр., 1 пер., 25000 KZT; выход: 0 контр., 0 пер., 0 KZT. Граница depth=4 — конечный статус не подтверждён."
100000003037476100,peripheral,0.5839857651245551,9,0.5912441828633999,"Периферийный узел: вход: 3 контр., 3 пер., 555000 KZT; выход: 0 контр., 0 пер., 0 KZT. Граница depth=4 — конечный статус не подтверждён."
100000008715513100,peripheral,0.4525911921708185,7,0.39497125650150566,"Периферийный узел: вход: 1 контр., 1 пер., 32500 KZT; выход: 0 контр., 0 пер., 0 KZT. Граница depth=4 — конечный статус не подтверждён."
100000001276409100,peripheral,0.4525911921708185,7,0.48415719956200387,"Периферийный узел: вход: 1 контр., 1 пер., 94760 KZT; выход: 0 контр., 0 пер., 0 KZT. Граница depth=4 — конечный статус не подтверждён."
100000003232675100,peripheral,0.4525911921708185,14,0.5221489186969615,"Периферийный узел: вход: 1 контр., 2 пер., 44000 KZT; выход: 0 контр., 0 пер., 0 KZT. Граница depth=4 — конечный статус не подтверждён."
100000007988344100,peripheral,0.4525911921708185,0,0.4944564056939502,"Периферийный узел: вход: 1 контр., 3 пер., 20000 KZT; выход: 0 контр., 0 пер., 0 KZT. Граница depth=4 — конечный статус не подтверждён."
100000003047800100,peripheral,0.4525911921708185,13,0.4641227758007117,"Периферийный узел: вход: 1 контр., 1 пер., 12212 KZT; выход: 0 контр., 0 пер., 0 KZT. Граница depth=4 — конечный статус не подтверждён."
100000003230328100,peripheral,0.5839857651245551,2,0.5143942193630806,"Периферийный узел: вход: 3 контр., 3 пер., 26572 KZT; выход: 0 контр., 0 пер., 0 KZT. Граница depth=4 — конечный статус не подтверждён."
100000002702968100,peripheral,0.4525911921708185,7,0.36760915685737755,"Периферийный узел: вход: 1 контр., 1 пер., 31600 KZT; выход: 0 контр., 0 пер., 0 KZT. Граница depth=4 — конечный статус не подтверждён."
100000004788983100,peripheral,0.4525911921708185,0,0.49619572953736657,"Периферийный узел: вход: 1 контр., 1 пер., 27000 KZT; выход: 0 контр., 0 пер., 0 KZT. Граница depth=4 — конечный статус не подтверждён."
100000006490615100,peripheral,0.4525911921708185,14,0.517709416917602,"Периферийный узел: вход: 1 контр., 6 пер., 41600 KZT; выход: 0 контр., 0 пер., 0 KZT. Граница depth=4 — конечный статус не подтверждён."
100000008745676100,peripheral,0.4525911921708185,6,0.5569762523952916,"Периферийный узел: вход: 1 контр., 1 пер., 34547 KZT; выход: 0 контр., 0 пер., 0 KZT. Граница depth=4 — конечный статус не подтверждён."
100000001598625100,peripheral,0.4525911921708185,8,0.5145770257322749,"Периферийный узел: вход: 1 контр., 1 пер., 25000 KZT; выход: 0 контр., 0 пер., 0 KZT. Граница depth=4 — конечный статус не подтверждён."
100000008461217100,peripheral,0.4525911921708185,49,0.5188373939228033,"Периферийный узел: вход: 1 контр., 1 пер., 18000 KZT; выход: 0 контр., 0 пер., 0 KZT. Граница depth=4 — конечный статус не подтверждён."
100000005711521100,peripheral,0.4525911921708185,14,0.618777032575965,"Периферийный узел: вход: 1 контр., 1 пер., 238000 KZT; выход: 0 контр., 0 пер., 0 KZT. Граница depth=4 — конечный статус не подтверждён."
100000002713974100,peripheral,0.4525911921708185,8,0.4759991787571859,"Периферийный узел: вход: 1 контр., 1 пер., 50000 KZT; выход: 0 контр., 0 пер., 0 KZT. Граница depth=4 — конечный статус не подтверждён."
100000005272139100,peripheral,0.4525911921708185,1,0.6605466055297017,"Периферийный узел: вход: 1 контр., 1 пер., 165000 KZT; выход: 0 контр., 0 пер., 0 KZT. Граница depth=4 — конечный статус не подтверждён."
100000002968096100,peripheral,0.4525911921708185,8,0.4703719545578976,"Периферийный узел: вход: 1 контр., 1 пер., 70000 KZT; выход: 0 контр., 0 пер., 0 KZT. Граница depth=4 — конечный статус не подтверждён."
100000004449824100,peripheral,0.4525911921708185,7,0.27395924582534903,"Периферийный узел: вход: 1 контр., 1 пер., 9000 KZT; выход: 0 контр., 0 пер., 0 KZT. Граница depth=4 — конечный статус не подтверждён."
100000004502048100,peripheral,0.4525911921708185,19,0.43242348754448395,"Периферийный узел: вход: 1 контр., 1 пер., 13888 KZT; выход: 0 контр., 0 пер., 0 KZT. Граница depth=4 — конечный статус не подтверждён."
100000002660298100,peripheral,0.4525911921708185,7,0.36533602518477964,"Периферийный узел: вход: 1 контр., 1 пер., 30900 KZT; выход: 0 контр., 0 пер., 0 KZT. Граница depth=4 — конечный статус не подтверждён."
100000001299828100,peripheral,0.4525911921708185,0,0.6139359430604983,"Периферийный узел: вход: 1 контр., 1 пер., 100000 KZT; выход: 0 контр., 0 пер., 0 KZT. Граница depth=4 — конечный статус не подтверждён."
100000000581662100,peripheral,0.4525911921708185,13,0.3712802491103203,"Периферийный узел: вход: 1 контр., 1 пер., 21160 KZT; выход: 0 контр., 0 пер., 0 KZT. Граница depth=4 — конечный статус не подтверждён."
100000001249054100,peripheral,0.4525911921708185,7,0.308134067889406,"Периферийный узел: вход: 1 контр., 1 пер., 17375 KZT; выход: 0 контр., 0 пер., 0 KZT. Граница depth=4 — конечный статус не подтверждён."
100000008759795100,peripheral,0.4525911921708185,7,0.32874794689296477,"Периферийный узел: вход: 1 контр., 1 пер., 17000 KZT; выход: 0 контр., 0 пер., 0 KZT. Граница depth=4 — конечный статус не подтверждён."
100000001299443100,peripheral,0.4525911921708185,7,0.26756022447303585,"Периферийный узел: вход: 1 контр., 1 пер., 8000 KZT; выход: 0 контр., 0 пер., 0 KZT. Граница depth=4 — конечный статус не подтверждён."
100000007997939100,peripheral,0.4525911921708185,9,0.4557272789488092,"Периферийный узел: вход: 1 контр., 1 пер., 13000 KZT; выход: 0 контр., 0 пер., 0 KZT. Граница depth=4 — конечный статус не подтверждён."
100000003470579100,peripheral,0.4525911921708185,27,0.6358644949356693,"Периферийный узел: вход: 1 контр., 2 пер., 357000 KZT; выход: 0 контр., 0 пер., 0 KZT. Граница depth=4 — конечный статус не подтверждён."
100000008649416100,peripheral,0.4525911921708185,16,0.5112145496851903,"Периферийный узел: вход: 1 контр., 1 пер., 5000 KZT; выход: 0 контр., 0 пер., 0 KZT. Граница depth=4 — конечный статус не подтверждён."
100000008183752100,peripheral,0.4525911921708185,17,0.5894844648234329,"Периферийный узел: вход: 1 контр., 1 пер., 140000 KZT; выход: 0 контр., 0 пер., 0 KZT. Граница depth=4 — конечный статус не подтверждён."
100000003950749100,peripheral,0.4525911921708185,1,0.4695412674514098,"Периферийный узел: вход: 1 контр., 1 пер., 7000 KZT; выход: 0 контр., 0 пер., 0 KZT. Граница depth=4 — конечный статус не подтверждён."
100000005979037100,peripheral,0.4525911921708185,8,0.47266199014508625,"Периферийный узел: вход: 1 контр., 1 пер., 60300 KZT; выход: 0 контр., 0 пер., 0 KZT. Граница depth=4 — конечный статус не подтверждён."
100000008734279100,peripheral,0.4525911921708185,8,0.3829867232411716,"Периферийный узел: вход: 1 контр., 1 пер., 31650 KZT; выход: 0 контр., 0 пер., 0 KZT. Граница depth=4 — конечный статус не подтверждён."
100000005589319100,peripheral,0.4525911921708185,2,0.4211113012136144,"Периферийный узел: вход: 1 контр., 1 пер., 26000 KZT; выход: 0 контр., 0 пер., 0 KZT. Граница depth=4 — конечный статус не подтверждён."
100000003626268100,peripheral,0.4525911921708185,8,0.5120125239529154,"Периферийный узел: вход: 1 контр., 1 пер., 5000 KZT; выход: 0 контр., 0 пер., 0 KZT. Граница depth=4 — конечный статус не подтверждён."
100000001220124100,peripheral,0.4525911921708185,8,0.5775071858746237,"Периферийный узел: вход: 1 контр., 1 пер., 40000 KZT; выход: 0 контр., 0 пер., 0 KZT. Граница depth=4 — конечный статус не подтверждён."
100000003904497100,peripheral,0.4525911921708185,9,0.43643457432247473,"Периферийный узел: вход: 1 контр., 1 пер., 10000 KZT; выход: 0 контр., 0 пер., 0 KZT. Граница depth=4 — конечный статус не подтверждён."
100000001270470100,peripheral,0.4525911921708185,0,0.5255685053380783,"Периферийный узел: вход: 1 контр., 2 пер., 28300 KZT; выход: 0 контр., 0 пер., 0 KZT. Граница depth=4 — конечный статус не подтверждён."
100000003091142100,peripheral,0.4525911921708185,0,0.5297366548042705,"Периферийный узел: вход: 1 контр., 1 пер., 40000 KZT; выход: 0 контр., 0 пер., 0 KZT. Граница depth=4 — конечный статус не подтверждён."
100000001053894100,peripheral,0.4525911921708185,38,0.5969495620038325,"Периферийный узел: вход: 1 контр., 7 пер., 2000000 KZT; выход: 0 контр., 0 пер., 0 KZT. Граница depth=4 — конечный статус не подтверждён."
100000004722630100,peripheral,0.4525911921708185,48,0.5753276074459349,"Периферийный узел: вход: 1 контр., 2 пер., 340000 KZT; выход: 0 контр., 0 пер., 0 KZT. Граница depth=4 — конечный статус не подтверждён."
100000004655046100,peripheral,0.4525911921708185,7,0.5692007938680537,"Периферийный узел: вход: 1 контр., 1 пер., 24000 KZT; выход: 0 контр., 0 пер., 0 KZT. Граница depth=4 — конечный статус не подтверждён."
100000004019056100,peripheral,0.4525911921708185,14,0.5825181357788118,"Периферийный узел: вход: 1 контр., 1 пер., 50000 KZT; выход: 0 контр., 0 пер., 0 KZT. Граница depth=4 — конечный статус не подтверждён."
100000008071749100,peripheral,0.4525911921708185,7,0.34313406788940604,"Периферийный узел: вход: 1 контр., 1 пер., 24943 KZT; выход: 0 контр., 0 пер., 0 KZT. Граница depth=4 — конечный статус не подтверждён."
100000008221765100,peripheral,0.4525911921708185,4,0.6190262797700521,"Периферийный узел: вход: 1 контр., 1 пер., 156354 KZT; выход: 0 контр., 0 пер., 0 KZT. Граница depth=4 — конечный статус не подтверждён."
100000008778010100,peripheral,0.4525911921708185,6,0.5801702025732275,"Периферийный узел: вход: 1 контр., 2 пер., 76950 KZT; выход: 0 контр., 0 пер., 0 KZT. Граница depth=4 — конечный статус не подтверждён."
100000004584730100,peripheral,0.4525911921708185,43,0.37771879277306325,"Периферийный узел: вход: 1 контр., 1 пер., 47000 KZT; выход: 0 контр., 0 пер., 0 KZT. Граница depth=4 — конечный статус не подтверждён."
100000004797167100,peripheral,0.4525911921708185,21,0.5643790719956201,"Периферийный узел: вход: 1 контр., 1 пер., 31000 KZT; выход: 0 контр., 0 пер., 0 KZT. Граница depth=4 — конечный статус не подтверждён."
100000005010159100,peripheral,0.4525911921708185,8,0.5532224883657268,"Периферийный узел: вход: 1 контр., 1 пер., 7092 KZT; выход: 0 контр., 0 пер., 0 KZT. Граница depth=4 — конечный статус не подтверждён."
100000003025903100,peripheral,0.4525911921708185,4,0.6217620448946072,"Периферийный узел: вход: 1 контр., 6 пер., 386300 KZT; выход: 0 контр., 0 пер., 0 KZT. Граница depth=4 — конечный статус не подтверждён."
100000003005167100,peripheral,0.4525911921708185,7,0.2588102244730359,"Периферийный узел: вход: 1 контр., 1 пер., 7000 KZT; выход: 0 контр., 0 пер., 0 KZT. Граница depth=4 — конечный статус не подтверждён."
100000002214383100,peripheral,0.4525911921708185,6,0.6118828360251849,"Периферийный узел: вход: 1 контр., 1 пер., 213000 KZT; выход: 0 контр., 0 пер., 0 KZT. Граница depth=4 — конечный статус не подтверждён."
100000004800452100,peripheral,0.4525911921708185,4,0.5542175609088421,"Периферийный узел: вход: 1 контр., 1 пер., 6545 KZT; выход: 0 контр., 0 пер., 0 KZT. Граница depth=4 — конечный статус не подтверждён."
100000006903193100,peripheral,0.4525911921708185,8,0.35095914316999727,"Периферийный узел: вход: 1 контр., 1 пер., 9000 KZT; выход: 0 контр., 0 пер., 0 KZT. Граница depth=4 — конечный статус не подтверждён."
100000007811950100,peripheral,0.4525911921708185,26,0.5715806871064878,"Периферийный узел: вход: 1 контр., 1 пер., 50000 KZT; выход: 0 контр., 0 пер., 0 KZT. Граница depth=4 — конечный статус не подтверждён."
100000000375150100,peripheral,0.4525911921708185,14,0.6650216944976731,"Периферийный узел: вход: 1 контр., 1 пер., 300000 KZT; выход: 0 контр., 0 пер., 0 KZT. Граница depth=4 — конечный статус не подтверждён."
100000008775747100,peripheral,0.4525911921708185,9,0.21199596222283054,"Периферийный узел: вход: 1 контр., 1 пер., 5000 KZT; выход: 0 контр., 0 пер., 0 KZT. Граница depth=4 — конечный статус не подтверждён."
100000006689603100,peripheral,0.4525911921708185,8,0.5019363080573045,"Периферийный узел: вход: 1 контр., 2 пер., 400000 KZT; выход: 0 контр., 0 пер., 0 KZT. Граница depth=4 — конечный статус не подтверждён."
100000005075949100,peripheral,0.4525911921708185,45,0.670303312346017,"Периферийный узел: вход: 1 контр., 7 пер., 2226000 KZT; выход: 0 контр., 0 пер., 0 KZT. Граница depth=4 — конечный статус не подтверждён."
100000003985389100,peripheral,0.4525911921708185,8,0.616199356693129,"Периферийный узел: вход: 1 контр., 16 пер., 422698 KZT; выход: 0 контр., 0 пер., 0 KZT. Граница depth=4 — конечный статус не подтверждён."
100000002478829100,peripheral,0.4525911921708185,22,0.4959319052833288,"Периферийный узел: вход: 1 контр., 1 пер., 34000 KZT; выход: 0 контр., 0 пер., 0 KZT. Граница depth=4 — конечный статус не подтверждён."
100000003125997100,peripheral,0.4525911921708185,10,0.6022489734464824,"Периферийный узел: вход: 1 контр., 1 пер., 87750 KZT; выход: 0 контр., 0 пер., 0 KZT. Граница depth=4 — конечный статус не подтверждён."
100000003214786100,peripheral,0.4525911921708185,0,0.48230115658362993,"Периферийный узел: вход: 1 контр., 1 пер., 5000 KZT; выход: 0 контр., 0 пер., 0 KZT. Граница depth=4 — конечный статус не подтверждён."
100000008308418100,peripheral,0.4525911921708185,0,0.5454839857651246,"Периферийный узел: вход: 1 контр., 1 пер., 50000 KZT; выход: 0 контр., 0 пер., 0 KZT. Граница depth=4 — конечный статус не подтверждён."
100000008619159100,peripheral,0.4525911921708185,64,0.514139885026006,"Периферийный узел: вход: 1 контр., 2 пер., 446400 KZT; выход: 0 контр., 0 пер., 0 KZT. Граница depth=4 — конечный статус не подтверждён."
100000004418967100,peripheral,0.4525911921708185,10,0.5653094716671229,"Периферийный узел: вход: 1 контр., 1 пер., 100000 KZT; выход: 0 контр., 0 пер., 0 KZT. Граница depth=4 — конечный статус не подтверждён."
100000003173783100,peripheral,0.4525911921708185,30,0.4522810019162333,"Периферийный узел: вход: 1 контр., 2 пер., 23500 KZT; выход: 0 контр., 0 пер., 0 KZT. Граница depth=4 — конечный статус не подтверждён."
100000002242455100,peripheral,0.4525911921708185,4,0.5999871338625788,"Периферийный узел: вход: 1 контр., 1 пер., 110000 KZT; выход: 0 контр., 0 пер., 0 KZT. Граница depth=4 — конечный статус не подтверждён."
100000004848236100,peripheral,0.4525911921708185,0,0.3766672597864769,"Периферийный узел: вход: 1 контр., 1 пер., 7500 KZT; выход: 0 контр., 0 пер., 0 KZT. Граница depth=4 — конечный статус не подтверждён."
100000004674412100,peripheral,0.4525911921708185,12,0.548368258965234,"Периферийный узел: вход: 1 контр., 1 пер., 46000 KZT; выход: 0 контр., 0 пер., 0 KZT. Граница depth=4 — конечный статус не подтверждён."
100000007071852100,peripheral,0.4525911921708185,8,0.5857723104297838,"Периферийный узел: вход: 1 контр., 1 пер., 195000 KZT; выход: 0 контр., 0 пер., 0 KZT. Граница depth=4 — конечный статус не подтверждён."
100000001498732100,peripheral,0.4525911921708185,50,0.22089255406515193,"Периферийный узел: вход: 1 контр., 1 пер., 5500 KZT; выход: 0 контр., 0 пер., 0 KZT. Граница depth=4 — конечный статус не подтверждён."
100000000627521100,peripheral,0.4525911921708185,38,0.1867049000821243,"Периферийный узел: вход: 1 контр., 1 пер., 6500 KZT; выход: 0 контр., 0 пер., 0 KZT. Граница depth=4 — конечный статус не подтверждён."
100000003105089100,peripheral,0.4525911921708185,22,0.32736206542567753,"Периферийный узел: вход: 1 контр., 1 пер., 10000 KZT; выход: 0 контр., 0 пер., 0 KZT. Граница depth=4 — конечный статус не подтверждён."
100000003166017100,peripheral,0.4525911921708185,7,0.2942928757185874,"Периферийный узел: вход: 1 контр., 1 пер., 15000 KZT; выход: 0 контр., 0 пер., 0 KZT. Граница depth=4 — конечный статус не подтверждён."
100000002506987100,peripheral,0.4525911921708185,7,0.3555584451136053,"Периферийный узел: вход: 1 контр., 1 пер., 28200 KZT; выход: 0 контр., 0 пер., 0 KZT. Граница depth=4 — конечный статус не подтверждён."
100000005767403100,peripheral,0.4525911921708185,46,0.6789154119901452,"Периферийный узел: вход: 1 контр., 2 пер., 1100000 KZT; выход: 0 контр., 0 пер., 0 KZT. Граница depth=4 — конечный статус не подтверждён."
100000005553088100,peripheral,0.4525911921708185,8,0.32220380509170543,"Периферийный узел: вход: 1 контр., 1 пер., 17500 KZT; выход: 0 контр., 0 пер., 0 KZT. Граница depth=4 — конечный статус не подтверждён."
100000003632533100,peripheral,0.4525911921708185,4,0.4925004790583083,"Периферийный узел: вход: 1 контр., 1 пер., 10000 KZT; выход: 0 контр., 0 пер., 0 KZT. Граница depth=4 — конечный статус не подтверждён."
100000008762005100,peripheral,0.4525911921708185,9,0.21328955652888038,"Периферийный узел: вход: 1 контр., 1 пер., 5000 KZT; выход: 0 контр., 0 пер., 0 KZT. Граница depth=4 — конечный статус не подтверждён."
100000002214207100,peripheral,0.4525911921708185,36,0.6142661511086778,"Периферийный узел: вход: 1 контр., 1 пер., 97000 KZT; выход: 0 контр., 0 пер., 0 KZT. Граница depth=4 — конечный статус не подтверждён."
100000003180820100,peripheral,0.4525911921708185,9,0.4085128661374213,"Периферийный узел: вход: 1 контр., 1 пер., 101000 KZT; выход: 0 контр., 0 пер., 0 KZT. Граница depth=4 — конечный статус не подтверждён."
100000003786516100,peripheral,0.4525911921708185,0,0.3008140569395018,"Периферийный узел: вход: 1 контр., 1 пер., 5000 KZT; выход: 0 контр., 0 пер., 0 KZT. Граница depth=4 — конечный статус не подтверждён."
100000005226217100,peripheral,0.4525911921708185,9,0.48084293731179856,"Периферийный узел: вход: 1 контр., 1 пер., 17500 KZT; выход: 0 контр., 0 пер., 0 KZT. Граница depth=4 — конечный статус не подтверждён."
100000001533161100,peripheral,0.4525911921708185,43,0.4584349849438818,"Периферийный узел: вход: 1 контр., 1 пер., 100000 KZT; выход: 0 контр., 0 пер., 0 KZT. Граница depth=4 — конечный статус не подтверждён."
100000007034089100,peripheral,0.5641347864768683,9,0.5271916917601971,"Периферийный узел: вход: 2 контр., 2 пер., 198000 KZT; выход: 0 контр., 0 пер., 0 KZT. Граница depth=4 — конечный статус не подтверждён."
100000008336318100,peripheral,0.4525911921708185,9,0.5022975636463181,"Периферийный узел: вход: 1 контр., 1 пер., 170000 KZT; выход: 0 контр., 0 пер., 0 KZT. Граница depth=4 — конечный статус не подтверждён."
100000005370558100,peripheral,0.4525911921708185,4,0.33479229400492744,"Периферийный узел: вход: 1 контр., 1 пер., 5000 KZT; выход: 0 контр., 0 пер., 0 KZT. Граница depth=4 — конечный статус не подтверждён."
100000002729875100,peripheral,0.4525911921708185,7,0.4584365589926088,"Периферийный узел: вход: 1 контр., 1 пер., 76000 KZT; выход: 0 контр., 0 пер., 0 KZT. Граница depth=4 — конечный статус не подтверждён."
100000006512787100,peripheral,0.4525911921708185,0,0.5418941281138792,"Периферийный узел: вход: 1 контр., 2 пер., 20000 KZT; выход: 0 контр., 0 пер., 0 KZT. Граница depth=4 — конечный статус не подтверждён."
100000003186579100,peripheral,0.4525911921708185,8,0.5860071858746237,"Периферийный узел: вход: 1 контр., 2 пер., 110000 KZT; выход: 0 контр., 0 пер., 0 KZT. Граница depth=4 — конечный статус не подтверждён."
100000004472936100,peripheral,0.4525911921708185,14,0.5135012318642211,"Периферийный узел: вход: 1 контр., 1 пер., 5000 KZT; выход: 0 контр., 0 пер., 0 KZT. Граница depth=4 — конечный статус не подтверждён."
100000002231144100,peripheral,0.4525911921708185,22,0.45757336435806184,"Периферийный узел: вход: 1 контр., 1 пер., 15000 KZT; выход: 0 контр., 0 пер., 0 KZT. Граница depth=4 — конечный статус не подтверждён."
100000002505277100,peripheral,0.4525911921708185,61,0.4951785860936218,"Периферийный узел: вход: 1 контр., 1 пер., 60000 KZT; выход: 0 контр., 0 пер., 0 KZT. Граница depth=4 — конечный статус не подтверждён."
100000003177533100,peripheral,0.4525911921708185,8,0.45062017519846703,"Периферийный узел: вход: 1 контр., 3 пер., 20000 KZT; выход: 0 контр., 0 пер., 0 KZT. Граница depth=4 — конечный статус не подтверждён."
100000005888829100,peripheral,0.4525911921708185,9,0.4741222967424035,"Периферийный узел: вход: 1 контр., 1 пер., 197000 KZT; выход: 0 контр., 0 пер., 0 KZT. Граница depth=4 — конечный статус не подтверждён."
100000002242066100,peripheral,0.4525911921708185,34,0.5619591431699974,"Периферийный узел: вход: 1 контр., 1 пер., 60000 KZT; выход: 0 контр., 0 пер., 0 KZT. Граница depth=4 — конечный статус не подтверждён."
100000008027922100,peripheral,0.4525911921708185,23,0.5573601834108951,"Периферийный узел: вход: 1 контр., 1 пер., 70000 KZT; выход: 0 контр., 0 пер., 0 KZT. Граница depth=4 — конечный статус не подтверждён."
100000002686226100,peripheral,0.4525911921708185,16,0.6629761155214892,"Периферийный узел: вход: 1 контр., 2 пер., 430000 KZT; выход: 0 контр., 0 пер., 0 KZT. Граница depth=4 — конечный статус не подтверждён."
100000001065234100,peripheral,0.4525911921708185,56,0.6041463865316179,"Периферийный узел: вход: 1 контр., 1 пер., 360000 KZT; выход: 0 контр., 0 пер., 0 KZT. Граница depth=4 — конечный статус не подтверждён."
100000000424935100,peripheral,0.4525911921708185,28,0.3417880509170545,"Периферийный узел: вход: 1 контр., 1 пер., 15000 KZT; выход: 0 контр., 0 пер., 0 KZT. Граница depth=4 — конечный статус не подтверждён."
100000005723580100,peripheral,0.4525911921708185,10,0.47485573501231865,"Периферийный узел: вход: 1 контр., 1 пер., 35000 KZT; выход: 0 контр., 0 пер., 0 KZT. Граница depth=4 — конечный статус не подтверждён."
100000000704700100,peripheral,0.4525911921708185,25,0.5168833835203942,"Периферийный узел: вход: 1 контр., 1 пер., 10000 KZT; выход: 0 контр., 0 пер., 0 KZT. Граница depth=4 — конечный статус не подтверждён."
100000005293969100,peripheral,0.4525911921708185,0,0.518317615658363,"Периферийный узел: вход: 1 контр., 1 пер., 5467 KZT; выход: 0 контр., 0 пер., 0 KZT. Граница depth=4 — конечный статус не подтверждён."
100000002512742100,peripheral,0.4525911921708185,7,0.248238605255954,"Периферийный узел: вход: 1 контр., 1 пер., 6000 KZT; выход: 0 контр., 0 пер., 0 KZT. Граница depth=4 — конечный статус не подтверждён."
100000001816678100,peripheral,0.4525911921708185,2,0.44880703075098094,"Периферийный узел: вход: 1 контр., 1 пер., 60000 KZT; выход: 0 контр., 0 пер., 0 KZT. Граница depth=4 — конечный статус не подтверждён."
100000004586598100,peripheral,0.4525911921708185,67,0.6048100875992335,"Периферийный узел: вход: 1 контр., 4 пер., 761255 KZT; выход: 0 контр., 0 пер., 0 KZT. Граница depth=4 — конечный статус не подтверждён."
100000005782886100,peripheral,0.4525911921708185,9,0.4619461401587736,"Периферийный узел: вход: 1 контр., 1 пер., 14000 KZT; выход: 0 контр., 0 пер., 0 KZT. Граница depth=4 — конечный статус не подтверждён."
100000002622822100,peripheral,0.4525911921708185,17,0.6906766356419382,"Периферийный узел: вход: 1 контр., 1 пер., 750000 KZT; выход: 0 контр., 0 пер., 0 KZT. Граница depth=4 — конечный статус не подтверждён."
100000003718715100,peripheral,0.4525911921708185,14,0.6673980290172461,"Периферийный узел: вход: 1 контр., 3 пер., 915000 KZT; выход: 0 контр., 0 пер., 0 KZT. Граница depth=4 — конечный статус не подтверждён."
100000006491963100,peripheral,0.4525911921708185,7,0.32382801806734196,"Периферийный узел: вход: 1 контр., 3 пер., 16000 KZT; выход: 0 контр., 0 пер., 0 KZT. Граница depth=4 — конечный статус не подтверждён."
100000004526651100,peripheral,0.4525911921708185,9,0.30547460990966335,"Периферийный узел: вход: 1 контр., 1 пер., 33000 KZT; выход: 0 контр., 0 пер., 0 KZT. Граница depth=4 — конечный статус не подтверждён."
100000008331280100,peripheral,0.4525911921708185,27,0.43081111415275114,"Периферийный узел: вход: 1 контр., 2 пер., 41000 KZT; выход: 0 контр., 0 пер., 0 KZT. Граница depth=4 — конечный статус не подтверждён."
100000004177936100,peripheral,0.4525911921708185,8,0.4312740897892144,"Периферийный узел: вход: 1 контр., 1 пер., 10000 KZT; выход: 0 контр., 0 пер., 0 KZT. Граница depth=4 — конечный статус не подтверждён."
100000002922000100,peripheral,0.4525911921708185,43,0.5763175472214619,"Периферийный узел: вход: 1 контр., 1 пер., 448000 KZT; выход: 0 контр., 0 пер., 0 KZT. Граница depth=4 — конечный статус не подтверждён."
100000002404112100,peripheral,0.4525911921708185,27,0.46443655899260883,"Периферийный узел: вход: 1 контр., 1 пер., 60000 KZT; выход: 0 контр., 0 пер., 0 KZT. Граница depth=4 — конечный статус не подтверждён."
100000000634341100,peripheral,0.4525911921708185,0,0.5728638790035587,"Периферийный узел: вход: 1 контр., 2 пер., 24000 KZT; выход: 0 контр., 0 пер., 0 KZT. Граница depth=4 — конечный статус не подтверждён."
100000001822650100,peripheral,0.4525911921708185,9,0.44216055297016155,"Периферийный узел: вход: 1 контр., 1 пер., 112000 KZT; выход: 0 контр., 0 пер., 0 KZT. Граница depth=4 — конечный статус не подтверждён."
100000004791226100,peripheral,0.4525911921708185,0,0.5583443060498221,"Периферийный узел: вход: 1 контр., 1 пер., 20000 KZT; выход: 0 контр., 0 пер., 0 KZT. Граница depth=4 — конечный статус не подтверждён."
100000007841978100,peripheral,0.4525911921708185,4,0.6211748562825077,"Периферийный узел: вход: 1 контр., 1 пер., 449000 KZT; выход: 0 контр., 0 пер., 0 KZT. Граница depth=4 — конечный статус не подтверждён."
100000006866831100,peripheral,0.4525911921708185,8,0.4720214207500684,"Периферийный узел: вход: 1 контр., 1 пер., 16500 KZT; выход: 0 контр., 0 пер., 0 KZT. Граница depth=4 — конечный статус не подтверждён."
100000002999140100,peripheral,0.4525911921708185,11,0.2622926361894333,"Периферийный узел: вход: 1 контр., 2 пер., 10000 KZT; выход: 0 контр., 0 пер., 0 KZT. Граница depth=4 — конечный статус не подтверждён."
100000002884708100,peripheral,0.4525911921708185,10,0.6655897207774433,"Периферийный узел: вход: 1 контр., 2 пер., 1171644 KZT; выход: 0 контр., 0 пер., 0 KZT. Граница depth=4 — конечный статус не подтверждён."
100000001130553100,peripheral,0.4525911921708185,4,0.5530743224746784,"Периферийный узел: вход: 1 контр., 2 пер., 18000 KZT; выход: 0 контр., 0 пер., 0 KZT. Граница depth=4 — конечный статус не подтверждён."
100000006351075100,peripheral,0.4525911921708185,39,0.2975278538187791,"Периферийный узел: вход: 1 контр., 2 пер., 40000 KZT; выход: 0 контр., 0 пер., 0 KZT. Граница depth=4 — конечный статус не подтверждён."
100000005616568100,peripheral,0.4525911921708185,4,0.6047513687380237,"Периферийный узел: вход: 1 контр., 1 пер., 530000 KZT; выход: 0 контр., 0 пер., 0 KZT. Граница depth=4 — конечный статус не подтверждён."
100000006381453100,peripheral,0.4525911921708185,9,0.5937922255680261,"Периферийный узел: вход: 1 контр., 1 пер., 45000 KZT; выход: 0 контр., 0 пер., 0 KZT. Граница depth=4 — конечный статус не подтверждён."
100000004616845100,peripheral,0.4525911921708185,55,0.23296756090884208,"Периферийный узел: вход: 1 контр., 2 пер., 20200 KZT; выход: 0 контр., 0 пер., 0 KZT. Граница depth=4 — конечный статус не подтверждён."
100000004908173100,peripheral,0.4525911921708185,10,0.42913064604434714,"Периферийный узел: вход: 1 контр., 1 пер., 21000 KZT; выход: 0 контр., 0 пер., 0 KZT. Граница depth=4 — конечный статус не подтверждён."
100000004433250100,peripheral,0.4525911921708185,0,0.37047064056939505,"Периферийный узел: вход: 1 контр., 1 пер., 8000 KZT; выход: 0 контр., 0 пер., 0 KZT. Граница depth=4 — конечный статус не подтверждён."
100000003664994100,peripheral,0.4525911921708185,40,0.5497787434984944,"Периферийный узел: вход: 1 контр., 2 пер., 338271 KZT; выход: 0 контр., 0 пер., 0 KZT. Граница depth=4 — конечный статус не подтверждён."
100000004673335100,peripheral,0.4525911921708185,30,0.5567382972898988,"Периферийный узел: вход: 1 контр., 1 пер., 80000 KZT; выход: 0 контр., 0 пер., 0 KZT. Граница depth=4 — конечный статус не подтверждён."
100000002487222100,peripheral,0.4525911921708185,4,0.4494488776348207,"Периферийный узел: вход: 1 контр., 2 пер., 90000 KZT; выход: 0 контр., 0 пер., 0 KZT. Граница depth=4 — конечный статус не подтверждён."
100000000018102100,peripheral,0.4525911921708185,8,0.40524206131946344,"Периферийный узел: вход: 1 контр., 1 пер., 7000 KZT; выход: 0 контр., 0 пер., 0 KZT. Граница depth=4 — конечный статус не подтверждён."
100000008638859100,peripheral,0.4525911921708185,4,0.5828023770417009,"Периферийный узел: вход: 1 контр., 1 пер., 34000 KZT; выход: 0 контр., 0 пер., 0 KZT. Граница depth=4 — конечный статус не подтверждён."
100000001131403100,peripheral,0.4525911921708185,55,0.6162460306597318,"Периферийный узел: вход: 1 контр., 3 пер., 1570000 KZT; выход: 0 контр., 0 пер., 0 KZT. Граница depth=4 — конечный статус не подтверждён."
100000001733216100,peripheral,0.4525911921708185,61,0.4951785860936218,"Периферийный узел: вход: 1 контр., 2 пер., 60000 KZT; выход: 0 контр., 0 пер., 0 KZT. Граница depth=4 — конечный статус не подтверждён."
100000004400480100,peripheral,0.4525911921708185,13,0.5213647686832741,"Периферийный узел: вход: 1 контр., 1 пер., 21700 KZT; выход: 0 контр., 0 пер., 0 KZT. Граница depth=4 — конечный статус не подтверждён."
100000007539296100,peripheral,0.4525911921708185,4,0.592584998631262,"Периферийный узел: вход: 1 контр., 2 пер., 46000 KZT; выход: 0 контр., 0 пер., 0 KZT. Граница depth=4 — конечный статус не подтверждён."
100000008757301100,peripheral,0.4525911921708185,0,0.5801637010676157,"Периферийный узел: вход: 1 контр., 3 пер., 58398 KZT; выход: 0 контр., 0 пер., 0 KZT. Граница depth=4 — конечный статус не подтверждён."
100000002752565100,peripheral,0.4525911921708185,8,0.48718156309882293,"Периферийный узел: вход: 1 контр., 1 пер., 57000 KZT; выход: 0 контр., 0 пер., 0 KZT. Граница depth=4 — конечный статус не подтверждён."
100000002734815100,peripheral,0.4525911921708185,9,0.4576534355324391,"Периферийный узел: вход: 1 контр., 1 пер., 110000 KZT; выход: 0 контр., 0 пер., 0 KZT. Граница depth=4 — конечный статус не подтверждён."
100000008333492100,peripheral,0.4525911921708185,17,0.5763127566383794,"Периферийный узел: вход: 1 контр., 1 пер., 216400 KZT; выход: 0 контр., 0 пер., 0 KZT. Граница depth=4 — конечный статус не подтверждён."
100000006527156100,peripheral,0.4525911921708185,45,0.34019210238160413,"Периферийный узел: вход: 1 контр., 1 пер., 48500 KZT; выход: 0 контр., 0 пер., 0 KZT. Граница depth=4 — конечный статус не подтверждён."
100000003448713100,peripheral,0.4525911921708185,8,0.4640270553882654,"Периферийный узел: вход: 1 контр., 1 пер., 266750 KZT; выход: 0 контр., 0 пер., 0 KZT. Граница depth=4 — конечный статус не подтверждён."
100000004780083100,peripheral,0.4525911921708185,58,0.2629230769230769,"Периферийный узел: вход: 1 контр., 1 пер., 9999 KZT; выход: 0 контр., 0 пер., 0 KZT. Граница depth=4 — конечный статус не подтверждён."
100000004798515100,peripheral,0.4525911921708185,11,0.5468700383246646,"Периферийный узел: вход: 1 контр., 2 пер., 200000 KZT; выход: 0 контр., 0 пер., 0 KZT. Граница depth=4 — конечный статус не подтверждён."
100000004232712100,peripheral,0.4525911921708185,4,0.5243999452504791,"Периферийный узел: вход: 1 контр., 1 пер., 12500 KZT; выход: 0 контр., 0 пер., 0 KZT. Граница depth=4 — конечный статус не подтверждён."
100000005209352100,peripheral,0.4525911921708185,0,0.48230115658362993,"Периферийный узел: вход: 1 контр., 1 пер., 5000 KZT; выход: 0 контр., 0 пер., 0 KZT. Граница depth=4 — конечный статус не подтверждён."
100000000561160100,peripheral,0.4525911921708185,2,0.6008088101104115,"Периферийный узел: вход: 1 контр., 1 пер., 240000 KZT; выход: 0 контр., 0 пер., 0 KZT. Граница depth=4 — конечный статус не подтверждён."
100000003568904100,peripheral,0.4525911921708185,14,0.569132904462086,"Периферийный узел: вход: 1 контр., 1 пер., 49000 KZT; выход: 0 контр., 0 пер., 0 KZT. Граница depth=4 — конечный статус не подтверждён."
100000000470237100,peripheral,0.4525911921708185,28,0.5718369833013961,"Периферийный узел: вход: 1 контр., 1 пер., 32500 KZT; выход: 0 контр., 0 пер., 0 KZT. Граница depth=4 — конечный статус не подтверждён."
100000008560263100,peripheral,0.4525911921708185,4,0.4629986996988777,"Периферийный узел: вход: 1 контр., 1 пер., 100000 KZT; выход: 0 контр., 0 пер., 0 KZT. Граница depth=4 — конечный статус не подтверждён."
100000000542087100,peripheral,0.4525911921708185,35,0.19536490555707636,"Периферийный узел: вход: 1 контр., 1 пер., 8507 KZT; выход: 0 контр., 0 пер., 0 KZT. Граница depth=4 — конечный статус не подтверждён."
100000004403548100,peripheral,0.4525911921708185,8,0.4517589652340542,"Периферийный узел: вход: 1 контр., 1 пер., 5000 KZT; выход: 0 контр., 0 пер., 0 KZT. Граница depth=4 — конечный статус не подтверждён."
100000003010908100,peripheral,0.4525911921708185,7,0.4959098686011497,"Периферийный узел: вход: 1 контр., 1 пер., 17000 KZT; выход: 0 контр., 0 пер., 0 KZT. Граница depth=4 — конечный статус не подтверждён."
100000006756956100,peripheral,0.4525911921708185,0,0.4740332147093713,"Периферийный узел: вход: 1 контр., 9 пер., 121200 KZT; выход: 0 контр., 0 пер., 0 KZT. Граница depth=4 — конечный статус не подтверждён."
100000007357489100,peripheral,0.5641347864768683,9,0.5037441828634,"Периферийный узел: вход: 2 контр., 2 пер., 164500 KZT; выход: 0 контр., 0 пер., 0 KZT. Граница depth=4 — конечный статус не подтверждён."
100000002599729100,peripheral,0.4525911921708185,0,0.5684955516014234,"Периферийный узел: вход: 1 контр., 2 пер., 65000 KZT; выход: 0 контр., 0 пер., 0 KZT. Граница depth=4 — конечный статус не подтверждён."
100000005849862100,peripheral,0.4525911921708185,5,0.5462196824527785,"Периферийный узел: вход: 1 контр., 2 пер., 13000 KZT; выход: 0 контр., 0 пер., 0 KZT. Граница depth=4 — конечный статус не подтверждён."
100000008762843100,peripheral,0.4525911921708185,9,0.22267790172460994,"Периферийный узел: вход: 1 контр., 1 пер., 7000 KZT; выход: 0 контр., 0 пер., 0 KZT. Граница depth=4 — конечный статус не подтверждён."
100000002723674100,peripheral,0.4525911921708185,22,0.44058937859293734,"Периферийный узел: вход: 1 контр., 1 пер., 30000 KZT; выход: 0 контр., 0 пер., 0 KZT. Граница depth=4 — конечный статус не подтверждён."
100000008758106100,peripheral,0.4525911921708185,9,0.2277833287708733,"Периферийный узел: вход: 1 контр., 1 пер., 10000 KZT; выход: 0 контр., 0 пер., 0 KZT. Граница depth=4 — конечный статус не подтверждён."
100000001286703100,peripheral,0.4525911921708185,38,0.223915754174651,"Периферийный узел: вход: 1 контр., 1 пер., 20500 KZT; выход: 0 контр., 0 пер., 0 KZT. Граница depth=4 — конечный статус не подтверждён."
